country_code,year,gdp_growth_pct,gdp_per_capita_usd,internet_users_pct,country_name,region,income_level,capital_city,longitude,latitude,is_fragile_or_conflict
ABW,2000,7.62292064930222,20681.0230269625,15.4428229480349,Aruba,Latin America & Caribbean ,High income,Oranjestad,-70.0167,12.5167,False
ABW,2001,4.1820016304779,20740.1325828172,17.1,Aruba,Latin America & Caribbean ,High income,Oranjestad,-70.0167,12.5167,False
ABW,2002,-0.944953481157384,21307.2482505267,18.8,Aruba,Latin America & Caribbean ,High income,Oranjestad,-70.0167,12.5167,False
ABW,2003,1.11050459944282,21949.4859960868,20.8,Aruba,Latin America & Caribbean ,High income,Oranjestad,-70.0167,12.5167,False
ABW,2004,7.29372807096192,23700.6319899197,23.0,Aruba,Latin America & Caribbean ,High income,Oranjestad,-70.0167,12.5167,False
ABW,2005,-0.383137672063768,24171.8371325422,25.4,Aruba,Latin America & Caribbean ,High income,Oranjestad,-70.0167,12.5167,False
ABW,2006,1.12741146411624,24845.65848362,28.0,Aruba,Latin America & Caribbean ,High income,Oranjestad,-70.0167,12.5167,False
ABW,2007,3.0895443848509,26736.3089444046,30.9,Aruba,Latin America & Caribbean ,High income,Oranjestad,-70.0167,12.5167,False
ABW,2008,1.83575517191368,28171.9094008501,52.0,Aruba,Latin America & Caribbean ,High income,Oranjestad,-70.0167,12.5167,False
ABW,2009,-11.6777413693852,25134.7712303589,58.0,Aruba,Latin America & Caribbean ,High income,Oranjestad,-70.0167,12.5167,False
ABW,2010,-2.73345679250639,24093.1401510626,62.0,Aruba,Latin America & Caribbean ,High income,Oranjestad,-70.0167,12.5167,False
ABW,2011,3.36923718421511,25712.3843015186,69.0,Aruba,Latin America & Caribbean ,High income,Oranjestad,-70.0167,12.5167,False
ABW,2012,-1.04079988436683,25119.6655449838,74.0,Aruba,Latin America & Caribbean ,High income,Oranjestad,-70.0167,12.5167,False
ABW,2013,6.43146080719245,25813.5714408438,78.9,Aruba,Latin America & Caribbean ,High income,Oranjestad,-70.0167,12.5167,False
ABW,2014,1.42609951155575,26129.8390617693,83.78,Aruba,Latin America & Caribbean ,High income,Oranjestad,-70.0167,12.5167,False
ABW,2015,3.61147906591042,27458.2201537506,88.661226932496,Aruba,Latin America & Caribbean ,High income,Oranjestad,-70.0167,12.5167,False
ABW,2016,1.23433537363427,27441.5502144601,93.542453865048,Aruba,Latin America & Caribbean ,High income,Oranjestad,-70.0167,12.5167,False
ABW,2017,3.49342985290626,28440.0416881491,97.17,Aruba,Latin America & Caribbean ,High income,Oranjestad,-70.0167,12.5167,False
ABW,2018,3.21247111920076,30082.1584226798,,Aruba,Latin America & Caribbean ,High income,Oranjestad,-70.0167,12.5167,False
ABW,2019,1.22914408896015,30654.4851235397,,Aruba,Latin America & Caribbean ,High income,Oranjestad,-70.0167,12.5167,False
ABW,2020,-23.9400592677491,22664.3709949437,,Aruba,Latin America & Caribbean ,High income,Oranjestad,-70.0167,12.5167,False
ABW,2021,14.833691976226,26827.3447869986,,Aruba,Latin America & Caribbean ,High income,Oranjestad,-70.0167,12.5167,False
ABW,2022,10.6079607621246,31000.5713798732,,Aruba,Latin America & Caribbean ,High income,Oranjestad,-70.0167,12.5167,False
ABW,2023,9.51636022347185,34897.6183932009,,Aruba,Latin America & Caribbean ,High income,Oranjestad,-70.0167,12.5167,False
ABW,2024,6.81077669324554,38590.5650288641,,Aruba,Latin America & Caribbean ,High income,Oranjestad,-70.0167,12.5167,False
AFG,2000,,174.930991430166,,Afghanistan,"Middle East, North Africa, Afghanistan & Pakistan",Low income,Kabul,69.1761,34.5228,True
AFG,2001,-9.4319740700862,138.706821676113,0.00472256824217368,Afghanistan,"Middle East, North Africa, Afghanistan & Pakistan",Low income,Kabul,69.1761,34.5228,True
AFG,2002,28.6000011706788,178.954088379235,0.00456139517022146,Afghanistan,"Middle East, North Africa, Afghanistan & Pakistan",Low income,Kabul,69.1761,34.5228,True
AFG,2003,8.83227780288267,198.871115728727,0.0878912528559713,Afghanistan,"Middle East, North Africa, Afghanistan & Pakistan",Low income,Kabul,69.1761,34.5228,True
AFG,2004,1.41411799339429,221.763653873013,0.105809030021958,Afghanistan,"Middle East, North Africa, Afghanistan & Pakistan",Low income,Kabul,69.1761,34.5228,True
AFG,2005,11.2297148272859,254.184249149336,1.22414808372471,Afghanistan,"Middle East, North Africa, Afghanistan & Pakistan",Low income,Kabul,69.1761,34.5228,True
AFG,2006,5.35740324748592,274.218553561575,2.10712364546412,Afghanistan,"Middle East, North Africa, Afghanistan & Pakistan",Low income,Kabul,69.1761,34.5228,True
AFG,2007,13.8263195471281,376.223152003876,1.899999976,Afghanistan,"Middle East, North Africa, Afghanistan & Pakistan",Low income,Kabul,69.1761,34.5228,True
AFG,2008,3.92498381999467,381.73323802844,1.84,Afghanistan,"Middle East, North Africa, Afghanistan & Pakistan",Low income,Kabul,69.1761,34.5228,True
AFG,2009,21.3905283926492,452.053705477043,3.55,Afghanistan,"Middle East, North Africa, Afghanistan & Pakistan",Low income,Kabul,69.1761,34.5228,True
AFG,2010,14.3624414710737,560.621505463146,4.0,Afghanistan,"Middle East, North Africa, Afghanistan & Pakistan",Low income,Kabul,69.1761,34.5228,True
AFG,2011,0.426354776777345,606.694676337726,5.0,Afghanistan,"Middle East, North Africa, Afghanistan & Pakistan",Low income,Kabul,69.1761,34.5228,True
AFG,2012,12.7522870926697,651.417134470046,5.454500198,Afghanistan,"Middle East, North Africa, Afghanistan & Pakistan",Low income,Kabul,69.1761,34.5228,True
AFG,2013,5.60074465863221,637.087099117099,5.900000095,Afghanistan,"Middle East, North Africa, Afghanistan & Pakistan",Low income,Kabul,69.1761,34.5228,True
AFG,2014,2.72454336219565,625.054941813938,7.0,Afghanistan,"Middle East, North Africa, Afghanistan & Pakistan",Low income,Kabul,69.1761,34.5228,True
AFG,2015,1.45131466066431,565.569730408751,8.260000229,Afghanistan,"Middle East, North Africa, Afghanistan & Pakistan",Low income,Kabul,69.1761,34.5228,True
AFG,2016,2.26031420279821,522.082215583898,11.0,Afghanistan,"Middle East, North Africa, Afghanistan & Pakistan",Low income,Kabul,69.1761,34.5228,True
AFG,2017,2.6470032027451,525.469770891619,13.5,Afghanistan,"Middle East, North Africa, Afghanistan & Pakistan",Low income,Kabul,69.1761,34.5228,True
AFG,2018,1.18922812944517,491.337221382603,16.79999924,Afghanistan,"Middle East, North Africa, Afghanistan & Pakistan",Low income,Kabul,69.1761,34.5228,True
AFG,2019,3.91160341625552,496.6025042585,17.60000038,Afghanistan,"Middle East, North Africa, Afghanistan & Pakistan",Low income,Kabul,69.1761,34.5228,True
AFG,2020,-2.35110067203466,510.787063366811,17.04850006,Afghanistan,"Middle East, North Africa, Afghanistan & Pakistan",Low income,Kabul,69.1761,34.5228,True
AFG,2021,-20.7388393676343,356.496214115892,16.51429939,Afghanistan,"Middle East, North Africa, Afghanistan & Pakistan",Low income,Kabul,69.1761,34.5228,True
AFG,2022,-6.24017199240269,357.261152798144,15.86629963,Afghanistan,"Middle East, North Africa, Afghanistan & Pakistan",Low income,Kabul,69.1761,34.5228,True
AFG,2023,2.26694373649188,413.757894705303,15.92840004,Afghanistan,"Middle East, North Africa, Afghanistan & Pakistan",Low income,Kabul,69.1761,34.5228,True
AFG,2024,1.87319280045979,416.871146273728,16.09499931,Afghanistan,"Middle East, North Africa, Afghanistan & Pakistan",Low income,Kabul,69.1761,34.5228,True
AGO,2000,3.05462423452938,563.733795571487,0.105045562462262,Angola,Sub-Saharan Africa ,Lower middle income,Luanda,13.242,-8.81155,False
AGO,2001,4.20599855694861,533.586202412447,0.136013867429868,Angola,Sub-Saharan Africa ,Lower middle income,Luanda,13.242,-8.81155,False
AGO,2002,13.6656887610553,999.065855956628,0.270376745595134,Angola,Sub-Saharan Africa ,Lower middle income,Luanda,13.242,-8.81155,False
AGO,2003,3.48731240097521,1133.66331960414,0.370682065225727,Angola,Sub-Saharan Africa ,Lower middle income,Luanda,13.242,-8.81155,False
AGO,2004,11.4198633904585,1451.47117870872,0.464814617985909,Angola,Sub-Saharan Africa ,Lower middle income,Luanda,13.242,-8.81155,False
AGO,2005,14.1547775343954,2145.88621098663,1.143399954,Angola,Sub-Saharan Africa ,Lower middle income,Luanda,13.242,-8.81155,False
AGO,2006,11.8418178757042,2930.44428606516,1.5,Angola,Sub-Saharan Africa ,Lower middle income,Luanda,13.242,-8.81155,False
AGO,2007,13.0026889457976,3515.05678985496,1.700000048,Angola,Sub-Saharan Africa ,Lower middle income,Luanda,13.242,-8.81155,False
AGO,2008,10.7866360496581,4578.15526451058,1.899999976,Angola,Sub-Saharan Africa ,Lower middle income,Luanda,13.242,-8.81155,False
AGO,2009,1.99558909788963,3645.14846565169,2.299999952,Angola,Sub-Saharan Africa ,Lower middle income,Luanda,13.242,-8.81155,False
AGO,2010,5.29366572819954,4101.63715564669,2.799999952,Angola,Sub-Saharan Africa ,Lower middle income,Luanda,13.242,-8.81155,False
AGO,2011,3.59386960240222,5184.15269151846,4.699999809,Angola,Sub-Saharan Africa ,Lower middle income,Luanda,13.242,-8.81155,False
AGO,2012,8.50312283866612,5702.45306277434,7.699999809,Angola,Sub-Saharan Africa ,Lower middle income,Luanda,13.242,-8.81155,False
AGO,2013,4.88306129688392,5688.57916213471,13.0,Angola,Sub-Saharan Africa ,Lower middle income,Luanda,13.242,-8.81155,False
AGO,2014,4.65572356315585,5649.68762467535,21.3623407584103,Angola,Sub-Saharan Africa ,Lower middle income,Luanda,13.242,-8.81155,False
AGO,2015,0.763177710914789,3641.72893920253,22.0,Angola,Sub-Saharan Africa ,Lower middle income,Luanda,13.242,-8.81155,False
AGO,2016,-0.233076954805284,2082.37343594705,23.20000076,Angola,Sub-Saharan Africa ,Lower middle income,Luanda,13.242,-8.81155,False
AGO,2017,-0.164688656961076,2832.14997950512,26.0,Angola,Sub-Saharan Africa ,Lower middle income,Luanda,13.242,-8.81155,False
AGO,2018,-0.506697543616156,2891.83032378747,29.0,Angola,Sub-Saharan Africa ,Lower middle income,Luanda,13.242,-8.81155,False
AGO,2019,-1.05523414494337,2507.86807213642,32.12939835,Angola,Sub-Saharan Africa ,Lower middle income,Luanda,13.242,-8.81155,False
AGO,2020,-5.27349128300007,1749.1794838482,33.32089996,Angola,Sub-Saharan Africa ,Lower middle income,Luanda,13.242,-8.81155,False
AGO,2021,1.09058369944815,2266.96834861584,34.55649948,Angola,Sub-Saharan Africa ,Lower middle income,Luanda,13.242,-8.81155,False
AGO,2022,3.55749206675667,3598.53669077341,35.83800125,Angola,Sub-Saharan Africa ,Lower middle income,Luanda,13.242,-8.81155,False
AGO,2023,1.32016587081031,2885.51349130806,37.88589859,Angola,Sub-Saharan Africa ,Lower middle income,Luanda,13.242,-8.81155,False
AGO,2024,4.95267860425956,2720.81900669715,40.70479965,Angola,Sub-Saharan Africa ,Lower middle income,Luanda,13.242,-8.81155,False
ALB,2000,7.46285871776054,1160.42047054038,0.114097346552109,Albania,Europe & Central Asia,Upper middle income,Tirane,19.8172,41.3317,False
ALB,2001,8.8637306604876,1326.41652388077,0.325798377067964,Albania,Europe & Central Asia,Upper middle income,Tirane,19.8172,41.3317,False
ALB,2002,4.62839587394552,1479.83884572006,0.39008127343332,Albania,Europe & Central Asia,Upper middle income,Tirane,19.8172,41.3317,False
ALB,2003,5.33326426009945,1908.69900687608,0.971900415195857,Albania,Europe & Central Asia,Upper middle income,Tirane,19.8172,41.3317,False
ALB,2004,5.26626173860785,2446.90949947798,2.42038779776014,Albania,Europe & Central Asia,Upper middle income,Tirane,19.8172,41.3317,False
ALB,2005,5.13082193056189,2741.72136549578,6.04389086404814,Albania,Europe & Central Asia,Upper middle income,Tirane,19.8172,41.3317,False
ALB,2006,6.0189812403864,3057.77257038113,9.609999657,Albania,Europe & Central Asia,Upper middle income,Tirane,19.8172,41.3317,False
ALB,2007,6.50009261158209,3743.05529896187,15.03610039,Albania,Europe & Central Asia,Upper middle income,Tirane,19.8172,41.3317,False
ALB,2008,6.90706230713707,4498.50486763601,23.86,Albania,Europe & Central Asia,Upper middle income,Tirane,19.8172,41.3317,False
ALB,2009,2.69075152362146,4213.65007574693,41.2,Albania,Europe & Central Asia,Upper middle income,Tirane,19.8172,41.3317,False
ALB,2010,2.97315442681247,4149.14469936847,45.0,Albania,Europe & Central Asia,Upper middle income,Tirane,19.8172,41.3317,False
ALB,2011,2.46351683915714,4465.70914328865,47.0,Albania,Europe & Central Asia,Upper middle income,Tirane,19.8172,41.3317,False
ALB,2012,0.984129880204108,4280.93316338873,49.40000153,Albania,Europe & Central Asia,Upper middle income,Tirane,19.8172,41.3317,False
ALB,2013,1.7072283175406,4542.92903556739,51.79999924,Albania,Europe & Central Asia,Upper middle income,Tirane,19.8172,41.3317,False
ALB,2014,2.24022695382642,4793.59751131525,54.29999924,Albania,Europe & Central Asia,Upper middle income,Tirane,19.8172,41.3317,False
ALB,2015,2.2277040745779,4199.53912925398,56.90000153,Albania,Europe & Central Asia,Upper middle income,Tirane,19.8172,41.3317,False
ALB,2016,3.90893551362245,4457.63412207495,59.59999847,Albania,Europe & Central Asia,Upper middle income,Tirane,19.8172,41.3317,False
ALB,2017,3.28317593330073,5006.36012951959,62.40000153,Albania,Europe & Central Asia,Upper middle income,Tirane,19.8172,41.3317,False
ALB,2018,3.67141928098908,5897.65452588774,65.40000153,Albania,Europe & Central Asia,Upper middle income,Tirane,19.8172,41.3317,False
ALB,2019,2.06257790176122,6069.43903131027,68.5503911218006,Albania,Europe & Central Asia,Upper middle income,Tirane,19.8172,41.3317,False
ALB,2020,-3.31375636888916,6027.91350716348,72.23767711,Albania,Europe & Central Asia,Upper middle income,Tirane,19.8172,41.3317,False
ALB,2021,8.96957619074095,7242.45513146613,79.32371752,Albania,Europe & Central Asia,Upper middle income,Tirane,19.8172,41.3317,False
ALB,2022,4.8268006234359,7756.96188744253,82.61367544,Albania,Europe & Central Asia,Upper middle income,Tirane,19.8172,41.3317,False
ALB,2023,4.01541716935742,9740.7023414631,83.13559161,Albania,Europe & Central Asia,Upper middle income,Tirane,19.8172,41.3317,False
ALB,2024,4.04592845095348,11374.0085781236,85.86389923,Albania,Europe & Central Asia,Upper middle income,Tirane,19.8172,41.3317,False
AND,2000,3.52836236122388,21810.2487426174,10.53883560922,Andorra,Europe & Central Asia,High income,Andorra la Vella,1.5218,42.5075,False
AND,2001,8.11935772169949,23511.2951466328,,Andorra,Europe & Central Asia,High income,Andorra la Vella,1.5218,42.5075,False
AND,2002,4.54636221364653,26528.1301571494,11.2604687170103,Andorra,Europe & Central Asia,High income,Andorra la Vella,1.5218,42.5075,False
AND,2003,8.69420371612468,34063.5784040571,13.546412876439,Andorra,Europe & Central Asia,High income,Andorra la Vella,1.5218,42.5075,False
AND,2004,8.13567633837351,39021.1278078772,26.8379543894637,Andorra,Europe & Central Asia,High income,Andorra la Vella,1.5218,42.5075,False
AND,2005,5.39779598500422,40829.801878928,37.6057662174867,Andorra,Europe & Central Asia,High income,Andorra la Vella,1.5218,42.5075,False
AND,2006,4.80868869916921,43467.210990395,48.9368469989479,Andorra,Europe & Central Asia,High income,Andorra la Vella,1.5218,42.5075,False
AND,2007,1.55318814103222,48336.2283340364,70.87,Andorra,Europe & Central Asia,High income,Andorra la Vella,1.5218,42.5075,False
AND,2008,-5.55918636850581,49132.5157047203,70.04,Andorra,Europe & Central Asia,High income,Andorra la Vella,1.5218,42.5075,False
AND,2009,-5.30284654348291,43975.0183658196,78.53,Andorra,Europe & Central Asia,High income,Andorra la Vella,1.5218,42.5075,False
AND,2010,-1.97495799965345,42746.830952263,81.0,Andorra,Europe & Central Asia,High income,Andorra la Vella,1.5218,42.5075,False
AND,2011,-0.00806975341139093,46657.1561204071,81.0,Andorra,Europe & Central Asia,High income,Andorra la Vella,1.5218,42.5075,False
AND,2012,-4.97444371853503,41500.5435782722,82.69999695,Andorra,Europe & Central Asia,High income,Andorra la Vella,1.5218,42.5075,False
AND,2013,-3.54759651549344,42470.3161158563,84.40000153,Andorra,Europe & Central Asia,High income,Andorra la Vella,1.5218,42.5075,False
AND,2014,2.50446552114518,44369.6596894579,86.09999847,Andorra,Europe & Central Asia,High income,Andorra la Vella,1.5218,42.5075,False
AND,2015,1.43414039522716,38654.9347217207,87.90000153,Andorra,Europe & Central Asia,High income,Andorra la Vella,1.5218,42.5075,False
AND,2016,3.70967806978986,40129.8192026671,89.69999695,Andorra,Europe & Central Asia,High income,Andorra la Vella,1.5218,42.5075,False
AND,2017,0.346071889630295,40672.9943362327,91.5674670273926,Andorra,Europe & Central Asia,High income,Andorra la Vella,1.5218,42.5075,False
AND,2018,1.58876549046354,42819.774579353,93.5,Andorra,Europe & Central Asia,High income,Andorra la Vella,1.5218,42.5075,False
AND,2019,2.01554763848308,41257.8045861543,90.71869659,Andorra,Europe & Central Asia,High income,Andorra la Vella,1.5218,42.5075,False
AND,2020,-11.1839399355384,37361.090067211,93.20570374,Andorra,Europe & Central Asia,High income,Andorra la Vella,1.5218,42.5075,False
AND,2021,8.28677879049404,42425.6996761083,93.89749908,Andorra,Europe & Central Asia,High income,Andorra la Vella,1.5218,42.5075,False
AND,2022,9.56461225648184,42414.0590111349,94.05169678,Andorra,Europe & Central Asia,High income,Andorra la Vella,1.5218,42.5075,False
AND,2023,2.58355480961319,46812.448450114,94.21499634,Andorra,Europe & Central Asia,High income,Andorra la Vella,1.5218,42.5075,False
AND,2024,3.8491605039052,49357.437070178,94.39759827,Andorra,Europe & Central Asia,High income,Andorra la Vella,1.5218,42.5075,False
ARE,2000,10.852837927302,29865.5285002232,23.6253008751553,United Arab Emirates,"Middle East, North Africa, Afghanistan & Pakistan",High income,Abu Dhabi,54.3705,24.4764,False
ARE,2001,1.39892161061073,27745.1684523079,26.2717542010006,United Arab Emirates,"Middle East, North Africa, Afghanistan & Pakistan",High income,Abu Dhabi,54.3705,24.4764,False
ARE,2002,2.43337487237925,27753.5810466782,28.3164853110439,United Arab Emirates,"Middle East, North Africa, Afghanistan & Pakistan",High income,Abu Dhabi,54.3705,24.4764,False
ARE,2003,8.80057809996346,29659.5710296993,29.4779534120864,United Arab Emirates,"Middle East, North Africa, Afghanistan & Pakistan",High income,Abu Dhabi,54.3705,24.4764,False
ARE,2004,9.56652626277928,33376.6880534412,30.1312961695367,United Arab Emirates,"Middle East, North Africa, Afghanistan & Pakistan",High income,Abu Dhabi,54.3705,24.4764,False
ARE,2005,4.85513657996815,38719.3138285388,40.0,United Arab Emirates,"Middle East, North Africa, Afghanistan & Pakistan",High income,Abu Dhabi,54.3705,24.4764,False
ARE,2006,9.83727922860218,44342.603055045,52.0,United Arab Emirates,"Middle East, North Africa, Afghanistan & Pakistan",High income,Abu Dhabi,54.3705,24.4764,False
ARE,2007,3.18441281459761,45854.7352436978,61.0,United Arab Emirates,"Middle East, North Africa, Afghanistan & Pakistan",High income,Abu Dhabi,54.3705,24.4764,False
ARE,2008,3.19181235452885,50054.1700685968,63.0,United Arab Emirates,"Middle East, North Africa, Afghanistan & Pakistan",High income,Abu Dhabi,54.3705,24.4764,False
ARE,2009,-5.2429219073683,37803.0663737818,64.0,United Arab Emirates,"Middle East, North Africa, Afghanistan & Pakistan",High income,Abu Dhabi,54.3705,24.4764,False
ARE,2010,1.60285004336325,44795.2846234991,68.0,United Arab Emirates,"Middle East, North Africa, Afghanistan & Pakistan",High income,Abu Dhabi,54.3705,24.4764,False
ARE,2011,6.73651167897515,51921.8890746408,78.0,United Arab Emirates,"Middle East, North Africa, Afghanistan & Pakistan",High income,Abu Dhabi,54.3705,24.4764,False
ARE,2012,4.68325642918792,53141.6251661086,84.9999915049492,United Arab Emirates,"Middle East, North Africa, Afghanistan & Pakistan",High income,Abu Dhabi,54.3705,24.4764,False
ARE,2013,4.9184505919085,53247.2278745159,88.0,United Arab Emirates,"Middle East, North Africa, Afghanistan & Pakistan",High income,Abu Dhabi,54.3705,24.4764,False
ARE,2014,4.63291785879667,52725.2307981936,90.4000107121939,United Arab Emirates,"Middle East, North Africa, Afghanistan & Pakistan",High income,Abu Dhabi,54.3705,24.4764,False
ARE,2015,7.08766622657654,44910.3458860776,90.5,United Arab Emirates,"Middle East, North Africa, Afghanistan & Pakistan",High income,Abu Dhabi,54.3705,24.4764,False
ARE,2016,5.65790147196586,42721.1136110991,90.6000073180483,United Arab Emirates,"Middle East, North Africa, Afghanistan & Pakistan",High income,Abu Dhabi,54.3705,24.4764,False
ARE,2017,-1.06137114472548,43733.6242018215,94.8199225383446,United Arab Emirates,"Middle East, North Africa, Afghanistan & Pakistan",High income,Abu Dhabi,54.3705,24.4764,False
ARE,2018,1.53720634021511,47135.3478795605,98.4500017817194,United Arab Emirates,"Middle East, North Africa, Afghanistan & Pakistan",High income,Abu Dhabi,54.3705,24.4764,False
ARE,2019,1.27129120536284,45938.6084572227,99.1499979561243,United Arab Emirates,"Middle East, North Africa, Afghanistan & Pakistan",High income,Abu Dhabi,54.3705,24.4764,False
ARE,2020,-8.69343363776639,37991.738387966,100.0,United Arab Emirates,"Middle East, North Africa, Afghanistan & Pakistan",High income,Abu Dhabi,54.3705,24.4764,False
ARE,2021,4.55280140106356,44118.4936214315,100.0,United Arab Emirates,"Middle East, North Africa, Afghanistan & Pakistan",High income,Abu Dhabi,54.3705,24.4764,False
ARE,2022,7.51452414254605,50759.7590190204,100.0,United Arab Emirates,"Middle East, North Africa, Afghanistan & Pakistan",High income,Abu Dhabi,54.3705,24.4764,False
ARE,2023,4.30113648499413,49850.6945082084,100.0,United Arab Emirates,"Middle East, North Africa, Afghanistan & Pakistan",High income,Abu Dhabi,54.3705,24.4764,False
ARE,2024,3.99181200361831,50273.5126243239,100.0,United Arab Emirates,"Middle East, North Africa, Afghanistan & Pakistan",High income,Abu Dhabi,54.3705,24.4764,False
ARG,2000,-0.78899893905691,7637.01489203628,7.0386830862178,Argentina,Latin America & Caribbean ,Upper middle income,Buenos Aires,-58.4173,-34.6118,False
ARG,2001,-4.40883968258557,7141.47507662826,9.78080728532407,Argentina,Latin America & Caribbean ,Upper middle income,Buenos Aires,-58.4173,-34.6118,False
ARG,2002,-10.8944848285903,2569.69963519124,10.8821243775325,Argentina,Latin America & Caribbean ,Upper middle income,Buenos Aires,-58.4173,-34.6118,False
ARG,2003,8.83704079576924,3320.47775133903,11.9136965509954,Argentina,Latin America & Caribbean ,Upper middle income,Buenos Aires,-58.4173,-34.6118,False
ARG,2004,9.02957330068152,4242.02099089422,16.0366841054923,Argentina,Latin America & Caribbean ,Upper middle income,Buenos Aires,-58.4173,-34.6118,False
ARG,2005,8.85165992013437,5067.65342293276,17.7205833696065,Argentina,Latin America & Caribbean ,Upper middle income,Buenos Aires,-58.4173,-34.6118,False
ARG,2006,8.04715150043027,5869.38028970204,20.9272021035896,Argentina,Latin America & Caribbean ,Upper middle income,Buenos Aires,-58.4173,-34.6118,False
ARG,2007,9.00765087504757,7185.25155147027,25.9466329403819,Argentina,Latin America & Caribbean ,Upper middle income,Buenos Aires,-58.4173,-34.6118,False
ARG,2008,4.05723310346406,8944.1102657357,28.1126234799907,Argentina,Latin America & Caribbean ,Upper middle income,Buenos Aires,-58.4173,-34.6118,False
ARG,2009,-5.91852507634947,8150.23527028221,34.0,Argentina,Latin America & Caribbean ,Upper middle income,Buenos Aires,-58.4173,-34.6118,False
ARG,2010,10.1253981561002,10260.1313108254,45.0,Argentina,Latin America & Caribbean ,Upper middle income,Buenos Aires,-58.4173,-34.6118,False
ARG,2011,6.00395169280579,12704.2831819684,51.0,Argentina,Latin America & Caribbean ,Upper middle income,Buenos Aires,-58.4173,-34.6118,False
ARG,2012,-1.0264204544321,12949.717486654,55.79999924,Argentina,Latin America & Caribbean ,Upper middle income,Buenos Aires,-58.4173,-34.6118,False
ARG,2013,2.40532378079436,12963.675773326,59.90000153,Argentina,Latin America & Caribbean ,Upper middle income,Buenos Aires,-58.4173,-34.6118,False
ARG,2014,-2.51261532081394,12233.1444119186,64.69999695,Argentina,Latin America & Caribbean ,Upper middle income,Buenos Aires,-58.4173,-34.6118,False
ARG,2015,2.73115982828944,13679.6264980954,68.0430641088122,Argentina,Latin America & Caribbean ,Upper middle income,Buenos Aires,-58.4173,-34.6118,False
ARG,2016,-2.08032784377811,12699.9623137756,70.9689808206024,Argentina,Latin America & Caribbean ,Upper middle income,Buenos Aires,-58.4173,-34.6118,False
ARG,2017,2.81850297775918,14532.5009308511,74.2949068657957,Argentina,Latin America & Caribbean ,Upper middle income,Buenos Aires,-58.4173,-34.6118,False
ARG,2018,-2.61739646282038,11752.7998922979,77.7,Argentina,Latin America & Caribbean ,Upper middle income,Buenos Aires,-58.4173,-34.6118,False
ARG,2019,-2.00086100285785,9955.97478680428,79.9469520347551,Argentina,Latin America & Caribbean ,Upper middle income,Buenos Aires,-58.4173,-34.6118,False
ARG,2020,-9.9004848136464,8535.59938004389,85.51438646,Argentina,Latin America & Caribbean ,Upper middle income,Buenos Aires,-58.4173,-34.6118,False
ARG,2021,10.4418119882506,10738.0179223384,87.15070683,Argentina,Latin America & Caribbean ,Upper middle income,Buenos Aires,-58.4173,-34.6118,False
ARG,2022,6.02074537534855,13962.1894087223,88.37535691,Argentina,Latin America & Caribbean ,Upper middle income,Buenos Aires,-58.4173,-34.6118,False
ARG,2023,-1.85578803046339,14261.8465667948,89.22897166,Argentina,Latin America & Caribbean ,Upper middle income,Buenos Aires,-58.4173,-34.6118,False
ARG,2024,-1.34293072157739,13969.7836603737,89.66715228,Argentina,Latin America & Caribbean ,Upper middle income,Buenos Aires,-58.4173,-34.6118,False
ARM,2000,5.90000000312092,593.450581742282,1.30047002237784,Armenia,Europe & Central Asia,Upper middle income,Yerevan,44.509,40.1596,False
ARM,2001,9.59999999927597,659.588988535629,1.63109466677715,Armenia,Europe & Central Asia,Upper middle income,Yerevan,44.509,40.1596,False
ARM,2002,13.1999999979356,742.651118319819,1.9604050458212,Armenia,Europe & Central Asia,Upper middle income,Yerevan,44.509,40.1596,False
ARM,2003,14.0000000015501,882.030167695474,4.57521722477781,Armenia,Europe & Central Asia,Upper middle income,Yerevan,44.509,40.1596,False
ARM,2004,10.4999999988202,1130.08791444158,4.8990085713054,Armenia,Europe & Central Asia,Upper middle income,Yerevan,44.509,40.1596,False
ARM,2005,13.8999999991133,1557.48458908655,5.252999783,Armenia,Europe & Central Asia,Upper middle income,Yerevan,44.509,40.1596,False
ARM,2006,13.1999999994661,2041.65267068997,5.631800175,Armenia,Europe & Central Asia,Upper middle income,Yerevan,44.509,40.1596,False
ARM,2007,13.7000000015467,2962.70234594569,6.021299839,Armenia,Europe & Central Asia,Upper middle income,Yerevan,44.509,40.1596,False
ARM,2008,6.90000000042959,3777.66859313767,6.21,Armenia,Europe & Central Asia,Upper middle income,Yerevan,44.509,40.1596,False
ARM,2009,-14.1000000006998,2820.5926553347,15.30000019,Armenia,Europe & Central Asia,Upper middle income,Yerevan,44.509,40.1596,False
ARM,2010,2.2000000002151,3041.34450723339,25.0,Armenia,Europe & Central Asia,Upper middle income,Yerevan,44.509,40.1596,False
ARM,2011,4.69999999867412,3349.55309771906,32.0,Armenia,Europe & Central Asia,Upper middle income,Yerevan,44.509,40.1596,False
ARM,2012,7.20000000096486,3511.56399687426,37.5,Armenia,Europe & Central Asia,Upper middle income,Yerevan,44.509,40.1596,False
ARM,2013,3.3,3680.16692158886,41.9,Armenia,Europe & Central Asia,Upper middle income,Yerevan,44.509,40.1596,False
ARM,2014,3.60000000058993,3852.11800610384,54.6228058583362,Armenia,Europe & Central Asia,Upper middle income,Yerevan,44.509,40.1596,False
ARM,2015,3.19999999896625,3512.39350276709,59.1008337674937,Armenia,Europe & Central Asia,Upper middle income,Yerevan,44.509,40.1596,False
ARM,2016,0.199999999825991,3524.42476874707,64.3460297653742,Armenia,Europe & Central Asia,Upper middle income,Yerevan,44.509,40.1596,False
ARM,2017,7.50000000164144,3869.05373867752,64.7448843250726,Armenia,Europe & Central Asia,Upper middle income,Yerevan,44.509,40.1596,False
ARM,2018,5.19999999965324,4196.00562301769,68.2450522610271,Armenia,Europe & Central Asia,Upper middle income,Yerevan,44.509,40.1596,False
ARM,2019,7.59999999853918,4597.22887399548,66.5439496866159,Armenia,Europe & Central Asia,Upper middle income,Yerevan,44.509,40.1596,False
ARM,2020,-7.19999999920631,4268.68093304583,76.50770055,Armenia,Europe & Central Asia,Upper middle income,Yerevan,44.509,40.1596,False
ARM,2021,5.80000000065645,4685.17997128509,78.61225758,Armenia,Europe & Central Asia,Upper middle income,Yerevan,44.509,40.1596,False
ARM,2022,12.5999999997766,6571.97445545099,77.02767465,Armenia,Europe & Central Asia,Upper middle income,Yerevan,44.509,40.1596,False
ARM,2023,8.29999999959539,8159.08720967996,79.99663036,Armenia,Europe & Central Asia,Upper middle income,Yerevan,44.509,40.1596,False
ARM,2024,5.90000000046228,8556.21406956719,81.33930206,Armenia,Europe & Central Asia,Upper middle income,Yerevan,44.509,40.1596,False
ASM,2002,,8972.69636535698,,American Samoa,East Asia & Pacific,High income,Pago Pago,-170.691,-14.2846,False
ASM,2003,0.965517241379317,9197.66196836987,,American Samoa,East Asia & Pacific,High income,Pago Pago,-170.691,-14.2846,False
ASM,2004,0.409836065573771,8958.42866697173,,American Samoa,East Asia & Pacific,High income,Pago Pago,-170.691,-14.2846,False
ASM,2005,-0.408163265306129,8831.26975996609,,American Samoa,East Asia & Pacific,High income,Pago Pago,-170.691,-14.2846,False
ASM,2006,-4.09836065573771,8745.16621137404,,American Samoa,East Asia & Pacific,High income,Pago Pago,-170.691,-14.2846,False
ASM,2007,1.85185185185186,9231.37240924563,,American Samoa,East Asia & Pacific,High income,Pago Pago,-170.691,-14.2846,False
ASM,2008,-2.65734265734265,10030.8089130902,,American Samoa,East Asia & Pacific,High income,Pago Pago,-170.691,-14.2846,False
ASM,2009,-4.16666666666666,12156.0293905777,,American Samoa,East Asia & Pacific,High income,Pago Pago,-170.691,-14.2846,False
ASM,2010,0.299850074962521,10375.1720141957,,American Samoa,East Asia & Pacific,High income,Pago Pago,-170.691,-14.2846,False
ASM,2011,0.0,10383.459331451,,American Samoa,East Asia & Pacific,High income,Pago Pago,-170.691,-14.2846,False
ASM,2012,-4.33482810164425,11745.4899153958,,American Samoa,East Asia & Pacific,High income,Pago Pago,-170.691,-14.2846,False
ASM,2013,-2.5,11813.5022034589,,American Samoa,East Asia & Pacific,High income,Pago Pago,-170.691,-14.2846,False
ASM,2014,1.76282051282051,12026.3344929488,,American Samoa,East Asia & Pacific,High income,Pago Pago,-170.691,-14.2846,False
ASM,2015,3.14960629921259,12727.4102651386,,American Samoa,East Asia & Pacific,High income,Pago Pago,-170.691,-14.2846,False
ASM,2016,-1.67938931297709,12843.3342903627,,American Samoa,East Asia & Pacific,High income,Pago Pago,-170.691,-14.2846,False
ASM,2017,-6.98757763975155,11863.6839452565,,American Samoa,East Asia & Pacific,High income,Pago Pago,-170.691,-14.2846,False
ASM,2018,2.6711185308848,12552.0546868861,,American Samoa,East Asia & Pacific,High income,Pago Pago,-170.691,-14.2846,False
ASM,2019,-0.487804878048777,12886.1359517218,,American Samoa,East Asia & Pacific,High income,Pago Pago,-170.691,-14.2846,False
ASM,2020,4.41176470588236,14489.2586563775,,American Samoa,East Asia & Pacific,High income,Pago Pago,-170.691,-14.2846,False
ASM,2021,-0.782472613458523,15236.1604875571,,American Samoa,East Asia & Pacific,High income,Pago Pago,-170.691,-14.2846,False
ASM,2022,1.73501577287065,18017.4589383973,,American Samoa,East Asia & Pacific,High income,Pago Pago,-170.691,-14.2846,False
ATG,2000,6.20355212555867,12027.4949768222,6.48222573702907,Antigua and Barbuda,Latin America & Caribbean ,High income,Saint John's,-61.8456,17.1175,False
ATG,2001,-4.54810977120295,11539.1825063308,8.89928551450583,Antigua and Barbuda,Latin America & Caribbean ,High income,Saint John's,-61.8456,17.1175,False
ATG,2002,1.02723486062159,11658.6949915956,12.5,Antigua and Barbuda,Latin America & Caribbean ,High income,Saint John's,-61.8456,17.1175,False
ATG,2003,6.07663666406602,12173.2319860305,17.2286487816884,Antigua and Barbuda,Latin America & Caribbean ,High income,Saint John's,-61.8456,17.1175,False
ATG,2004,5.76710338270556,13037.8895772257,24.2665437161785,Antigua and Barbuda,Latin America & Caribbean ,High income,Saint John's,-61.8456,17.1175,False
ATG,2005,6.47368941781741,14368.5708796058,27.0,Antigua and Barbuda,Latin America & Caribbean ,High income,Saint John's,-61.8456,17.1175,False
ATG,2006,12.7081474873625,16173.8136329968,30.0,Antigua and Barbuda,Latin America & Caribbean ,High income,Saint John's,-61.8456,17.1175,False
ATG,2007,9.31518272315685,18204.5124043068,34.0,Antigua and Barbuda,Latin America & Caribbean ,High income,Saint John's,-61.8456,17.1175,False
ATG,2008,-0.0140065981851762,18786.6743142216,38.0,Antigua and Barbuda,Latin America & Caribbean ,High income,Saint John's,-61.8456,17.1175,False
ATG,2009,-11.9628794703471,16472.2478528568,42.0,Antigua and Barbuda,Latin America & Caribbean ,High income,Saint John's,-61.8456,17.1175,False
ATG,2010,-7.84050683730972,15217.3950790922,47.0,Antigua and Barbuda,Latin America & Caribbean ,High income,Saint John's,-61.8456,17.1175,False
ATG,2011,-1.95874262217572,14911.7275084471,52.0,Antigua and Barbuda,Latin America & Caribbean ,High income,Saint John's,-61.8456,17.1175,False
ATG,2012,3.37314273947959,15639.8078114787,58.0,Antigua and Barbuda,Latin America & Caribbean ,High income,Saint John's,-61.8456,17.1175,False
ATG,2013,-0.600982329599361,15051.5113587425,63.40000153,Antigua and Barbuda,Latin America & Caribbean ,High income,Saint John's,-61.8456,17.1175,False
ATG,2014,2.19829188738797,15532.1062063584,67.77999878,Antigua and Barbuda,Latin America & Caribbean ,High income,Saint John's,-61.8456,17.1175,False
ATG,2015,1.42161997595372,16077.6340769406,70.0,Antigua and Barbuda,Latin America & Caribbean ,High income,Saint John's,-61.8456,17.1175,False
ATG,2016,4.1203675438061,16556.8551801588,70.27159882,Antigua and Barbuda,Latin America & Caribbean ,High income,Saint John's,-61.8456,17.1175,False
ATG,2017,2.71272657973627,16965.7288273816,70.54419708,Antigua and Barbuda,Latin America & Caribbean ,High income,Saint John's,-61.8456,17.1175,False
ATG,2018,6.71200487159726,18273.4270684912,70.81790161,Antigua and Barbuda,Latin America & Caribbean ,High income,Saint John's,-61.8456,17.1175,False
ATG,2019,3.1722219373937,18896.3721832248,71.09259796,Antigua and Barbuda,Latin America & Caribbean ,High income,Saint John's,-61.8456,17.1175,False
ATG,2020,-18.8687765208148,15369.6082250401,71.36840057,Antigua and Barbuda,Latin America & Caribbean ,High income,Saint John's,-61.8456,17.1175,False
ATG,2021,8.17286311186622,17348.6006987182,71.64530182,Antigua and Barbuda,Latin America & Caribbean ,High income,Saint John's,-61.8456,17.1175,False
ATG,2022,8.49776342254205,20003.3909394099,71.9233017,Antigua and Barbuda,Latin America & Caribbean ,High income,Saint John's,-61.8456,17.1175,False
ATG,2023,3.86550160079324,22012.2625947994,72.12409973,Antigua and Barbuda,Latin America & Caribbean ,High income,Saint John's,-61.8456,17.1175,False
ATG,2024,2.54044193946544,23059.8330702839,72.73040009,Antigua and Barbuda,Latin America & Caribbean ,High income,Saint John's,-61.8456,17.1175,False
AUS,2000,3.9160574881715,21908.9968019784,46.7561156116738,Australia,East Asia & Pacific,High income,Canberra,149.129,-35.282,False
AUS,2001,2.03145880248898,19733.6510102645,52.6892664310395,Australia,East Asia & Pacific,High income,Canberra,149.129,-35.282,False
AUS,2002,3.94980535772942,20335.0960191023,,Australia,East Asia & Pacific,High income,Canberra,149.129,-35.282,False
AUS,2003,3.0912800997751,23757.5898471684,,Australia,East Asia & Pacific,High income,Canberra,149.129,-35.282,False
AUS,2004,4.21894147547516,30886.0500949401,,Australia,East Asia & Pacific,High income,Canberra,149.129,-35.282,False
AUS,2005,3.15548121323168,34535.20727091,63.0,Australia,East Asia & Pacific,High income,Canberra,149.129,-35.282,False
AUS,2006,2.7709261737475,36658.8243476122,66.0,Australia,East Asia & Pacific,High income,Canberra,149.129,-35.282,False
AUS,2007,3.78947119882653,41128.2476618402,69.45,Australia,East Asia & Pacific,High income,Canberra,149.129,-35.282,False
AUS,2008,3.62398503565633,49811.2067218988,71.67,Australia,East Asia & Pacific,High income,Canberra,149.129,-35.282,False
AUS,2009,1.95484826298522,42954.8494884573,74.25,Australia,East Asia & Pacific,High income,Canberra,149.129,-35.282,False
AUS,2010,2.21004795300735,52313.8939041213,76.0,Australia,East Asia & Pacific,High income,Canberra,149.129,-35.282,False
AUS,2011,2.39473494330615,62799.3895017032,79.4876977139029,Australia,East Asia & Pacific,High income,Canberra,149.129,-35.282,False
AUS,2012,3.95247138119184,68301.4402512587,79.0,Australia,East Asia & Pacific,High income,Canberra,149.129,-35.282,False
AUS,2013,2.65445302592404,68476.6788496118,83.453497167,Australia,East Asia & Pacific,High income,Canberra,149.129,-35.282,False
AUS,2014,2.60118978187332,62817.2061751737,84.0,Australia,East Asia & Pacific,High income,Canberra,149.129,-35.282,False
AUS,2015,2.16434780647852,56970.3613028094,84.5605149091408,Australia,East Asia & Pacific,High income,Canberra,149.129,-35.282,False
AUS,2016,2.75564065529868,50084.4440606385,86.54000092,Australia,East Asia & Pacific,High income,Canberra,149.129,-35.282,False
AUS,2017,2.29331030192918,54117.547718609,86.5450488476768,Australia,East Asia & Pacific,High income,Canberra,149.129,-35.282,False
AUS,2018,2.87417039499501,57410.1737346009,90.0082016,Australia,East Asia & Pacific,High income,Canberra,149.129,-35.282,False
AUS,2019,2.19401703622717,55194.7585097428,93.60990143,Australia,East Asia & Pacific,High income,Canberra,149.129,-35.282,False
AUS,2020,-0.133531904304775,51983.4523666382,94.6934967,Australia,East Asia & Pacific,High income,Canberra,149.129,-35.282,False
AUS,2021,2.00694844335034,60758.9044397144,96.97219849,Australia,East Asia & Pacific,High income,Canberra,149.129,-35.282,False
AUS,2022,4.25304559238732,65169.5191118657,96.11940002,Australia,East Asia & Pacific,High income,Canberra,149.129,-35.282,False
AUS,2023,3.58382100798981,65058.3773146674,96.1160965,Australia,East Asia & Pacific,High income,Canberra,149.129,-35.282,False
AUS,2024,1.37340773365975,64609.9865116088,96.13140106,Australia,East Asia & Pacific,High income,Canberra,149.129,-35.282,False
AUT,2000,3.18952292988787,24487.2974685956,33.7301329516915,Austria,Europe & Central Asia,High income,Vienna,16.3798,48.2201,False
AUT,2001,1.31698749571339,24430.495982841,39.1854501811114,Austria,Europe & Central Asia,High income,Vienna,16.3798,48.2201,False
AUT,2002,1.48436877605324,26334.862215032,36.56,Austria,Europe & Central Asia,High income,Vienna,16.3798,48.2201,False
AUT,2003,1.14156504542775,32110.1159661425,42.7,Austria,Europe & Central Asia,High income,Vienna,16.3798,48.2201,False
AUT,2004,2.56525534067859,36614.2506533707,54.28,Austria,Europe & Central Asia,High income,Vienna,16.3798,48.2201,False
AUT,2005,2.32036514266782,38157.37022862,58.0,Austria,Europe & Central Asia,High income,Vienna,16.3798,48.2201,False
AUT,2006,3.26933601506059,40382.2078298575,63.6,Austria,Europe & Central Asia,High income,Vienna,16.3798,48.2201,False
AUT,2007,3.77522468729185,46622.9622913635,69.37,Austria,Europe & Central Asia,High income,Vienna,16.3798,48.2201,False
AUT,2008,1.45330562142114,51581.3982361071,72.87,Austria,Europe & Central Asia,High income,Vienna,16.3798,48.2201,False
AUT,2009,-3.58626472551299,47857.4446635266,73.45,Austria,Europe & Central Asia,High income,Vienna,16.3798,48.2201,False
AUT,2010,1.80898243043663,46611.1393420232,75.17,Austria,Europe & Central Asia,High income,Vienna,16.3798,48.2201,False
AUT,2011,2.92746800169145,51116.8953522042,78.7399930986888,Austria,Europe & Central Asia,High income,Vienna,16.3798,48.2201,False
AUT,2012,0.628246239479637,48250.4059142637,80.0299939169903,Austria,Europe & Central Asia,High income,Vienna,16.3798,48.2201,False
AUT,2013,-0.250726423318454,50305.3545774973,80.6188,Austria,Europe & Central Asia,High income,Vienna,16.3798,48.2201,False
AUT,2014,0.755798850316665,51314.9722616322,80.9958249574764,Austria,Europe & Central Asia,High income,Vienna,16.3798,48.2201,False
AUT,2015,1.30352331826198,43915.228020857,83.9401419315026,Austria,Europe & Central Asia,High income,Vienna,16.3798,48.2201,False
AUT,2016,2.11721964494312,45061.4993920192,84.3237425711653,Austria,Europe & Central Asia,High income,Vienna,16.3798,48.2201,False
AUT,2017,2.27224992038207,47163.7425775142,87.9355865856062,Austria,Europe & Central Asia,High income,Vienna,16.3798,48.2201,False
AUT,2018,2.48422114080024,51194.0749841299,87.4791372262556,Austria,Europe & Central Asia,High income,Vienna,16.3798,48.2201,False
AUT,2019,1.75497619649288,49885.9947355204,87.7522047870069,Austria,Europe & Central Asia,High income,Vienna,16.3798,48.2201,False
AUT,2020,-6.31825509209936,48716.4098900349,87.52942813,Austria,Europe & Central Asia,High income,Vienna,16.3798,48.2201,False
AUT,2021,4.92309171717903,53648.6437976214,92.52915104,Austria,Europe & Central Asia,High income,Vienna,16.3798,48.2201,False
AUT,2022,5.33096379400371,52336.7725223758,93.61409139,Austria,Europe & Central Asia,High income,Vienna,16.3798,48.2201,False
AUT,2023,-0.786244288594673,56579.504175468,95.33467117,Austria,Europe & Central Asia,High income,Vienna,16.3798,48.2201,False
AUT,2024,-0.659089573171372,58268.8787651601,94.91974877,Austria,Europe & Central Asia,High income,Vienna,16.3798,48.2201,False
AZE,2000,11.0999991434346,655.097249579917,0.147757575623251,Azerbaijan,Europe & Central Asia,Upper middle income,Baku,49.8932,40.3834,False
AZE,2001,9.89999986533643,703.670998584686,0.305564637615618,Azerbaijan,Europe & Central Asia,Upper middle income,Baku,49.8932,40.3834,False
AZE,2002,9.43891626906561,763.108895463487,4.99971367812957,Azerbaijan,Europe & Central Asia,Upper middle income,Baku,49.8932,40.3834,False
AZE,2003,10.2082994004776,883.692580745256,,Azerbaijan,Europe & Central Asia,Upper middle income,Baku,49.8932,40.3834,False
AZE,2004,9.25380179728907,1045.0136328106,,Azerbaijan,Europe & Central Asia,Upper middle income,Baku,49.8932,40.3834,False
AZE,2005,27.9615381082131,1578.36733030667,8.030400276,Azerbaijan,Europe & Central Asia,Upper middle income,Baku,49.8932,40.3834,False
AZE,2006,34.4662096226792,2472.95725732287,11.9921999,Azerbaijan,Europe & Central Asia,Upper middle income,Baku,49.8932,40.3834,False
AZE,2007,25.4632157314482,3851.33015175141,14.53999996,Azerbaijan,Europe & Central Asia,Upper middle income,Baku,49.8932,40.3834,False
AZE,2008,10.591437462476,5574.46810432575,17.08,Azerbaijan,Europe & Central Asia,Upper middle income,Baku,49.8932,40.3834,False
AZE,2009,9.36950260277183,4950.39949009423,27.4,Azerbaijan,Europe & Central Asia,Upper middle income,Baku,49.8932,40.3834,False
AZE,2010,4.78883248761557,5843.5337683582,46.0,Azerbaijan,Europe & Central Asia,Upper middle income,Baku,49.8932,40.3834,False
AZE,2011,-1.5729973511111,7189.81869211976,50.0,Azerbaijan,Europe & Central Asia,Upper middle income,Baku,49.8932,40.3834,False
AZE,2012,2.20293891708398,7495.86527658099,54.20000076,Azerbaijan,Europe & Central Asia,Upper middle income,Baku,49.8932,40.3834,False
AZE,2013,5.84341590483928,7875.34536661549,73.000001372,Azerbaijan,Europe & Central Asia,Upper middle income,Baku,49.8932,40.3834,False
AZE,2014,2.79758521448559,7890.84028062087,75.0000156363396,Azerbaijan,Europe & Central Asia,Upper middle income,Baku,49.8932,40.3834,False
AZE,2015,1.04954641215085,5500.50364628486,77.0,Azerbaijan,Europe & Central Asia,Upper middle income,Baku,49.8932,40.3834,False
AZE,2016,-3.06359842251706,3880.6852276838,78.2,Azerbaijan,Europe & Central Asia,Upper middle income,Baku,49.8932,40.3834,False
AZE,2017,0.153614661745507,4147.1981423222,79.0,Azerbaijan,Europe & Central Asia,Upper middle income,Baku,49.8932,40.3834,False
AZE,2018,1.50040167167313,4739.7943123408,79.7999954887896,Azerbaijan,Europe & Central Asia,Upper middle income,Baku,49.8932,40.3834,False
AZE,2019,2.47980879185565,4805.75371765917,81.0999990651547,Azerbaijan,Europe & Central Asia,Upper middle income,Baku,49.8932,40.3834,False
AZE,2020,-4.19896065333343,4229.91064904503,84.59999573,Azerbaijan,Europe & Central Asia,Upper middle income,Baku,49.8932,40.3834,False
AZE,2021,5.61644027150554,5408.04535175023,85.99998954,Azerbaijan,Europe & Central Asia,Upper middle income,Baku,49.8932,40.3834,False
AZE,2022,4.71468033247649,7770.594223351,88.0,Azerbaijan,Europe & Central Asia,Upper middle income,Baku,49.8932,40.3834,False
AZE,2023,1.35447749115767,7133.02838048328,89.0,Azerbaijan,Europe & Central Asia,Upper middle income,Baku,49.8932,40.3834,False
AZE,2024,4.15806800428062,7294.64276088105,90.43979645,Azerbaijan,Europe & Central Asia,Upper middle income,Baku,49.8932,40.3834,False
BDI,2000,-0.856864058424151,134.537861752389,0.077248447383456,Burundi,Sub-Saharan Africa ,Low income,Bujumbura,29.3639,-3.3784,True
BDI,2001,2.05580710835243,132.159554541932,0.106001245363203,Burundi,Sub-Saharan Africa ,Low income,Bujumbura,29.3639,-3.3784,True
BDI,2002,4.44651941224797,120.952308575468,0.118228412267794,Burundi,Sub-Saharan Africa ,Low income,Bujumbura,29.3639,-3.3784,True
BDI,2003,-1.22372796023444,111.406682804391,0.201273196735924,Burundi,Sub-Saharan Africa ,Low income,Bujumbura,29.3639,-3.3784,True
BDI,2004,4.83365776809453,125.194965184533,0.349060461879596,Burundi,Sub-Saharan Africa ,Low income,Bujumbura,29.3639,-3.3784,True
BDI,2005,0.900000000901912,147.234619294225,0.542100012,Burundi,Sub-Saharan Africa ,Low income,Bujumbura,29.3639,-3.3784,True
BDI,2006,5.41380714491444,161.892755640319,0.657599986,Burundi,Sub-Saharan Africa ,Low income,Bujumbura,29.3639,-3.3784,True
BDI,2007,3.44449364663615,166.162744906755,0.7,Burundi,Sub-Saharan Africa ,Low income,Bujumbura,29.3639,-3.3784,True
BDI,2008,4.90874190813545,189.502074570768,0.81,Burundi,Sub-Saharan Africa ,Low income,Bujumbura,29.3639,-3.3784,True
BDI,2009,3.7870758305051,198.431524048225,0.899999976,Burundi,Sub-Saharan Africa ,Low income,Bujumbura,29.3639,-3.3784,True
BDI,2010,5.09373697323055,216.727705301976,1.0,Burundi,Sub-Saharan Africa ,Low income,Bujumbura,29.3639,-3.3784,True
BDI,2011,4.02442793864228,230.069761381132,1.110000014,Burundi,Sub-Saharan Africa ,Low income,Bujumbura,29.3639,-3.3784,True
BDI,2012,4.42303118490126,231.098787811507,1.220000029,Burundi,Sub-Saharan Africa ,Low income,Bujumbura,29.3639,-3.3784,True
BDI,2013,4.92392485117456,234.844770150871,1.2642181112,Burundi,Sub-Saharan Africa ,Low income,Bujumbura,29.3639,-3.3784,True
BDI,2014,4.24490803087248,250.544492155185,1.04239212643994,Burundi,Sub-Saharan Africa ,Low income,Bujumbura,29.3639,-3.3784,True
BDI,2015,-0.404525595204191,254.402585226788,2.0,Burundi,Sub-Saharan Africa ,Low income,Bujumbura,29.3639,-3.3784,True
BDI,2016,3.20017470408993,232.937812100153,2.200000048,Burundi,Sub-Saharan Africa ,Low income,Bujumbura,29.3639,-3.3784,True
BDI,2017,3.83185757061784,246.060725714184,2.6607485347534,Burundi,Sub-Saharan Africa ,Low income,Bujumbura,29.3639,-3.3784,True
BDI,2018,5.34224473186408,245.661678332009,4.019499779,Burundi,Sub-Saharan Africa ,Low income,Bujumbura,29.3639,-3.3784,True
BDI,2019,4.45934202358784,234.31061590725,6.072199821,Burundi,Sub-Saharan Africa ,Low income,Bujumbura,29.3639,-3.3784,True
BDI,2020,0.306443811651718,252.702452750006,6.430099964,Burundi,Sub-Saharan Africa ,Low income,Bujumbura,29.3639,-3.3784,True
BDI,2021,3.23707479372925,264.172844085398,6.777999878,Burundi,Sub-Saharan Africa ,Low income,Bujumbura,29.3639,-3.3784,True
BDI,2022,2.31770122350822,301.832255755105,7.144800186,Burundi,Sub-Saharan Africa ,Low income,Bujumbura,29.3639,-3.3784,True
BDI,2023,3.25476897326196,249.795164039029,7.172299862,Burundi,Sub-Saharan Africa ,Low income,Bujumbura,29.3639,-3.3784,True
BDI,2024,4.11227376394912,216.231928531758,8.595999718,Burundi,Sub-Saharan Africa ,Low income,Bujumbura,29.3639,-3.3784,True
BEL,2000,3.71670510672588,23098.8865077401,29.4316916924341,Belgium,Europe & Central Asia,High income,Brussels,4.36761,50.8371,False
BEL,2001,1.09960362419645,23015.0712632462,31.2883955056566,Belgium,Europe & Central Asia,High income,Brussels,4.36761,50.8371,False
BEL,2002,1.70689430349601,25006.191397109,46.33,Belgium,Europe & Central Asia,High income,Brussels,4.36761,50.8371,False
BEL,2003,1.03795518162204,30655.2092679024,49.97,Belgium,Europe & Central Asia,High income,Brussels,4.36761,50.8371,False
BEL,2004,3.57120671942319,35429.4077933344,53.86,Belgium,Europe & Central Asia,High income,Brussels,4.36761,50.8371,False
BEL,2005,2.32173792911834,36809.7013403619,55.81999969,Belgium,Europe & Central Asia,High income,Brussels,4.36761,50.8371,False
BEL,2006,2.55234087322462,38705.1067959147,61.9818700222023,Belgium,Europe & Central Asia,High income,Brussels,4.36761,50.8371,False
BEL,2007,3.67692462515802,44319.165448813,66.7604202433135,Belgium,Europe & Central Asia,High income,Brussels,4.36761,50.8371,False
BEL,2008,0.446905130727231,48303.397956286,68.8573221425131,Belgium,Europe & Central Asia,High income,Brussels,4.36761,50.8371,False
BEL,2009,-1.90644105515335,44923.3400135081,74.5441455527336,Belgium,Europe & Central Asia,High income,Brussels,4.36761,50.8371,False
BEL,2010,2.71031150254662,44197.393671162,77.6397855126946,Belgium,Europe & Central Asia,High income,Brussels,4.36761,50.8371,False
BEL,2011,1.93115502411325,47760.8298776546,81.6099959955952,Belgium,Europe & Central Asia,High income,Brussels,4.36761,50.8371,False
BEL,2012,0.215803612089744,44874.1709182123,80.7199905482042,Belgium,Europe & Central Asia,High income,Brussels,4.36761,50.8371,False
BEL,2013,0.305494549070232,46964.5946777056,82.1702,Belgium,Europe & Central Asia,High income,Brussels,4.36761,50.8371,False
BEL,2014,1.76554038149924,47995.7786961339,85.0012379539925,Belgium,Europe & Central Asia,High income,Brussels,4.36761,50.8371,False
BEL,2015,1.47416433731927,40893.804537772,85.0529417508701,Belgium,Europe & Central Asia,High income,Brussels,4.36761,50.8371,False
BEL,2016,1.19350273007754,41854.5498296444,86.5164766644457,Belgium,Europe & Central Asia,High income,Brussels,4.36761,50.8371,False
BEL,2017,1.47446761556785,44035.3239358548,87.6796808175598,Belgium,Europe & Central Asia,High income,Brussels,4.36761,50.8371,False
BEL,2018,1.87796847383565,47487.2100392561,88.6473429951691,Belgium,Europe & Central Asia,High income,Brussels,4.36761,50.8371,False
BEL,2019,2.4428900448156,46716.6227467964,90.275428012141,Belgium,Europe & Central Asia,High income,Brussels,4.36761,50.8371,False
BEL,2020,-4.7929839083518,45906.2875805246,91.52641629,Belgium,Europe & Central Asia,High income,Brussels,4.36761,50.8371,False
BEL,2021,6.25445686466593,51658.238294958,92.78867618,Belgium,Europe & Central Asia,High income,Brussels,4.36761,50.8371,False
BEL,2022,4.02460852835887,50639.0264882739,94.00783071,Belgium,Europe & Central Asia,High income,Brussels,4.36761,50.8371,False
BEL,2023,1.56125539542029,55244.68145811,94.62625074,Belgium,Europe & Central Asia,High income,Brussels,4.36761,50.8371,False
BEL,2024,1.09775383828703,56581.9375642531,95.77579144,Belgium,Europe & Central Asia,High income,Brussels,4.36761,50.8371,False
BEN,2000,5.85771420543269,487.424141384242,0.225247851473369,Benin,Sub-Saharan Africa ,Lower middle income,Porto-Novo,2.6323,6.4779,False
BEN,2001,5.33313570603937,492.401499509072,0.363417890016082,Benin,Sub-Saharan Africa ,Lower middle income,Porto-Novo,2.6323,6.4779,False
BEN,2002,4.64303087074482,546.463829658159,0.7029455951039,Benin,Sub-Saharan Africa ,Lower middle income,Porto-Novo,2.6323,6.4779,False
BEN,2003,3.44357677591658,676.002878084282,0.951327114915695,Benin,Sub-Saharan Africa ,Lower middle income,Porto-Novo,2.6323,6.4779,False
BEN,2004,4.42968455385082,758.695803786371,1.18254096518994,Benin,Sub-Saharan Africa ,Lower middle income,Porto-Novo,2.6323,6.4779,False
BEN,2005,1.71316456361184,779.437777753268,1.271000028,Benin,Sub-Saharan Africa ,Lower middle income,Porto-Novo,2.6323,6.4779,False
BEN,2006,3.94373882815798,809.147072506221,1.537899971,Benin,Sub-Saharan Africa ,Lower middle income,Porto-Novo,2.6323,6.4779,False
BEN,2007,5.98634932177609,912.338247188342,1.79,Benin,Sub-Saharan Africa ,Lower middle income,Porto-Novo,2.6323,6.4779,False
BEN,2008,4.89657708429647,1060.60254502099,1.85,Benin,Sub-Saharan Africa ,Lower middle income,Porto-Novo,2.6323,6.4779,False
BEN,2009,2.31929213912838,1024.10277858112,2.24,Benin,Sub-Saharan Africa ,Lower middle income,Porto-Novo,2.6323,6.4779,False
BEN,2010,2.11406472648392,973.244254931526,3.13,Benin,Sub-Saharan Africa ,Lower middle income,Porto-Novo,2.6323,6.4779,False
BEN,2011,2.96375291904201,1059.41358852588,4.14832306562512,Benin,Sub-Saharan Africa ,Lower middle income,Porto-Novo,2.6323,6.4779,False
BEN,2012,4.811223315688,1071.5258366283,4.5,Benin,Sub-Saharan Africa ,Lower middle income,Porto-Novo,2.6323,6.4779,False
BEN,2013,7.19143372144946,1168.92699279226,4.900000095,Benin,Sub-Saharan Africa ,Lower middle income,Porto-Novo,2.6323,6.4779,False
BEN,2014,6.35767909791932,1204.39918670094,6.0,Benin,Sub-Saharan Africa ,Lower middle income,Porto-Novo,2.6323,6.4779,False
BEN,2015,1.77815106030278,1002.41886879614,11.25500011,Benin,Sub-Saharan Africa ,Lower middle income,Porto-Novo,2.6323,6.4779,False
BEN,2016,3.33967342629693,1010.5338961993,14.5,Benin,Sub-Saharan Africa ,Lower middle income,Porto-Novo,2.6323,6.4779,False
BEN,2017,5.67156195150444,1054.97408066814,18.7,Benin,Sub-Saharan Africa ,Lower middle income,Porto-Novo,2.6323,6.4779,False
BEN,2018,6.69725362180888,1151.7409703472,19.0,Benin,Sub-Saharan Africa ,Lower middle income,Porto-Novo,2.6323,6.4779,False
BEN,2019,6.86568662848335,1130.82135339795,20.50099945,Benin,Sub-Saharan Africa ,Lower middle income,Porto-Novo,2.6323,6.4779,False
BEN,2020,3.84879240030133,1200.19426557789,22.12059975,Benin,Sub-Saharan Africa ,Lower middle income,Porto-Novo,2.6323,6.4779,False
BEN,2021,7.1554516457574,1318.65158075198,28.20470047,Benin,Sub-Saharan Africa ,Lower middle income,Porto-Novo,2.6323,6.4779,False
BEN,2022,6.25294705373625,1266.42711031904,30.53730011,Benin,Sub-Saharan Africa ,Lower middle income,Porto-Novo,2.6323,6.4779,False
BEN,2023,6.3527773854442,1394.17784721831,32.39400101,Benin,Sub-Saharan Africa ,Lower middle income,Porto-Novo,2.6323,6.4779,False
BEN,2024,7.45311566226201,1485.38018885134,33.98379898,Benin,Sub-Saharan Africa ,Lower middle income,Porto-Novo,2.6323,6.4779,False
BFA,2000,1.88847388906525,248.908526921752,0.0770801689426014,Burkina Faso,Sub-Saharan Africa ,Low income,Ouagadougou,-1.53395,12.3605,True
BFA,2001,6.61340574539679,259.485223380436,0.157732464653607,Burkina Faso,Sub-Saharan Africa ,Low income,Ouagadougou,-1.53395,12.3605,True
BFA,2002,4.35296382988099,285.654087637533,0.200992597925001,Burkina Faso,Sub-Saharan Africa ,Low income,Ouagadougou,-1.53395,12.3605,True
BFA,2003,7.80249388870359,362.373899996953,0.373440303233526,Burkina Faso,Sub-Saharan Africa ,Low income,Ouagadougou,-1.53395,12.3605,True
BFA,2004,4.47845213670386,403.81283743461,0.400295285492178,Burkina Faso,Sub-Saharan Africa ,Low income,Ouagadougou,-1.53395,12.3605,True
BFA,2005,8.66187322841225,441.164148016012,0.469900012,Burkina Faso,Sub-Saharan Africa ,Low income,Ouagadougou,-1.53395,12.3605,True
BFA,2006,6.25316468817478,455.513655620024,0.632700026,Burkina Faso,Sub-Saharan Africa ,Low income,Ouagadougou,-1.53395,12.3605,True
BFA,2007,4.11137901761516,514.684451177238,0.75,Burkina Faso,Sub-Saharan Africa ,Low income,Ouagadougou,-1.53395,12.3605,True
BFA,2008,5.79999174105387,619.437533256264,0.920000017,Burkina Faso,Sub-Saharan Africa ,Low income,Ouagadougou,-1.53395,12.3605,True
BFA,2009,2.96195085866692,601.569520671859,1.129999995,Burkina Faso,Sub-Saharan Africa ,Low income,Ouagadougou,-1.53395,12.3605,True
BFA,2010,8.44628157707625,624.957252224766,2.400000095,Burkina Faso,Sub-Saharan Africa ,Low income,Ouagadougou,-1.53395,12.3605,True
BFA,2011,6.62256261306693,725.024767725475,3.0,Burkina Faso,Sub-Saharan Africa ,Low income,Ouagadougou,-1.53395,12.3605,True
BFA,2012,6.45267237953146,731.470138867833,3.724999905,Burkina Faso,Sub-Saharan Africa ,Low income,Ouagadougou,-1.53395,12.3605,True
BFA,2013,5.79258484509867,759.762065168498,5.0,Burkina Faso,Sub-Saharan Africa ,Low income,Ouagadougou,-1.53395,12.3605,True
BFA,2014,4.32684561452976,764.861675106225,6.0,Burkina Faso,Sub-Saharan Africa ,Low income,Ouagadougou,-1.53395,12.3605,True
BFA,2015,3.9212287937935,630.124750752312,6.545700073,Burkina Faso,Sub-Saharan Africa ,Low income,Ouagadougou,-1.53395,12.3605,True
BFA,2016,5.95797670754024,663.742364842886,7.140999794,Burkina Faso,Sub-Saharan Africa ,Low income,Ouagadougou,-1.53395,12.3605,True
BFA,2017,6.20348941121868,709.091535894695,7.790400028,Burkina Faso,Sub-Saharan Africa ,Low income,Ouagadougou,-1.53395,12.3605,True
BFA,2018,6.60456906812341,777.465618514048,8.498900414,Burkina Faso,Sub-Saharan Africa ,Low income,Ouagadougou,-1.53395,12.3605,True
BFA,2019,5.88920497068135,764.853077774946,9.27180600953186,Burkina Faso,Sub-Saharan Africa ,Low income,Ouagadougou,-1.53395,12.3605,True
BFA,2020,2.01077262406221,825.237038782475,12.97319984,Burkina Faso,Sub-Saharan Africa ,Low income,Ouagadougou,-1.53395,12.3605,True
BFA,2021,6.94252492572348,895.535288442991,18.1522007,Burkina Faso,Sub-Saharan Africa ,Low income,Ouagadougou,-1.53395,12.3605,True
BFA,2022,1.62673258211919,827.330843486661,25.3987999,Burkina Faso,Sub-Saharan Africa ,Low income,Ouagadougou,-1.53395,12.3605,True
BFA,2023,3.00027415814125,873.198061670247,25.36120033,Burkina Faso,Sub-Saharan Africa ,Low income,Ouagadougou,-1.53395,12.3605,True
BFA,2024,4.83395810163883,982.493100418428,28.25270081,Burkina Faso,Sub-Saharan Africa ,Low income,Ouagadougou,-1.53395,12.3605,True
BGD,2000,5.29329471892532,396.670730249751,0.0710394230507683,Bangladesh,South Asia,Lower middle income,Dhaka,90.4113,23.7055,False
BGD,2001,5.07728777526728,394.65641001891,0.129807973947512,Bangladesh,South Asia,Lower middle income,Dhaka,90.4113,23.7055,False
BGD,2002,3.83312393993225,393.886422327628,0.13992028850905,Bangladesh,South Asia,Lower middle income,Dhaka,90.4113,23.7055,False
BGD,2003,4.73956739963045,426.74880754362,0.163877665498048,Bangladesh,South Asia,Lower middle income,Dhaka,90.4113,23.7055,False
BGD,2004,5.23953291029852,455.614016909798,0.199036333744363,Bangladesh,South Asia,Lower middle income,Dhaka,90.4113,23.7055,False
BGD,2005,6.53594493875502,480.08585075452,0.241600007,Bangladesh,South Asia,Lower middle income,Dhaka,90.4113,23.7055,False
BGD,2006,6.67190498576788,490.388026533289,1.0,Bangladesh,South Asia,Lower middle income,Dhaka,90.4113,23.7055,False
BGD,2007,7.05859935449848,537.955492792911,1.799999952,Bangladesh,South Asia,Lower middle income,Dhaka,90.4113,23.7055,False
BGD,2008,6.01378975738535,613.06204104124,2.5,Bangladesh,South Asia,Lower middle income,Dhaka,90.4113,23.7055,False
BGD,2009,5.04512479919337,679.211477428056,3.099999905,Bangladesh,South Asia,Lower middle income,Dhaka,90.4113,23.7055,False
BGD,2010,5.57178818533122,757.385280361508,3.700000048,Bangladesh,South Asia,Lower middle income,Dhaka,90.4113,23.7055,False
BGD,2011,6.46437912497728,837.336944695647,4.5,Bangladesh,South Asia,Lower middle income,Dhaka,90.4113,23.7055,False
BGD,2012,6.52145877906443,859.680536375497,5.0,Bangladesh,South Asia,Lower middle income,Dhaka,90.4113,23.7055,False
BGD,2013,6.01360565834344,958.262989798283,6.63,Bangladesh,South Asia,Lower middle income,Dhaka,90.4113,23.7055,False
BGD,2014,6.0610593588495,1094.46199702838,9.052900314,Bangladesh,South Asia,Lower middle income,Dhaka,90.4113,23.7055,False
BGD,2015,6.55263987816197,1224.38647668165,12.36880016,Bangladesh,South Asia,Lower middle income,Dhaka,90.4113,23.7055,False
BGD,2016,7.11347821270093,1649.28380858601,16.89909935,Bangladesh,South Asia,Lower middle income,Dhaka,90.4113,23.7055,False
BGD,2017,6.59024999794057,1811.08221668646,21.5,Bangladesh,South Asia,Lower middle income,Dhaka,90.4113,23.7055,False
BGD,2018,7.31941263014136,1965.24372731467,25.56509972,Bangladesh,South Asia,Lower middle income,Dhaka,90.4113,23.7055,False
BGD,2019,7.88191515117722,2129.79896954606,30.38310051,Bangladesh,South Asia,Lower middle income,Dhaka,90.4113,23.7055,False
BGD,2020,3.44801755122445,2248.85078828233,36.10910034,Bangladesh,South Asia,Lower middle income,Dhaka,90.4113,23.7055,False
BGD,2021,6.93867912442445,2482.84917843357,38.91744466,Bangladesh,South Asia,Lower middle income,Dhaka,90.4113,23.7055,False
BGD,2022,7.09982877575158,2716.48592780431,41.61650085,Bangladesh,South Asia,Lower middle income,Dhaka,90.4113,23.7055,False
BGD,2023,5.77511237007889,2551.01773827307,44.50274195,Bangladesh,South Asia,Lower middle income,Dhaka,90.4113,23.7055,False
BGD,2024,4.22325911250161,2593.41611680774,53.42171316,Bangladesh,South Asia,Lower middle income,Dhaka,90.4113,23.7055,False
BGR,2000,4.58722553234129,1621.3452487867,5.37092346908696,Bulgaria,Europe & Central Asia,High income,Sofia,23.3238,42.7105,False
BGR,2001,3.82370222571771,1770.99748249575,7.6122977487982,Bulgaria,Europe & Central Asia,High income,Sofia,23.3238,42.7105,False
BGR,2002,5.87193134676191,2093.08967660564,9.08,Bulgaria,Europe & Central Asia,High income,Sofia,23.3238,42.7105,False
BGR,2003,5.23715282493174,2719.63335037372,12.04,Bulgaria,Europe & Central Asia,High income,Sofia,23.3238,42.7105,False
BGR,2004,6.5104241389717,3389.86047992391,18.13,Bulgaria,Europe & Central Asia,High income,Sofia,23.3238,42.7105,False
BGR,2005,7.05634916258309,3900.02501966492,19.97,Bulgaria,Europe & Central Asia,High income,Sofia,23.3238,42.7105,False
BGR,2006,6.80259262432862,4523.37797301782,27.09,Bulgaria,Europe & Central Asia,High income,Sofia,23.3238,42.7105,False
BGR,2007,6.65438512368812,5888.87094585161,33.64,Bulgaria,Europe & Central Asia,High income,Sofia,23.3238,42.7105,False
BGR,2008,6.12955885899744,7271.67443724077,39.67,Bulgaria,Europe & Central Asia,High income,Sofia,23.3238,42.7105,False
BGR,2009,-3.34714308501542,6988.63048446496,45.0,Bulgaria,Europe & Central Asia,High income,Sofia,23.3238,42.7105,False
BGR,2010,1.55536266288017,6854.2987837778,46.23,Bulgaria,Europe & Central Asia,High income,Sofia,23.3238,42.7105,False
BGR,2011,2.09017598337418,7849.98219737366,47.9799930506026,Bulgaria,Europe & Central Asia,High income,Sofia,23.3238,42.7105,False
BGR,2012,0.748814556346105,7432.33753378983,51.8999876658503,Bulgaria,Europe & Central Asia,High income,Sofia,23.3238,42.7105,False
BGR,2013,-0.542753400392826,7796.37945241455,53.0615,Bulgaria,Europe & Central Asia,High income,Sofia,23.3238,42.7105,False
BGR,2014,0.949449772002041,8070.01289303544,55.4903766299262,Bulgaria,Europe & Central Asia,High income,Sofia,23.3238,42.7105,False
BGR,2015,3.39755351999294,7269.02586513711,56.6562516053086,Bulgaria,Europe & Central Asia,High income,Sofia,23.3238,42.7105,False
BGR,2016,3.02662820096305,7822.89886431732,59.825547661014,Bulgaria,Europe & Central Asia,High income,Sofia,23.3238,42.7105,False
BGR,2017,2.74592737750996,8697.13373333715,63.4101013837926,Bulgaria,Europe & Central Asia,High income,Sofia,23.3238,42.7105,False
BGR,2018,2.33015054210419,9849.88769989118,64.78201069118,Bulgaria,Europe & Central Asia,High income,Sofia,23.3238,42.7105,False
BGR,2019,3.79331964589196,10354.2500414088,67.9469809417603,Bulgaria,Europe & Central Asia,High income,Sofia,23.3238,42.7105,False
BGR,2020,-3.13323543125917,10760.7616180234,70.16248359,Bulgaria,Europe & Central Asia,High income,Sofia,23.3238,42.7105,False
BGR,2021,7.82817310703665,12966.8085197381,75.27144583,Bulgaria,Europe & Central Asia,High income,Sofia,23.3238,42.7105,False
BGR,2022,4.08386398118941,13999.9113358453,79.12686326,Bulgaria,Europe & Central Asia,High income,Sofia,23.3238,42.7105,False
BGR,2023,1.68151075832925,15854.0192893772,80.38956462,Bulgaria,Europe & Central Asia,High income,Sofia,23.3238,42.7105,False
BGR,2024,3.38708962009333,17596.9167621233,82.438955,Bulgaria,Europe & Central Asia,High income,Sofia,23.3238,42.7105,False
BHR,2000,5.30006940305884,14214.4836839343,6.15373254647607,Bahrain,"Middle East, North Africa, Afghanistan & Pakistan",High income,Manama,50.5354,26.1921,False
BHR,2001,2.49094875338352,13573.2339887597,15.0386342513918,Bahrain,"Middle East, North Africa, Afghanistan & Pakistan",High income,Manama,50.5354,26.1921,False
BHR,2002,3.34855067103268,13501.4708801425,18.0507208881153,Bahrain,"Middle East, North Africa, Afghanistan & Pakistan",High income,Manama,50.5354,26.1921,False
BHR,2003,6.29644129075703,14486.0269029822,21.5549449917804,Bahrain,"Middle East, North Africa, Afghanistan & Pakistan",High income,Manama,50.5354,26.1921,False
BHR,2004,6.98096175867695,15963.9493171617,21.4586805077435,Bahrain,"Middle East, North Africa, Afghanistan & Pakistan",High income,Manama,50.5354,26.1921,False
BHR,2005,6.76899737789502,17966.1657837625,21.30369949,Bahrain,"Middle East, North Africa, Afghanistan & Pakistan",High income,Manama,50.5354,26.1921,False
BHR,2006,6.4669995195042,19267.282615072,28.24399948,Bahrain,"Middle East, North Africa, Afghanistan & Pakistan",High income,Manama,50.5354,26.1921,False
BHR,2007,8.29396129093843,20908.4042548073,32.91,Bahrain,"Middle East, North Africa, Afghanistan & Pakistan",High income,Manama,50.5354,26.1921,False
BHR,2008,6.24501094995797,23299.4992780392,51.95,Bahrain,"Middle East, North Africa, Afghanistan & Pakistan",High income,Manama,50.5354,26.1921,False
BHR,2009,2.53988570158225,19465.3140745038,53.0,Bahrain,"Middle East, North Africa, Afghanistan & Pakistan",High income,Manama,50.5354,26.1921,False
BHR,2010,4.3342989754845,21819.3291098099,55.0,Bahrain,"Middle East, North Africa, Afghanistan & Pakistan",High income,Manama,50.5354,26.1921,False
BHR,2011,1.92815791170796,25032.7867743333,76.9999665032303,Bahrain,"Middle East, North Africa, Afghanistan & Pakistan",High income,Manama,50.5354,26.1921,False
BHR,2012,3.80302899043062,26438.6733230428,88.0,Bahrain,"Middle East, North Africa, Afghanistan & Pakistan",High income,Manama,50.5354,26.1921,False
BHR,2013,5.29262224906203,26989.7601148469,90.0000397,Bahrain,"Middle East, North Africa, Afghanistan & Pakistan",High income,Manama,50.5354,26.1921,False
BHR,2014,4.30885692657077,26451.7965647453,90.5031334814656,Bahrain,"Middle East, North Africa, Afghanistan & Pakistan",High income,Manama,50.5354,26.1921,False
BHR,2015,2.50787205267615,23734.0551143019,93.4783007986129,Bahrain,"Middle East, North Africa, Afghanistan & Pakistan",High income,Manama,50.5354,26.1921,False
BHR,2016,3.81499327422425,23800.001440631,97.9999807024146,Bahrain,"Middle East, North Africa, Afghanistan & Pakistan",High income,Manama,50.5354,26.1921,False
BHR,2017,4.95383534123657,24784.7693514607,95.8781357543453,Bahrain,"Middle East, North Africa, Afghanistan & Pakistan",High income,Manama,50.5354,26.1921,False
BHR,2018,2.05258864979861,26324.4066549559,98.6446725799886,Bahrain,"Middle East, North Africa, Afghanistan & Pakistan",High income,Manama,50.5354,26.1921,False
BHR,2019,2.05287774418655,27259.7438599327,99.7015043807778,Bahrain,"Middle East, North Africa, Afghanistan & Pakistan",High income,Manama,50.5354,26.1921,False
BHR,2020,-5.9113629524152,24342.8444554718,99.67103159,Bahrain,"Middle East, North Africa, Afghanistan & Pakistan",High income,Manama,50.5354,26.1921,False
BHR,2021,4.35004091668986,27147.8083882286,100.0,Bahrain,"Middle East, North Africa, Afghanistan & Pakistan",High income,Manama,50.5354,26.1921,False
BHR,2022,6.18016125475185,30470.5219276023,100.0,Bahrain,"Middle East, North Africa, Afghanistan & Pakistan",High income,Manama,50.5354,26.1921,False
BHR,2023,3.87811614845566,29290.1284215098,100.0,Bahrain,"Middle East, North Africa, Afghanistan & Pakistan",High income,Manama,50.5354,26.1921,False
BHR,2024,2.89710543153512,29717.1424605273,100.0,Bahrain,"Middle East, North Africa, Afghanistan & Pakistan",High income,Manama,50.5354,26.1921,False
BHS,2000,4.14841930754267,24940.0775086078,8.0,"Bahamas, The",Latin America & Caribbean ,High income,Nassau,-77.339,25.0661,False
BHS,2001,2.62600982683425,25371.9237667614,11.8,"Bahamas, The",Latin America & Caribbean ,High income,Nassau,-77.339,25.0661,False
BHS,2002,2.70495624731029,26781.6195938652,18.0,"Bahamas, The",Latin America & Caribbean ,High income,Nassau,-77.339,25.0661,False
BHS,2003,-1.26491667612372,26429.1247787663,20.0,"Bahamas, The",Latin America & Caribbean ,High income,Nassau,-77.339,25.0661,False
BHS,2004,0.882373744518318,26650.2934234303,22.0,"Bahamas, The",Latin America & Caribbean ,High income,Nassau,-77.339,25.0661,False
BHS,2005,3.39608420536011,28602.4181869995,25.0,"Bahamas, The",Latin America & Caribbean ,High income,Nassau,-77.339,25.0661,False
BHS,2006,2.51659221712706,29184.7865087908,26.0,"Bahamas, The",Latin America & Caribbean ,High income,Nassau,-77.339,25.0661,False
BHS,2007,1.44609991235758,30051.8489587756,27.0,"Bahamas, The",Latin America & Caribbean ,High income,Nassau,-77.339,25.0661,False
BHS,2008,-2.32364807041851,29392.3824416397,31.54,"Bahamas, The",Latin America & Caribbean ,High income,Nassau,-77.339,25.0661,False
BHS,2009,-4.17542805647342,27512.9130950084,33.88,"Bahamas, The",Latin America & Caribbean ,High income,Nassau,-77.339,25.0661,False
BHS,2010,1.53866248693835,27473.100430502,43.0,"Bahamas, The",Latin America & Caribbean ,High income,Nassau,-77.339,25.0661,False
BHS,2011,0.613170735890648,27090.8376801379,65.0,"Bahamas, The",Latin America & Caribbean ,High income,Nassau,-77.339,25.0661,False
BHS,2012,4.52003886739061,28552.0242683151,71.74819946,"Bahamas, The",Latin America & Caribbean ,High income,Nassau,-77.339,25.0661,False
BHS,2013,-2.86320081549439,27642.7419759179,72.0,"Bahamas, The",Latin America & Caribbean ,High income,Nassau,-77.339,25.0661,False
BHS,2014,1.8469701294558,29137.2175632622,76.91999817,"Bahamas, The",Latin America & Caribbean ,High income,Nassau,-77.339,25.0661,False
BHS,2015,0.997411675486745,30719.405417469,78.0,"Bahamas, The",Latin America & Caribbean ,High income,Nassau,-77.339,25.0661,False
BHS,2016,-1.15650811269629,30616.5363157284,80.0,"Bahamas, The",Latin America & Caribbean ,High income,Nassau,-77.339,25.0661,False
BHS,2017,3.3713988456489,31875.4881749619,80.59999847,"Bahamas, The",Latin America & Caribbean ,High income,Nassau,-77.339,25.0661,False
BHS,2018,2.39795510823548,32642.3353203452,83.0,"Bahamas, The",Latin America & Caribbean ,High income,Nassau,-77.339,25.0661,False
BHS,2019,-0.838585871193203,33640.3369861278,90.69329834,"Bahamas, The",Latin America & Caribbean ,High income,Nassau,-77.339,25.0661,False
BHS,2020,-20.0893664891399,26178.7537607708,92.4437027,"Bahamas, The",Latin America & Caribbean ,High income,Nassau,-77.339,25.0661,False
BHS,2021,17.5861390037409,30367.8605757708,92.34980011,"Bahamas, The",Latin America & Caribbean ,High income,Nassau,-77.339,25.0661,False
BHS,2022,10.8779009410268,34957.1613279737,92.2559967,"Bahamas, The",Latin America & Caribbean ,High income,Nassau,-77.339,25.0661,False
BHS,2023,3.04824180553773,38231.774484278,92.38729858,"Bahamas, The",Latin America & Caribbean ,High income,Nassau,-77.339,25.0661,False
BHS,2024,3.37866553336166,39455.4466548546,92.47270203,"Bahamas, The",Latin America & Caribbean ,High income,Nassau,-77.339,25.0661,False
BIH,2000,5.41431598814764,1338.48059636261,1.08296074971207,Bosnia and Herzegovina,Europe & Central Asia,Upper middle income,Sarajevo,18.4214,43.8607,False
BIH,2001,2.42331312996704,1387.89362942121,1.20052695129649,Bosnia and Herzegovina,Europe & Central Asia,Upper middle income,Sarajevo,18.4214,43.8607,False
BIH,2002,5.027444647203,1606.5467454132,2.64826791361244,Bosnia and Herzegovina,Europe & Central Asia,Upper middle income,Sarajevo,18.4214,43.8607,False
BIH,2003,3.86713552011777,2033.94700935864,3.96503683387051,Bosnia and Herzegovina,Europe & Central Asia,Upper middle income,Sarajevo,18.4214,43.8607,False
BIH,2004,6.32526794858342,2452.6860917386,15.4689716227665,Bosnia and Herzegovina,Europe & Central Asia,Upper middle income,Sarajevo,18.4214,43.8607,False
BIH,2005,3.89718320544974,2739.61076866057,21.3267010007738,Bosnia and Herzegovina,Europe & Central Asia,Upper middle income,Sarajevo,18.4214,43.8607,False
BIH,2006,5.41400299607282,3166.12865344833,25.1223856852117,Bosnia and Herzegovina,Europe & Central Asia,Upper middle income,Sarajevo,18.4214,43.8607,False
BIH,2007,5.85911689412598,3931.48948737505,27.92,Bosnia and Herzegovina,Europe & Central Asia,Upper middle income,Sarajevo,18.4214,43.8607,False
BIH,2008,5.44184730165964,4841.69311934649,34.66,Bosnia and Herzegovina,Europe & Central Asia,Upper middle income,Sarajevo,18.4214,43.8607,False
BIH,2009,-3.0044555389081,4539.91863774968,37.74,Bosnia and Herzegovina,Europe & Central Asia,Upper middle income,Sarajevo,18.4214,43.8607,False
BIH,2010,0.865667236280544,4506.47828548389,42.75,Bosnia and Herzegovina,Europe & Central Asia,Upper middle income,Sarajevo,18.4214,43.8607,False
BIH,2011,0.959511709726897,4982.69375768263,43.88769913,Bosnia and Herzegovina,Europe & Central Asia,Upper middle income,Sarajevo,18.4214,43.8607,False
BIH,2012,-0.821837252962993,4693.78899115381,45.0644989,Bosnia and Herzegovina,Europe & Central Asia,Upper middle income,Sarajevo,18.4214,43.8607,False
BIH,2013,2.34985873172397,5034.56634817068,48.52130127,Bosnia and Herzegovina,Europe & Central Asia,Upper middle income,Sarajevo,18.4214,43.8607,False
BIH,2014,1.15384793371298,5206.06573475132,49.91770172,Bosnia and Herzegovina,Europe & Central Asia,Upper middle income,Sarajevo,18.4214,43.8607,False
BIH,2015,4.28413016137854,4662.25869219448,52.59999847,Bosnia and Herzegovina,Europe & Central Asia,Upper middle income,Sarajevo,18.4214,43.8607,False
BIH,2016,3.24225822231566,4928.5665903114,60.2565354318987,Bosnia and Herzegovina,Europe & Central Asia,Upper middle income,Sarajevo,18.4214,43.8607,False
BIH,2017,3.24409895306594,5345.01978766473,64.8920205128383,Bosnia and Herzegovina,Europe & Central Asia,Upper middle income,Sarajevo,18.4214,43.8607,False
BIH,2018,3.82900399349064,6047.84707207392,70.1201350394885,Bosnia and Herzegovina,Europe & Central Asia,Upper middle income,Sarajevo,18.4214,43.8607,False
BIH,2019,2.88585242083978,6122.37541352353,69.9463476317266,Bosnia and Herzegovina,Europe & Central Asia,Upper middle income,Sarajevo,18.4214,43.8607,False
BIH,2020,-3.01509335460439,6130.31187968266,73.21175294,Bosnia and Herzegovina,Europe & Central Asia,Upper middle income,Sarajevo,18.4214,43.8607,False
BIH,2021,7.39164256472846,7295.34378682258,75.67620138,Bosnia and Herzegovina,Europe & Central Asia,Upper middle income,Sarajevo,18.4214,43.8607,False
BIH,2022,4.22681333390325,7655.59421024383,78.8455371,Bosnia and Herzegovina,Europe & Central Asia,Upper middle income,Sarajevo,18.4214,43.8607,False
BIH,2023,1.99439414850893,8663.02326458629,83.3771539,Bosnia and Herzegovina,Europe & Central Asia,Upper middle income,Sarajevo,18.4214,43.8607,False
BIH,2024,3.22679979810856,9397.90942855997,86.10091103,Bosnia and Herzegovina,Europe & Central Asia,Upper middle income,Sarajevo,18.4214,43.8607,False
BLR,2000,5.80000327485702,1276.2880341,1.86039812615388,Belarus,Europe & Central Asia,Upper middle income,Minsk,27.5766,53.9678,False
BLR,2001,4.72530605111095,1244.37318523431,4.30061602151712,Belarus,Europe & Central Asia,Upper middle income,Minsk,27.5766,53.9678,False
BLR,2002,5.04526758311702,1479.38066337175,8.95097131467325,Belarus,Europe & Central Asia,Upper middle income,Minsk,27.5766,53.9678,False
BLR,2003,7.04319246586394,1819.52653114699,,Belarus,Europe & Central Asia,Upper middle income,Minsk,27.5766,53.9678,False
BLR,2004,11.4497432088167,2378.33700470129,,Belarus,Europe & Central Asia,Upper middle income,Minsk,27.5766,53.9678,False
BLR,2005,9.40000151584914,3126.07176665248,,Belarus,Europe & Central Asia,Upper middle income,Minsk,27.5766,53.9678,False
BLR,2006,9.99999473022963,3848.22350300163,16.2,Belarus,Europe & Central Asia,Upper middle income,Minsk,27.5766,53.9678,False
BLR,2007,8.60000659811426,4735.48107556066,19.7,Belarus,Europe & Central Asia,Upper middle income,Minsk,27.5766,53.9678,False
BLR,2008,10.1999994860937,6376.17569162063,23.0,Belarus,Europe & Central Asia,Upper middle income,Minsk,27.5766,53.9678,False
BLR,2009,0.199995231733979,5352.48809190697,27.43,Belarus,Europe & Central Asia,Upper middle income,Minsk,27.5766,53.9678,False
BLR,2010,7.75001707500896,6034.67885177216,31.8,Belarus,Europe & Central Asia,Upper middle income,Minsk,27.5766,53.9678,False
BLR,2011,5.54997471638077,6527.6593428786,39.6488956598961,Belarus,Europe & Central Asia,Upper middle income,Minsk,27.5766,53.9678,False
BLR,2012,1.70785253368828,6953.21591683101,46.91,Belarus,Europe & Central Asia,Upper middle income,Minsk,27.5766,53.9678,False
BLR,2013,0.998719299661161,7998.0802045456,54.17,Belarus,Europe & Central Asia,Upper middle income,Minsk,27.5766,53.9678,False
BLR,2014,1.65112470228097,8341.31809294883,59.0163187101542,Belarus,Europe & Central Asia,Upper middle income,Minsk,27.5766,53.9678,False
BLR,2015,-3.82957056812593,5967.05595058777,62.230360906803,Belarus,Europe & Central Asia,Upper middle income,Minsk,27.5766,53.9678,False
BLR,2016,-2.5264464460425,5039.77560949445,71.1130457603832,Belarus,Europe & Central Asia,Upper middle income,Minsk,27.5766,53.9678,False
BLR,2017,2.53218349471909,5785.54491935194,74.4364454136036,Belarus,Europe & Central Asia,Upper middle income,Minsk,27.5766,53.9678,False
BLR,2018,3.14919758275296,6360.037502312,79.1298866919307,Belarus,Europe & Central Asia,Upper middle income,Minsk,27.5766,53.9678,False
BLR,2019,1.44645548204305,6837.77339645635,82.7891520910901,Belarus,Europe & Central Asia,Upper middle income,Minsk,27.5766,53.9678,False
BLR,2020,-0.672742918585868,6542.85579976768,85.08791245,Belarus,Europe & Central Asia,Upper middle income,Minsk,27.5766,53.9678,False
BLR,2021,2.43886210234947,7489.71894713888,86.88841196,Belarus,Europe & Central Asia,Upper middle income,Minsk,27.5766,53.9678,False
BLR,2022,-4.65839591328999,7994.64806074889,89.50733148,Belarus,Europe & Central Asia,Upper middle income,Minsk,27.5766,53.9678,False
BLR,2023,4.12654007153881,7896.75388295584,91.51249979,Belarus,Europe & Central Asia,Upper middle income,Minsk,27.5766,53.9678,False
BLR,2024,4.34999638140579,8605.60954569694,94.26182128,Belarus,Europe & Central Asia,Upper middle income,Minsk,27.5766,53.9678,False
BLZ,2000,12.2406120663359,4726.50675459616,5.96383530272428,Belize,Latin America & Caribbean ,Upper middle income,Belmopan,-88.7713,17.2534,False
BLZ,2001,4.99356206143864,4718.77715104739,,Belize,Latin America & Caribbean ,Upper middle income,Belmopan,-88.7713,17.2534,False
BLZ,2002,5.39907320663811,4858.86062599362,5.68425121358763,Belize,Latin America & Caribbean ,Upper middle income,Belmopan,-88.7713,17.2534,False
BLZ,2003,9.66522679614125,4959.74012434605,,Belize,Latin America & Caribbean ,Upper middle income,Belmopan,-88.7713,17.2534,False
BLZ,2004,4.78066505273344,5153.71308265363,9.8,Belize,Latin America & Caribbean ,Upper middle income,Belmopan,-88.7713,17.2534,False
BLZ,2005,2.2191905367057,5270.41479135312,17.0,Belize,Latin America & Caribbean ,Upper middle income,Belmopan,-88.7713,17.2534,False
BLZ,2006,4.51145460193301,5524.78167834986,24.0,Belize,Latin America & Caribbean ,Upper middle income,Belmopan,-88.7713,17.2534,False
BLZ,2007,3.33939738340764,5762.21023302938,24.60000038,Belize,Latin America & Caribbean ,Upper middle income,Belmopan,-88.7713,17.2534,False
BLZ,2008,-1.62747776449082,5711.81458859709,26.29999924,Belize,Latin America & Caribbean ,Upper middle income,Belmopan,-88.7713,17.2534,False
BLZ,2009,-0.446709636828217,5399.67100001919,27.20000076,Belize,Latin America & Caribbean ,Upper middle income,Belmopan,-88.7713,17.2534,False
BLZ,2010,1.41741099233461,5461.40735999001,28.2,Belize,Latin America & Caribbean ,Upper middle income,Belmopan,-88.7713,17.2534,False
BLZ,2011,-0.13007112300869,5596.05222152289,30.70000076,Belize,Latin America & Caribbean ,Upper middle income,Belmopan,-88.7713,17.2534,False
BLZ,2012,3.94389321816617,5732.66519942347,31.0,Belize,Latin America & Caribbean ,Upper middle income,Belmopan,-88.7713,17.2534,False
BLZ,2013,4.06646561608865,5957.34953619006,33.59999847,Belize,Latin America & Caribbean ,Upper middle income,Belmopan,-88.7713,17.2534,False
BLZ,2014,3.89226067249989,6128.12053089077,38.70000076,Belize,Latin America & Caribbean ,Upper middle income,Belmopan,-88.7713,17.2534,False
BLZ,2015,2.7602602736023,6154.62264230369,41.59000015,Belize,Latin America & Caribbean ,Upper middle income,Belmopan,-88.7713,17.2534,False
BLZ,2016,-0.0187414958130319,6140.86713919469,44.57569885,Belize,Latin America & Caribbean ,Upper middle income,Belmopan,-88.7713,17.2534,False
BLZ,2017,-1.83323729057784,6071.85451846453,48.8771019,Belize,Latin America & Caribbean ,Upper middle income,Belmopan,-88.7713,17.2534,False
BLZ,2018,0.822068592512508,6011.99036888587,53.59360123,Belize,Latin America & Caribbean ,Upper middle income,Belmopan,-88.7713,17.2534,False
BLZ,2019,4.25658710030072,6171.61449761423,58.76520157,Belize,Latin America & Caribbean ,Upper middle income,Belmopan,-88.7713,17.2534,False
BLZ,2020,-13.5228997055506,5238.54078175696,64.43589783,Belize,Latin America & Caribbean ,Upper middle income,Belmopan,-88.7713,17.2534,False
BLZ,2021,17.9899244143607,6142.98930557031,70.65370178,Belize,Latin America & Caribbean ,Upper middle income,Belmopan,-88.7713,17.2534,False
BLZ,2022,9.25051329530994,7068.21728043145,69.98329926,Belize,Latin America & Caribbean ,Upper middle income,Belmopan,-88.7713,17.2534,False
BLZ,2023,0.500127941638667,7424.75821321022,70.18720245,Belize,Latin America & Caribbean ,Upper middle income,Belmopan,-88.7713,17.2534,False
BLZ,2024,3.50466435023895,7681.24400583113,80.00582262,Belize,Latin America & Caribbean ,Upper middle income,Belmopan,-88.7713,17.2534,False
BMU,2000,9.31715641086083,56542.9569455727,42.9498600152711,Bermuda,North America,High income,Hamilton,-64.706,32.3293,False
BMU,2001,7.22243553752608,59490.2452034202,47.5096998970623,Bermuda,North America,High income,Hamilton,-64.706,32.3293,False
BMU,2002,-1.47779059768867,63358.5658652763,52.0315973700393,Bermuda,North America,High income,Hamilton,-64.706,32.3293,False
BMU,2003,3.41070667687531,67106.8028083224,56.5220121836337,Bermuda,North America,High income,Hamilton,-64.706,32.3293,False
BMU,2004,2.32126722323136,71692.1589001679,60.9908670086326,Bermuda,North America,High income,Hamilton,-64.706,32.3293,False
BMU,2005,1.67420611410508,77628.103522508,65.4470657898838,Bermuda,North America,High income,Hamilton,-64.706,32.3293,False
BMU,2006,5.5438663804406,97781.4558996721,69.8996551617012,Bermuda,North America,High income,Hamilton,-64.706,32.3293,False
BMU,2007,3.34513970877607,107395.651483891,74.3505940302669,Bermuda,North America,High income,Hamilton,-64.706,32.3293,False
BMU,2008,-1.86595582635186,110268.562401264,82.3,Bermuda,North America,High income,Hamilton,-64.706,32.3293,False
BMU,2009,-5.6266977105161,104711.712420357,83.25,Bermuda,North America,High income,Hamilton,-64.706,32.3293,False
BMU,2010,-2.50287828947368,104111.824244802,84.21,Bermuda,North America,High income,Hamilton,-64.706,32.3293,False
BMU,2011,-3.74274431740703,99049.0169927667,88.336,Bermuda,North America,High income,Hamilton,-64.706,32.3293,False
BMU,2012,-5.30529910675297,100213.493385287,91.2993045243401,Bermuda,North America,High income,Hamilton,-64.706,32.3293,False
BMU,2013,-0.279708545423034,101704.40746217,95.3,Bermuda,North America,High income,Hamilton,-64.706,32.3293,False
BMU,2014,-3.70106759364258,100961.576602811,96.8,Bermuda,North America,High income,Hamilton,-64.706,32.3293,False
BMU,2015,0.775529699568978,104855.366822135,98.3236096537251,Bermuda,North America,High income,Hamilton,-64.706,32.3293,False
BMU,2016,-0.657206304259205,108747.356144305,98.0,Bermuda,North America,High income,Hamilton,-64.706,32.3293,False
BMU,2017,3.61141983706115,112339.425587467,98.37,Bermuda,North America,High income,Hamilton,-64.706,32.3293,False
BMU,2018,-0.432801300339307,113204.82210838,,Bermuda,North America,High income,Hamilton,-64.706,32.3293,False
BMU,2019,0.307106461240664,115798.040775578,,Bermuda,North America,High income,Hamilton,-64.706,32.3293,False
BMU,2020,-6.97162571479863,106976.546239632,,Bermuda,North America,High income,Hamilton,-64.706,32.3293,False
BMU,2021,4.76497899668355,112765.08167306,,Bermuda,North America,High income,Hamilton,-64.706,32.3293,False
BMU,2022,6.25695521240877,119969.173269085,,Bermuda,North America,High income,Hamilton,-64.706,32.3293,False
BMU,2023,4.33447280353832,132961.760796315,,Bermuda,North America,High income,Hamilton,-64.706,32.3293,False
BMU,2024,1.88822861970388,142250.433195123,,Bermuda,North America,High income,Hamilton,-64.706,32.3293,False
BOL,2000,2.50781081484664,975.777060358751,1.4427635847914,Bolivia,Latin America & Caribbean ,Lower middle income,La Paz,-66.1936,-13.9908,False
BOL,2001,1.68379914527159,930.168227214313,2.1204625341365,Bolivia,Latin America & Caribbean ,Lower middle income,La Paz,-66.1936,-13.9908,False
BOL,2002,2.48556576601922,888.221328974352,3.11719294696997,Bolivia,Latin America & Caribbean ,Lower middle income,La Paz,-66.1936,-13.9908,False
BOL,2003,2.7113398065361,893.013760211149,3.50859640072336,Bolivia,Latin America & Caribbean ,Lower middle income,La Paz,-66.1936,-13.9908,False
BOL,2004,4.1732955905708,953.191893246277,4.43992460120042,Bolivia,Latin America & Caribbean ,Lower middle income,La Paz,-66.1936,-13.9908,False
BOL,2005,4.42143313550196,1020.12326200737,5.22758395663196,Bolivia,Latin America & Caribbean ,Lower middle income,La Paz,-66.1936,-13.9908,False
BOL,2006,4.79700881067477,1202.71150446327,6.20067125473576,Bolivia,Latin America & Caribbean ,Lower middle income,La Paz,-66.1936,-13.9908,False
BOL,2007,4.56438425143126,1354.54905949929,10.49919987,Bolivia,Latin America & Caribbean ,Lower middle income,La Paz,-66.1936,-13.9908,False
BOL,2008,6.14849787777658,1692.67248455876,12.5,Bolivia,Latin America & Caribbean ,Lower middle income,La Paz,-66.1936,-13.9908,False
BOL,2009,3.35699958346049,1731.18172112209,16.79999924,Bolivia,Latin America & Caribbean ,Lower middle income,La Paz,-66.1936,-13.9908,False
BOL,2010,4.12672258996274,1929.78373077158,22.39999962,Bolivia,Latin America & Caribbean ,Lower middle income,La Paz,-66.1936,-13.9908,False
BOL,2011,5.20409245282328,2315.52121930607,30.0,Bolivia,Latin America & Caribbean ,Lower middle income,La Paz,-66.1936,-13.9908,False
BOL,2012,5.12227560125973,2575.59857098084,35.34,Bolivia,Latin America & Caribbean ,Lower middle income,La Paz,-66.1936,-13.9908,False
BOL,2013,6.79601141268498,2870.02377000756,36.99,Bolivia,Latin America & Caribbean ,Lower middle income,La Paz,-66.1936,-13.9908,False
BOL,2014,5.46056949136766,3041.43503162408,34.6016202324676,Bolivia,Latin America & Caribbean ,Lower middle income,La Paz,-66.1936,-13.9908,False
BOL,2015,4.85718718508603,2996.01289811344,37.4868176324391,Bolivia,Latin America & Caribbean ,Lower middle income,La Paz,-66.1936,-13.9908,False
BOL,2016,4.26392086992173,3035.87347732132,39.69749832,Bolivia,Latin America & Caribbean ,Lower middle income,La Paz,-66.1936,-13.9908,False
BOL,2017,4.19520633364647,4048.40119739839,43.83229828,Bolivia,Latin America & Caribbean ,Lower middle income,La Paz,-66.1936,-13.9908,False
BOL,2018,2.86808404814794,4206.8552936661,44.2861422024283,Bolivia,Latin America & Caribbean ,Lower middle income,La Paz,-66.1936,-13.9908,False
BOL,2019,1.50672102666863,4203.15492855788,47.4748191121692,Bolivia,Latin America & Caribbean ,Lower middle income,La Paz,-66.1936,-13.9908,False
BOL,2020,-12.7194690092717,3580.96761778303,59.94010155,Bolivia,Latin America & Caribbean ,Lower middle income,La Paz,-66.1936,-13.9908,False
BOL,2021,10.0290488827886,4010.76053686204,65.9773785,Bolivia,Latin America & Caribbean ,Lower middle income,La Paz,-66.1936,-13.9908,False
BOL,2022,3.74741781241461,4219.46113742445,72.62270355,Bolivia,Latin America & Caribbean ,Lower middle income,La Paz,-66.1936,-13.9908,False
BOL,2023,2.51636590154891,4274.70820547613,77.30039978,Bolivia,Latin America & Caribbean ,Lower middle income,La Paz,-66.1936,-13.9908,False
BOL,2024,-1.12335595517212,4421.16609889999,79.70469666,Bolivia,Latin America & Caribbean ,Lower middle income,La Paz,-66.1936,-13.9908,False
BRA,2000,4.38794944745618,3766.54811466032,2.87068515854108,Brazil,Latin America & Caribbean ,Upper middle income,Brasilia,-47.9292,-15.7801,False
BRA,2001,1.38989640095637,3176.28935747524,4.52849486902851,Brazil,Latin America & Caribbean ,Upper middle income,Brasilia,-47.9292,-15.7801,False
BRA,2002,3.05346185909312,2855.94018885769,9.14942508560748,Brazil,Latin America & Caribbean ,Upper middle income,Brasilia,-47.9292,-15.7801,False
BRA,2003,1.14082899824888,3090.6070097455,13.2075861035303,Brazil,Latin America & Caribbean ,Upper middle income,Brasilia,-47.9292,-15.7801,False
BRA,2004,5.75996463670954,3663.823188064,19.073672274442,Brazil,Latin America & Caribbean ,Upper middle income,Brasilia,-47.9292,-15.7801,False
BRA,2005,3.20213206130431,4827.78173074714,21.022747248827,Brazil,Latin America & Caribbean ,Upper middle income,Brasilia,-47.9292,-15.7801,False
BRA,2006,3.96198871122617,5934.14470924968,28.17840004,Brazil,Latin America & Caribbean ,Upper middle income,Brasilia,-47.9292,-15.7801,False
BRA,2007,6.06987060678338,7409.69130673473,30.87999916,Brazil,Latin America & Caribbean ,Upper middle income,Brasilia,-47.9292,-15.7801,False
BRA,2008,5.09419544658736,8908.33176538648,33.83,Brazil,Latin America & Caribbean ,Upper middle income,Brasilia,-47.9292,-15.7801,False
BRA,2009,-0.125812002161169,8678.6592244676,39.22,Brazil,Latin America & Caribbean ,Upper middle income,Brasilia,-47.9292,-15.7801,False
BRA,2010,7.52822581815364,11403.2821278747,40.65,Brazil,Latin America & Caribbean ,Upper middle income,Brasilia,-47.9292,-15.7801,False
BRA,2011,3.97442307944702,13396.6243562986,45.69,Brazil,Latin America & Caribbean ,Upper middle income,Brasilia,-47.9292,-15.7801,False
BRA,2012,1.92117598576537,12521.7213519966,48.56,Brazil,Latin America & Caribbean ,Upper middle income,Brasilia,-47.9292,-15.7801,False
BRA,2013,3.00482266944432,12458.8912138813,51.04,Brazil,Latin America & Caribbean ,Upper middle income,Brasilia,-47.9292,-15.7801,False
BRA,2014,0.503955740242247,12274.9939689363,54.5510018796392,Brazil,Latin America & Caribbean ,Upper middle income,Brasilia,-47.9292,-15.7801,False
BRA,2015,-3.54576339269425,8936.19661712113,58.3279517340924,Brazil,Latin America & Caribbean ,Upper middle income,Brasilia,-47.9292,-15.7801,False
BRA,2016,-3.27591690782192,8836.28652735657,60.8725400681261,Brazil,Latin America & Caribbean ,Upper middle income,Brasilia,-47.9292,-15.7801,False
BRA,2017,1.32286905404399,10080.5092819305,67.4712845236305,Brazil,Latin America & Caribbean ,Upper middle income,Brasilia,-47.9292,-15.7801,False
BRA,2018,1.783666761634,9300.66164923219,70.4342825404361,Brazil,Latin America & Caribbean ,Upper middle income,Brasilia,-47.9292,-15.7801,False
BRA,2019,1.22077782360842,9029.83326681073,73.9124399133589,Brazil,Latin America & Caribbean ,Upper middle income,Brasilia,-47.9292,-15.7801,False
BRA,2020,-3.2767587964736,7074.19378337644,81.34269353,Brazil,Latin America & Caribbean ,Upper middle income,Brasilia,-47.9292,-15.7801,False
BRA,2021,4.76260437908608,7972.5366498646,80.68989314,Brazil,Latin America & Caribbean ,Upper middle income,Brasilia,-47.9292,-15.7801,False
BRA,2022,3.01669435393015,9281.33334441234,80.52775094,Brazil,Latin America & Caribbean ,Upper middle income,Brasilia,-47.9292,-15.7801,False
BRA,2023,3.24165532906981,10377.5892792557,84.15060238,Brazil,Latin America & Caribbean ,Upper middle income,Brasilia,-47.9292,-15.7801,False
BRA,2024,3.41931516501906,10310.5486973693,84.46347227,Brazil,Latin America & Caribbean ,Upper middle income,Brasilia,-47.9292,-15.7801,False
BRB,2000,4.44718949183194,11674.6736471764,3.97367835457927,Barbados,Latin America & Caribbean ,High income,Bridgetown,-59.6105,13.0935,False
BRB,2001,-2.36546415544167,11639.5160522054,11.9364503383984,Barbados,Latin America & Caribbean ,High income,Bridgetown,-59.6105,13.0935,False
BRB,2002,0.787401645449506,11760.4524736133,27.836322424146,Barbados,Latin America & Caribbean ,High income,Bridgetown,-59.6105,13.0935,False
BRB,2003,2.175481019956,12075.9587020649,39.6896271159532,Barbados,Latin America & Caribbean ,High income,Bridgetown,-59.6105,13.0935,False
BRB,2004,1.411597864066,12886.3665272467,49.8,Barbados,Latin America & Caribbean ,High income,Bridgetown,-59.6105,13.0935,False
BRB,2005,3.95545709487497,14214.4202213572,52.5,Barbados,Latin America & Caribbean ,High income,Bridgetown,-59.6105,13.0935,False
BRB,2006,6.07054679359618,15619.6005955511,55.29999924,Barbados,Latin America & Caribbean ,High income,Bridgetown,-59.6105,13.0935,False
BRB,2007,2.07918360507011,17235.4396434785,58.20000076,Barbados,Latin America & Caribbean ,High income,Bridgetown,-59.6105,13.0935,False
BRB,2008,0.633460425791839,17565.6929970592,61.40000153,Barbados,Latin America & Caribbean ,High income,Bridgetown,-59.6105,13.0935,False
BRB,2009,-5.01727544996282,16294.9099491834,64.69999695,Barbados,Latin America & Caribbean ,High income,Bridgetown,-59.6105,13.0935,False
BRB,2010,-8.08072121134387,19723.2381931602,65.09999847,Barbados,Latin America & Caribbean ,High income,Bridgetown,-59.6105,13.0935,False
BRB,2011,-0.074211165126286,20146.2381264508,66.5,Barbados,Latin America & Caribbean ,High income,Bridgetown,-59.6105,13.0935,False
BRB,2012,-2.85797051387257,19811.2953079751,71.19999695,Barbados,Latin America & Caribbean ,High income,Bridgetown,-59.6105,13.0935,False
BRB,2013,0.195322007310409,20384.4910233555,71.80000305,Barbados,Latin America & Caribbean ,High income,Bridgetown,-59.6105,13.0935,False
BRB,2014,0.807325350394564,20423.7177921163,71.92459869,Barbados,Latin America & Caribbean ,High income,Bridgetown,-59.6105,13.0935,False
BRB,2015,-0.772620078410995,20429.4747123553,72.04940033,Barbados,Latin America & Caribbean ,High income,Bridgetown,-59.6105,13.0935,False
BRB,2016,1.41632446821541,20311.4094163764,71.57299805,Barbados,Latin America & Caribbean ,High income,Bridgetown,-59.6105,13.0935,False
BRB,2017,0.654655602860373,20870.7596432179,71.14849854,Barbados,Latin America & Caribbean ,High income,Bridgetown,-59.6105,13.0935,False
BRB,2018,-0.252085325827849,21378.2201267496,70.72650146,Barbados,Latin America & Caribbean ,High income,Bridgetown,-59.6105,13.0935,False
BRB,2019,0.241099789148677,21929.435611489,70.30709839,Barbados,Latin America & Caribbean ,High income,Bridgetown,-59.6105,13.0935,False
BRB,2020,-17.4059314651747,19180.9915228365,69.89009857,Barbados,Latin America & Caribbean ,High income,Bridgetown,-59.6105,13.0935,False
BRB,2021,8.0198770096479,21084.4013935998,69.4756012,Barbados,Latin America & Caribbean ,High income,Bridgetown,-59.6105,13.0935,False
BRB,2022,15.9453206225473,24393.2193483944,69.06359863,Barbados,Latin America & Caribbean ,High income,Bridgetown,-59.6105,13.0935,False
BRB,2023,1.81419817804516,25583.8722302505,69.67510223,Barbados,Latin America & Caribbean ,High income,Bridgetown,-59.6105,13.0935,False
BRB,2024,3.3669492581395,26897.2002039176,70.36470032,Barbados,Latin America & Caribbean ,High income,Bridgetown,-59.6105,13.0935,False
BRN,2000,3.47467627672586,20130.2572346624,8.99628453448726,Brunei Darussalam,East Asia & Pacific,High income,Bandar Seri Begawan,114.946,4.94199,False
BRN,2001,1.4660608198711,18287.8272281914,12.9177690823013,Brunei Darussalam,East Asia & Pacific,High income,Bandar Seri Begawan,114.946,4.94199,False
BRN,2002,3.9614389000248,18621.2922577525,15.329879855735,Brunei Darussalam,East Asia & Pacific,High income,Bandar Seri Begawan,114.946,4.94199,False
BRN,2003,3.58342909978997,20677.9001143188,19.5950032207342,Brunei Darussalam,East Asia & Pacific,High income,Bandar Seri Begawan,114.946,4.94199,False
BRN,2004,0.104538372603315,24423.0946995548,29.7156041447864,Brunei Darussalam,East Asia & Pacific,High income,Bandar Seri Begawan,114.946,4.94199,False
BRN,2005,-0.00392531660746442,29386.2703822862,36.4663919475782,Brunei Darussalam,East Asia & Pacific,High income,Bandar Seri Begawan,114.946,4.94199,False
BRN,2006,4.09841257308588,34674.7995236452,42.1863491609307,Brunei Darussalam,East Asia & Pacific,High income,Bandar Seri Begawan,114.946,4.94199,False
BRN,2007,-3.76362326254647,36217.3290706015,44.68,Brunei Darussalam,East Asia & Pacific,High income,Bandar Seri Begawan,114.946,4.94199,False
BRN,2008,-3.90071101715114,42156.5685838672,46.0,Brunei Darussalam,East Asia & Pacific,High income,Bandar Seri Begawan,114.946,4.94199,False
BRN,2009,-1.90025367202547,30946.4673773828,49.0,Brunei Darussalam,East Asia & Pacific,High income,Bandar Seri Begawan,114.946,4.94199,False
BRN,2010,2.74136439456163,34937.5555357155,53.0,Brunei Darussalam,East Asia & Pacific,High income,Bandar Seri Begawan,114.946,4.94199,False
BRN,2011,3.74440625524871,46382.8274255349,56.0,Brunei Darussalam,East Asia & Pacific,High income,Bandar Seri Begawan,114.946,4.94199,False
BRN,2012,0.913135189664487,46968.5971164922,60.27310181,Brunei Darussalam,East Asia & Pacific,High income,Bandar Seri Begawan,114.946,4.94199,False
BRN,2013,-2.12478292664558,44003.0644273461,64.5,Brunei Darussalam,East Asia & Pacific,High income,Bandar Seri Begawan,114.946,4.94199,False
BRN,2014,-2.50788727590711,41026.5084247957,68.76999664,Brunei Darussalam,East Asia & Pacific,High income,Bandar Seri Begawan,114.946,4.94199,False
BRN,2015,-0.392383749502031,30625.1287744656,71.19999695,Brunei Darussalam,East Asia & Pacific,High income,Bandar Seri Begawan,114.946,4.94199,False
BRN,2016,-2.47791771833224,26663.2972950602,90.0,Brunei Darussalam,East Asia & Pacific,High income,Bandar Seri Begawan,114.946,4.94199,False
BRN,2017,1.32872661057823,28024.3824580252,94.86669922,Brunei Darussalam,East Asia & Pacific,High income,Bandar Seri Begawan,114.946,4.94199,False
BRN,2018,0.0523710418528935,30988.1190267227,95.0,Brunei Darussalam,East Asia & Pacific,High income,Bandar Seri Begawan,114.946,4.94199,False
BRN,2019,3.86884436177075,30426.5730656528,95.0,Brunei Darussalam,East Asia & Pacific,High income,Bandar Seri Begawan,114.946,4.94199,False
BRN,2020,1.1335733495246,26834.3592233943,96.30549622,Brunei Darussalam,East Asia & Pacific,High income,Bandar Seri Begawan,114.946,4.94199,False
BRN,2021,-1.59076260099606,31006.9636289785,97.62879944,Brunei Darussalam,East Asia & Pacific,High income,Bandar Seri Begawan,114.946,4.94199,False
BRN,2022,-1.62833154515108,36632.9280952155,98.97042579,Brunei Darussalam,East Asia & Pacific,High income,Bandar Seri Begawan,114.946,4.94199,False
BRN,2023,1.12764418162719,32890.5491812019,98.97039795,Brunei Darussalam,East Asia & Pacific,High income,Bandar Seri Begawan,114.946,4.94199,False
BRN,2024,4.05251709306727,33153.4738913513,96.29828801,Brunei Darussalam,East Asia & Pacific,High income,Bandar Seri Begawan,114.946,4.94199,False
BTN,2000,3.35506838174288,771.924911410619,0.40094444691941,Bhutan,South Asia,Lower middle income,Thimphu,89.6177,27.5768,False
BTN,2001,7.32837435673082,812.238210772056,0.864628564215099,Bhutan,South Asia,Lower middle income,Thimphu,89.6177,27.5768,False
BTN,2002,10.4437797168913,895.799489930972,1.67580258375242,Bhutan,South Asia,Lower middle income,Thimphu,89.6177,27.5768,False
BTN,2003,7.78656040877364,1022.38240311018,2.43691239949767,Bhutan,South Asia,Lower middle income,Thimphu,89.6177,27.5768,False
BTN,2004,5.15725736177561,1130.35934606796,3.15698419613711,Bhutan,South Asia,Lower middle income,Thimphu,89.6177,27.5768,False
BTN,2005,6.93507146766659,1299.94938578359,3.847100019,Bhutan,South Asia,Lower middle income,Thimphu,89.6177,27.5768,False
BTN,2006,5.6408051539139,1405.6071618158,4.518300056,Bhutan,South Asia,Lower middle income,Thimphu,89.6177,27.5768,False
BTN,2007,16.1047836542012,1850.41570433398,5.92,Bhutan,South Asia,Lower middle income,Thimphu,89.6177,27.5768,False
BTN,2008,4.52944877696235,1919.59774896395,6.55,Bhutan,South Asia,Lower middle income,Thimphu,89.6177,27.5768,False
BTN,2009,7.66749238553135,1918.39599211093,7.17,Bhutan,South Asia,Lower middle income,Thimphu,89.6177,27.5768,False
BTN,2010,11.9318738376229,2435.5798056672,13.6,Bhutan,South Asia,Lower middle income,Thimphu,89.6177,27.5768,False
BTN,2011,8.4892584842808,2787.97967608562,14.39999962,Bhutan,South Asia,Lower middle income,Thimphu,89.6177,27.5768,False
BTN,2012,5.16482012683895,2751.2128864294,15.60000038,Bhutan,South Asia,Lower middle income,Thimphu,89.6177,27.5768,False
BTN,2013,1.73634039505693,2679.95217201538,22.39999962,Bhutan,South Asia,Lower middle income,Thimphu,89.6177,27.5768,False
BTN,2014,5.88108550658288,2849.49998647303,30.29999924,Bhutan,South Asia,Lower middle income,Thimphu,89.6177,27.5768,False
BTN,2015,6.66080128866197,2954.04081911097,39.79999924,Bhutan,South Asia,Lower middle income,Thimphu,89.6177,27.5768,False
BTN,2016,8.47594339232963,3152.30905106786,46.50320053,Bhutan,South Asia,Lower middle income,Thimphu,89.6177,27.5768,False
BTN,2017,2.08684522733067,3435.28804735662,54.33549881,Bhutan,South Asia,Lower middle income,Thimphu,89.6177,27.5768,False
BTN,2018,3.50187185732737,3400.20417245342,63.48680115,Bhutan,South Asia,Lower middle income,Thimphu,89.6177,27.5768,False
BTN,2019,5.75514851246506,3576.87987100503,74.17939758,Bhutan,South Asia,Lower middle income,Thimphu,89.6177,27.5768,False
BTN,2020,-10.2183974208569,3191.66906999331,76.85079956,Bhutan,South Asia,Lower middle income,Thimphu,89.6177,27.5768,False
BTN,2021,4.42136738945015,3570.61257980872,85.63688389,Bhutan,South Asia,Lower middle income,Thimphu,89.6177,27.5768,False
BTN,2022,5.21386783786224,3711.32767981591,88.35620117,Bhutan,South Asia,Lower middle income,Thimphu,89.6177,27.5768,False
BTN,2023,4.63215702969933,3831.32535564326,90.02140045,Bhutan,South Asia,Lower middle income,Thimphu,89.6177,27.5768,False
BTN,2024,7.49856206754038,4228.05102403654,91.27739716,Bhutan,South Asia,Lower middle income,Thimphu,89.6177,27.5768,False
BWA,2000,1.98769583378552,3450.81180622992,2.90266662177209,Botswana,Sub-Saharan Africa ,Upper middle income,Gaborone,25.9201,-24.6544,False
BWA,2001,0.250573949689084,3206.07123689853,3.43088678702599,Botswana,Sub-Saharan Africa ,Upper middle income,Gaborone,25.9201,-24.6544,False
BWA,2002,6.06953087648317,3117.25087183011,3.38592235064273,Botswana,Sub-Saharan Africa ,Upper middle income,Gaborone,25.9201,-24.6544,False
BWA,2003,4.62589474959299,4230.12326909926,3.3451901740614,Botswana,Sub-Saharan Africa ,Upper middle income,Gaborone,25.9201,-24.6544,False
BWA,2004,2.70582170611173,4956.69287735214,3.30488925316113,Botswana,Sub-Saharan Africa ,Upper middle income,Gaborone,25.9201,-24.6544,False
BWA,2005,4.55664565323181,5391.07076619634,3.262599945,Botswana,Sub-Saharan Africa ,Upper middle income,Gaborone,25.9201,-24.6544,False
BWA,2006,8.36387109282306,5291.58379144849,4.28993297515968,Botswana,Sub-Saharan Africa ,Upper middle income,Gaborone,25.9201,-24.6544,False
BWA,2007,5.79255577727118,5529.12574632532,5.28,Botswana,Sub-Saharan Africa ,Upper middle income,Gaborone,25.9201,-24.6544,False
BWA,2008,3.25207295796832,5503.07395314313,6.25,Botswana,Sub-Saharan Africa ,Upper middle income,Gaborone,25.9201,-24.6544,False
BWA,2009,-14.1442346163423,5082.93388332404,6.150000095,Botswana,Sub-Saharan Africa ,Upper middle income,Gaborone,25.9201,-24.6544,False
BWA,2010,10.119723322694,6215.73216077919,6.0,Botswana,Sub-Saharan Africa ,Upper middle income,Gaborone,25.9201,-24.6544,False
BWA,2011,6.83841052493574,7287.38295334919,9.0,Botswana,Sub-Saharan Africa ,Upper middle income,Gaborone,25.9201,-24.6544,False
BWA,2012,-0.170857099335691,6595.53845015424,16.0,Botswana,Sub-Saharan Africa ,Upper middle income,Gaborone,25.9201,-24.6544,False
BWA,2013,11.1029068737822,6666.91219583487,30.0,Botswana,Sub-Saharan Africa ,Upper middle income,Gaborone,25.9201,-24.6544,False
BWA,2014,5.69714422072884,7122.36423421503,36.74474744423,Botswana,Sub-Saharan Africa ,Upper middle income,Gaborone,25.9201,-24.6544,False
BWA,2015,-4.85132507409779,6141.20394726616,38.89379883,Botswana,Sub-Saharan Africa ,Upper middle income,Gaborone,25.9201,-24.6544,False
BWA,2016,7.20442475914267,6749.05994339013,41.16859818,Botswana,Sub-Saharan Africa ,Upper middle income,Gaborone,25.9201,-24.6544,False
BWA,2017,4.11437856445083,7104.96401088027,43.57640076,Botswana,Sub-Saharan Africa ,Upper middle income,Gaborone,25.9201,-24.6544,False
BWA,2018,4.18869237159223,7407.95940141786,46.12509918,Botswana,Sub-Saharan Africa ,Upper middle income,Gaborone,25.9201,-24.6544,False
BWA,2019,3.0317733945467,7172.08956480028,48.82279968,Botswana,Sub-Saharan Africa ,Upper middle income,Gaborone,25.9201,-24.6544,False
BWA,2020,-8.72888243996397,6323.2974967659,51.67819977,Botswana,Sub-Saharan Africa ,Upper middle income,Gaborone,25.9201,-24.6544,False
BWA,2021,11.9162724376008,7807.88794570471,54.70069885,Botswana,Sub-Saharan Africa ,Upper middle income,Gaborone,25.9201,-24.6544,False
BWA,2022,5.48601706446772,8328.7090572666,57.9,Botswana,Sub-Saharan Africa ,Upper middle income,Gaborone,25.9201,-24.6544,False
BWA,2023,3.20806812224438,7827.30027960734,,Botswana,Sub-Saharan Africa ,Upper middle income,Gaborone,25.9201,-24.6544,False
BWA,2024,-2.77988981666252,7649.81663744354,57.45950036,Botswana,Sub-Saharan Africa ,Upper middle income,Gaborone,25.9201,-24.6544,False
CAF,2000,-2.48943244028874,239.154133726071,0.0533941742150456,Central African Republic,Sub-Saharan Africa ,Low income,Bangui,21.6407,5.63056,True
CAF,2001,4.46473902640867,237.951702544735,0.0785434278394038,Central African Republic,Sub-Saharan Africa ,Low income,Bangui,21.6407,5.63056,True
CAF,2002,3.61654219150596,248.639290978403,0.128537116506299,Central African Republic,Sub-Saharan Africa ,Low income,Bangui,21.6407,5.63056,True
CAF,2003,-5.39748521855877,278.403992150941,0.151563337940017,Central African Republic,Sub-Saharan Africa ,Low income,Bangui,21.6407,5.63056,True
CAF,2004,5.99488422798696,303.461321152782,0.223401395464406,Central African Republic,Sub-Saharan Africa ,Low income,Bangui,21.6407,5.63056,True
CAF,2005,0.908210514871953,311.950023138687,0.26820001,Central African Republic,Sub-Saharan Africa ,Low income,Bangui,21.6407,5.63056,True
CAF,2006,4.77108543044105,333.942519903031,0.311199993,Central African Republic,Sub-Saharan Africa ,Low income,Bangui,21.6407,5.63056,True
CAF,2007,4.60753485452025,380.887048839475,0.375815961044797,Central African Republic,Sub-Saharan Africa ,Low income,Bangui,21.6407,5.63056,True
CAF,2008,2.05413096200485,437.24827472489,1.0,Central African Republic,Sub-Saharan Africa ,Low income,Bangui,21.6407,5.63056,True
CAF,2009,8.58726042640994,456.471673898404,1.799999952,Central African Republic,Sub-Saharan Africa ,Low income,Bangui,21.6407,5.63056,True
CAF,2010,4.63081843223307,476.873786950728,2.0,Central African Republic,Sub-Saharan Africa ,Low income,Bangui,21.6407,5.63056,True
CAF,2011,4.19461533741989,534.057281471636,2.200000048,Central African Republic,Sub-Saharan Africa ,Low income,Bangui,21.6407,5.63056,True
CAF,2012,5.05376125356918,544.395849142785,2.400000095,Central African Republic,Sub-Saharan Africa ,Low income,Bangui,21.6407,5.63056,True
CAF,2013,-36.3919770983887,364.36696260838,2.5,Central African Republic,Sub-Saharan Africa ,Low income,Bangui,21.6407,5.63056,True
CAF,2014,0.0810705153264877,409.8504859647,2.700000048,Central African Republic,Sub-Saharan Africa ,Low income,Bangui,21.6407,5.63056,True
CAF,2015,4.33712103020231,366.322853938121,2.900000095,Central African Republic,Sub-Saharan Africa ,Low income,Bangui,21.6407,5.63056,True
CAF,2016,4.75031684122342,387.176203444318,3.099999905,Central African Republic,Sub-Saharan Africa ,Low income,Bangui,21.6407,5.63056,True
CAF,2017,4.52727821346231,432.324025684263,4.0,Central African Republic,Sub-Saharan Africa ,Low income,Bangui,21.6407,5.63056,True
CAF,2018,3.78944359275462,455.243962859534,5.099999905,Central African Republic,Sub-Saharan Africa ,Low income,Bangui,21.6407,5.63056,True
CAF,2019,3.09999999999999,449.228467602439,7.509200096,Central African Republic,Sub-Saharan Africa ,Low income,Bangui,21.6407,5.63056,True
CAF,2020,0.899999996857062,462.879071294011,,Central African Republic,Sub-Saharan Africa ,Low income,Bangui,21.6407,5.63056,True
CAF,2021,0.982919996264229,492.263142830507,,Central African Republic,Sub-Saharan Africa ,Low income,Bangui,21.6407,5.63056,True
CAF,2022,0.453901876447787,467.359825026238,13.75360012,Central African Republic,Sub-Saharan Africa ,Low income,Bangui,21.6407,5.63056,True
CAF,2023,0.69996840076054,495.978897288721,13.8416996,Central African Republic,Sub-Saharan Africa ,Low income,Bangui,21.6407,5.63056,True
CAF,2024,1.49999999847535,516.160999996036,13.78250027,Central African Republic,Sub-Saharan Africa ,Low income,Bangui,21.6407,5.63056,True
CAN,2000,5.13853918994158,24271.0020563821,51.3,Canada,North America,High income,Ottawa,-75.6919,45.4215,False
CAN,2001,1.87509813099847,23822.096210932,60.2,Canada,North America,High income,Ottawa,-75.6919,45.4215,False
CAN,2002,2.99925533832644,24256.0598742201,61.5932992681952,Canada,North America,High income,Ottawa,-75.6919,45.4215,False
CAN,2003,1.8063851195103,28301.9097055898,64.2,Canada,North America,High income,Ottawa,-75.6919,45.4215,False
CAN,2004,3.09236381038156,32145.5653280273,65.9559634648989,Canada,North America,High income,Ottawa,-75.6919,45.4215,False
CAN,2005,3.21045441502793,36383.9671341396,71.66,Canada,North America,High income,Ottawa,-75.6919,45.4215,False
CAN,2006,2.63794375302722,40504.8490329826,72.40000153,Canada,North America,High income,Ottawa,-75.6919,45.4215,False
CAN,2007,2.04990459443619,44660.0838892281,73.2,Canada,North America,High income,Ottawa,-75.6919,45.4215,False
CAN,2008,0.995406371264522,46710.3654423328,76.69999695,Canada,North America,High income,Ottawa,-75.6919,45.4215,False
CAN,2009,-2.91508627059555,40874.9612318547,80.3,Canada,North America,High income,Ottawa,-75.6919,45.4215,False
CAN,2010,3.09080633744851,47560.8378831258,80.3,Canada,North America,High income,Ottawa,-75.6919,45.4215,False
CAN,2011,3.1371944343876,52224.1237767406,83.0,Canada,North America,High income,Ottawa,-75.6919,45.4215,False
CAN,2012,1.75566133205234,52670.1429540952,83.0,Canada,North America,High income,Ottawa,-75.6919,45.4215,False
CAN,2013,2.32581356612762,52637.7313222622,85.80000305,Canada,North America,High income,Ottawa,-75.6919,45.4215,False
CAN,2014,2.87346675579731,50960.8942086685,87.12000275,Canada,North America,High income,Ottawa,-75.6919,45.4215,False
CAN,2015,0.64997101491096,43594.2379080706,90.0,Canada,North America,High income,Ottawa,-75.6919,45.4215,False
CAN,2016,1.03855091989323,42314.1033623905,91.16000366,Canada,North America,High income,Ottawa,-75.6919,45.4215,False
CAN,2017,3.03383491841392,45129.7335281051,92.70140076,Canada,North America,High income,Ottawa,-75.6919,45.4215,False
CAN,2018,2.74296341402246,46539.2177903178,94.64,Canada,North America,High income,Ottawa,-75.6919,45.4215,False
CAN,2019,1.90843193887251,46352.9695208927,91.91290283,Canada,North America,High income,Ottawa,-75.6919,45.4215,False
CAN,2020,-5.03823342794087,43537.8981198851,92.3,Canada,North America,High income,Ottawa,-75.6919,45.4215,False
CAN,2021,5.95052804984759,52886.6407813788,93.93710327,Canada,North America,High income,Ottawa,-75.6919,45.4215,False
CAN,2022,4.69541985045903,56496.9275340663,94.0,Canada,North America,High income,Ottawa,-75.6919,45.4215,False
CAN,2023,1.95308552199025,54847.5370112652,94.14530182,Canada,North America,High income,Ottawa,-75.6919,45.4215,False
CAN,2024,2.04626605401701,55015.7066917734,94.353302,Canada,North America,High income,Ottawa,-75.6919,45.4215,False
CHE,2000,3.63321673470911,39298.0968042444,47.1,Switzerland,Europe & Central Asia,High income,Bern,7.44821,46.948,False
CHE,2001,1.59219781357001,40133.6101965261,55.1,Switzerland,Europe & Central Asia,High income,Bern,7.44821,46.948,False
CHE,2002,0.380410134195273,43094.2492848494,61.4,Switzerland,Europe & Central Asia,High income,Bern,7.44821,46.948,False
CHE,2003,-0.284222357857615,49947.3910175152,65.1,Switzerland,Europe & Central Asia,High income,Bern,7.44821,46.948,False
CHE,2004,2.58692895529093,55349.6164595028,67.8,Switzerland,Europe & Central Asia,High income,Bern,7.44821,46.948,False
CHE,2005,2.95208487460334,57080.0704338193,70.1,Switzerland,Europe & Central Asia,High income,Bern,7.44821,46.948,False
CHE,2006,4.13432251467916,59910.293405504,75.7,Switzerland,Europe & Central Asia,High income,Bern,7.44821,46.948,False
CHE,2007,3.98319384807056,66082.1233977532,77.2,Switzerland,Europe & Central Asia,High income,Bern,7.44821,46.948,False
CHE,2008,2.53159615417233,75147.5376709155,79.2,Switzerland,Europe & Central Asia,High income,Bern,7.44821,46.948,False
CHE,2009,-1.93490944903913,72788.2049524379,81.3,Switzerland,Europe & Central Asia,High income,Bern,7.44821,46.948,False
CHE,2010,3.26063082122047,77956.1262043942,83.9,Switzerland,Europe & Central Asia,High income,Bern,7.44821,46.948,False
CHE,2011,1.40766067483813,91910.3964565203,85.1930281804854,Switzerland,Europe & Central Asia,High income,Bern,7.44821,46.948,False
CHE,2012,1.12413575027705,87269.5594780124,85.2,Switzerland,Europe & Central Asia,High income,Bern,7.44821,46.948,False
CHE,2013,1.83612392927999,88851.2374497983,86.34,Switzerland,Europe & Central Asia,High income,Bern,7.44821,46.948,False
CHE,2014,2.54342347675991,90511.6484558843,83.6172512621702,Switzerland,Europe & Central Asia,High income,Bern,7.44821,46.948,False
CHE,2015,1.45450336491099,85265.06205193,87.4790555978675,Switzerland,Europe & Central Asia,High income,Bern,7.44821,46.948,False
CHE,2016,1.91159094214852,83432.4111596314,89.1346877351392,Switzerland,Europe & Central Asia,High income,Bern,7.44821,46.948,False
CHE,2017,1.42034612231261,83610.248611484,89.6861476710225,Switzerland,Europe & Central Asia,High income,Bern,7.44821,46.948,False
CHE,2018,3.32743256101493,87002.3382293532,91.80000305,Switzerland,Europe & Central Asia,High income,Bern,7.44821,46.948,False
CHE,2019,1.11532187197474,85872.9702303454,93.1460869535177,Switzerland,Europe & Central Asia,High income,Bern,7.44821,46.948,False
CHE,2020,-2.2552579425106,87529.7016394892,94.34999847,Switzerland,Europe & Central Asia,High income,Bern,7.44821,46.948,False
CHE,2021,6.17622836050151,96582.8687080693,95.56937154,Switzerland,Europe & Central Asia,High income,Bern,7.44821,46.948,False
CHE,2022,3.53430286842426,97809.095567203,96.45279694,Switzerland,Europe & Central Asia,High income,Bern,7.44821,46.948,False
CHE,2023,0.825560934124624,104449.75451772,97.34436623,Switzerland,Europe & Central Asia,High income,Bern,7.44821,46.948,False
CHE,2024,1.39033363875791,107702.065940312,97.3443985,Switzerland,Europe & Central Asia,High income,Bern,7.44821,46.948,False
CHI,2000,,43479.1940767689,,Channel Islands,Europe & Central Asia,High income,,,,False
CHI,2001,,41873.7406146127,,Channel Islands,Europe & Central Asia,High income,,,,False
CHI,2002,,44459.7318188977,,Channel Islands,Europe & Central Asia,High income,,,,False
CHI,2003,,48570.7796632166,,Channel Islands,Europe & Central Asia,High income,,,,False
CHI,2004,,56259.5344226334,,Channel Islands,Europe & Central Asia,High income,,,,False
CHI,2005,,57647.1188908006,,Channel Islands,Europe & Central Asia,High income,,,,False
CHI,2006,,62745.1006593557,,Channel Islands,Europe & Central Asia,High income,,,,False
CHI,2007,,74139.97799443,,Channel Islands,Europe & Central Asia,High income,,,,False
CHI,2009,,57778.5407063052,,Channel Islands,Europe & Central Asia,High income,,,,False
CHI,2010,-3.60663231572742,56123.4597963451,,Channel Islands,Europe & Central Asia,High income,,,,False
CHI,2011,1.12504310895372,60415.2632075658,,Channel Islands,Europe & Central Asia,High income,,,,False
CHI,2012,-5.75366122139113,58809.5698945413,,Channel Islands,Europe & Central Asia,High income,,,,False
CHI,2013,0.493931120528785,59308.4666588674,,Channel Islands,Europe & Central Asia,High income,,,,False
CHI,2014,2.42710178482311,64697.5485024325,,Channel Islands,Europe & Central Asia,High income,,,,False
CHI,2015,0.374367083829384,61847.8212238857,,Channel Islands,Europe & Central Asia,High income,,,,False
CHI,2016,1.21302407657195,55947.579811974,,Channel Islands,Europe & Central Asia,High income,,,,False
CHI,2017,1.80648131383585,55806.3554257428,,Channel Islands,Europe & Central Asia,High income,,,,False
CHI,2018,1.1222435658518,60784.8125397162,,Channel Islands,Europe & Central Asia,High income,,,,False
CHI,2019,1.57335596156342,60564.6293993681,,Channel Islands,Europe & Central Asia,High income,,,,False
CHI,2020,-8.89677926591959,56785.9402005039,,Channel Islands,Europe & Central Asia,High income,,,,False
CHI,2021,9.93680136985076,66915.3963925722,,Channel Islands,Europe & Central Asia,High income,,,,False
CHI,2022,5.34196140375869,67627.1417347907,,Channel Islands,Europe & Central Asia,High income,,,,False
CHI,2023,3.71500590367266,74585.5224096294,,Channel Islands,Europe & Central Asia,High income,,,,False
CHL,2000,4.9716214882971,5052.99245766325,16.6,Chile,Latin America & Caribbean ,High income,Santiago,-70.6475,-33.475,False
CHL,2001,3.15403492459967,4563.5952986689,19.1,Chile,Latin America & Caribbean ,High income,Santiago,-70.6475,-33.475,False
CHL,2002,3.20279913520113,4430.84741157984,22.1,Chile,Latin America & Caribbean ,High income,Santiago,-70.6475,-33.475,False
CHL,2003,4.72324526861041,4773.40177520754,25.4737788864723,Chile,Latin America & Caribbean ,High income,Santiago,-70.6475,-33.475,False
CHL,2004,6.67425416822923,6120.59152055344,28.1779101232438,Chile,Latin America & Caribbean ,High income,Santiago,-70.6475,-33.475,False
CHL,2005,5.83704571917758,7480.32330998636,31.1753006,Chile,Latin America & Caribbean ,High income,Santiago,-70.6475,-33.475,False
CHL,2006,6.04999082563968,9318.65655296121,34.4977511736017,Chile,Latin America & Caribbean ,High income,Santiago,-70.6475,-33.475,False
CHL,2007,5.16823098528431,10346.4138184533,35.90000153,Chile,Latin America & Caribbean ,High income,Santiago,-70.6475,-33.475,False
CHL,2008,3.78939280635238,10683.2188772511,37.29999924,Chile,Latin America & Caribbean ,High income,Santiago,-70.6475,-33.475,False
CHL,2009,-1.11803723642878,10098.8017167286,41.56,Chile,Latin America & Caribbean ,High income,Santiago,-70.6475,-33.475,False
CHL,2010,5.85165102224047,12632.8704724192,45.0,Chile,Latin America & Caribbean ,High income,Santiago,-70.6475,-33.475,False
CHL,2011,6.22389678509138,14487.3927832032,52.2496072877744,Chile,Latin America & Caribbean ,High income,Santiago,-70.6475,-33.475,False
CHL,2012,6.15534001855494,15241.9069981119,55.04999924,Chile,Latin America & Caribbean ,High income,Santiago,-70.6475,-33.475,False
CHL,2013,3.30850824710085,15683.5486369155,58.0,Chile,Latin America & Caribbean ,High income,Santiago,-70.6475,-33.475,False
CHL,2014,1.79264947139259,14529.6767206336,61.11000061,Chile,Latin America & Caribbean ,High income,Santiago,-70.6475,-33.475,False
CHL,2015,2.15194249981184,13433.9202987032,76.6295919508796,Chile,Latin America & Caribbean ,High income,Santiago,-70.6475,-33.475,False
CHL,2016,1.753038749071,13649.8520452803,83.5585860244169,Chile,Latin America & Caribbean ,High income,Santiago,-70.6475,-33.475,False
CHL,2017,1.35769537343957,14879.9086227187,82.3274869338464,Chile,Latin America & Caribbean ,High income,Santiago,-70.6475,-33.475,False
CHL,2018,3.99002947789977,15659.4808675628,84.90000153,Chile,Latin America & Caribbean ,High income,Santiago,-70.6475,-33.475,False
CHL,2019,0.644223402631923,14496.9345640362,85.01760101,Chile,Latin America & Caribbean ,High income,Santiago,-70.6475,-33.475,False
CHL,2020,-6.1396969411886,13117.9930230086,87.45929718,Chile,Latin America & Caribbean ,High income,Santiago,-70.6475,-33.475,False
CHL,2021,11.3374032409913,16216.1840860289,90.23280334,Chile,Latin America & Caribbean ,High income,Santiago,-70.6475,-33.475,False
CHL,2022,2.06391864254198,15399.1044717559,92.31819916,Chile,Latin America & Caribbean ,High income,Santiago,-70.6475,-33.475,False
CHL,2023,0.677024831595858,17081.5180740049,94.45742345,Chile,Latin America & Caribbean ,High income,Santiago,-70.6475,-33.475,False
CHL,2024,2.80512637106611,16658.9652720351,95.590243,Chile,Latin America & Caribbean ,High income,Santiago,-70.6475,-33.475,False
CHN,2000,8.57357328926101,969.199513696287,1.77591320677415,China,East Asia & Pacific,Upper middle income,Beijing,116.286,40.0495,False
CHN,2001,8.32404695347056,1065.40597574519,2.63965021485872,China,East Asia & Pacific,Upper middle income,Beijing,116.286,40.0495,False
CHN,2002,9.23604870383861,1163.55957673426,4.59570433077551,China,East Asia & Pacific,Upper middle income,Beijing,116.286,40.0495,False
CHN,2003,10.1138119025242,1306.97245408557,6.2,China,East Asia & Pacific,Upper middle income,Beijing,116.286,40.0495,False
CHN,2004,10.1404291872206,1530.92726215723,7.3,China,East Asia & Pacific,Upper middle income,Beijing,116.286,40.0495,False
CHN,2005,11.4535130030645,1777.64496828464,8.52325700269541,China,East Asia & Pacific,Upper middle income,Beijing,116.286,40.0495,False
CHN,2006,12.6752842281595,2129.25696999613,10.5231526193851,China,East Asia & Pacific,Upper middle income,Beijing,116.286,40.0495,False
CHN,2007,14.1507710506103,2734.72709877693,16.0,China,East Asia & Pacific,Upper middle income,Beijing,116.286,40.0495,False
CHN,2008,9.66877608164454,3523.44302065213,22.6,China,East Asia & Pacific,Upper middle income,Beijing,116.286,40.0495,False
CHN,2009,9.40610014336416,3898.24459158811,28.9,China,East Asia & Pacific,Upper middle income,Beijing,116.286,40.0495,False
CHN,2010,10.5916903885704,4629.24551710077,34.3,China,East Asia & Pacific,Upper middle income,Beijing,116.286,40.0495,False
CHN,2011,9.46205248298186,5703.76027973346,38.3,China,East Asia & Pacific,Upper middle income,Beijing,116.286,40.0495,False
CHN,2012,7.8578201481217,6405.0574241349,42.30009842,China,East Asia & Pacific,Upper middle income,Beijing,116.286,40.0495,False
CHN,2013,7.77842954757257,7147.03518622344,45.79999924,China,East Asia & Pacific,Upper middle income,Beijing,116.286,40.0495,False
CHN,2014,7.46100735778161,7781.06597484974,47.90000153,China,East Asia & Pacific,Upper middle income,Beijing,116.286,40.0495,False
CHN,2015,6.98162255562367,8175.33285077393,50.29999924,China,East Asia & Pacific,Upper middle income,Beijing,116.286,40.0495,False
CHN,2016,6.7736886867727,8254.86859320357,53.2,China,East Asia & Pacific,Upper middle income,Beijing,116.286,40.0495,False
CHN,2017,6.89123916636191,8979.67652709856,54.3,China,East Asia & Pacific,Upper middle income,Beijing,116.286,40.0495,False
CHN,2018,6.757806142324,10085.6638148819,65.35839844,China,East Asia & Pacific,Upper middle income,Beijing,116.286,40.0495,False
CHN,2019,6.06737806333672,10342.9009524335,64.080881297515,China,East Asia & Pacific,Upper middle income,Beijing,116.286,40.0495,False
CHN,2020,2.33950385203023,10627.4637989619,70.05275998,China,East Asia & Pacific,Upper middle income,Beijing,116.286,40.0495,False
CHN,2021,8.57038414981781,12887.4357242941,73.05323517,China,East Asia & Pacific,Upper middle income,Beijing,116.286,40.0495,False
CHN,2022,3.13385438394069,12970.6056414327,75.61131603,China,East Asia & Pacific,Upper middle income,Beijing,116.286,40.0495,False
CHN,2023,5.41600334492955,12951.1782397043,90.6,China,East Asia & Pacific,Upper middle income,Beijing,116.286,40.0495,False
CHN,2024,4.95830378788091,13293.1162269366,92.0,China,East Asia & Pacific,Upper middle income,Beijing,116.286,40.0495,False
CIV,2000,-0.265789462275947,936.636541348798,0.231461670612799,Cote d'Ivoire,Sub-Saharan Africa ,Lower middle income,Yamoussoukro,-4.0305,5.332,False
CIV,2001,-2.15401249077306,924.727294962066,0.395747702246439,Cote d'Ivoire,Sub-Saharan Africa ,Lower middle income,Yamoussoukro,-4.0305,5.332,False
CIV,2002,-2.73052647441901,967.815864415991,0.497929360753307,Cote d'Ivoire,Sub-Saharan Africa ,Lower middle income,Yamoussoukro,-4.0305,5.332,False
CIV,2003,-4.72586658630681,1111.17135087887,0.758669629452205,Cote d'Ivoire,Sub-Saharan Africa ,Lower middle income,Yamoussoukro,-4.0305,5.332,False
CIV,2004,3.18503822575397,1199.82524528546,0.849282414747704,Cote d'Ivoire,Sub-Saharan Africa ,Lower middle income,Yamoussoukro,-4.0305,5.332,False
CIV,2005,0.996065564854788,1197.74616979415,1.039199948,Cote d'Ivoire,Sub-Saharan Africa ,Lower middle income,Yamoussoukro,-4.0305,5.332,False
CIV,2006,2.81557859252327,1230.43056838584,1.52489996,Cote d'Ivoire,Sub-Saharan Africa ,Lower middle income,Yamoussoukro,-4.0305,5.332,False
CIV,2007,1.10142976793477,1367.53817722326,1.799999952,Cote d'Ivoire,Sub-Saharan Africa ,Lower middle income,Yamoussoukro,-4.0305,5.332,False
CIV,2008,4.7826659787672,1583.97066701372,1.899999976,Cote d'Ivoire,Sub-Saharan Africa ,Lower middle income,Yamoussoukro,-4.0305,5.332,False
CIV,2009,3.60332156667053,1540.45393569596,2.0,Cote d'Ivoire,Sub-Saharan Africa ,Lower middle income,Yamoussoukro,-4.0305,5.332,False
CIV,2010,6.84804939907013,1553.54887048143,2.700000048,Cote d'Ivoire,Sub-Saharan Africa ,Lower middle income,Yamoussoukro,-4.0305,5.332,False
CIV,2011,-5.37044724000579,1596.62826565998,2.900000095,Cote d'Ivoire,Sub-Saharan Africa ,Lower middle income,Yamoussoukro,-4.0305,5.332,False
CIV,2012,7.62041176451649,1546.9460184731,4.400000095,Cote d'Ivoire,Sub-Saharan Africa ,Lower middle income,Yamoussoukro,-4.0305,5.332,False
CIV,2013,10.7602131311256,1786.15862031324,6.599999905,Cote d'Ivoire,Sub-Saharan Africa ,Lower middle income,Yamoussoukro,-4.0305,5.332,False
CIV,2014,9.37199994240375,1991.36539423404,10.0,Cote d'Ivoire,Sub-Saharan Africa ,Lower middle income,Yamoussoukro,-4.0305,5.332,False
CIV,2015,7.19494942728191,1814.71855088017,38.4400001654616,Cote d'Ivoire,Sub-Saharan Africa ,Lower middle income,Yamoussoukro,-4.0305,5.332,False
CIV,2016,7.17275963956332,1862.59597081287,41.2078149304414,Cote d'Ivoire,Sub-Saharan Africa ,Lower middle income,Yamoussoukro,-4.0305,5.332,False
CIV,2017,7.41076242592504,1964.29930338343,43.8399208514876,Cote d'Ivoire,Sub-Saharan Africa ,Lower middle income,Yamoussoukro,-4.0305,5.332,False
CIV,2018,4.84314605889178,2130.86619381144,37.5465361301281,Cote d'Ivoire,Sub-Saharan Africa ,Lower middle income,Yamoussoukro,-4.0305,5.332,False
CIV,2019,6.72137167584978,2141.76836170115,36.2889545655205,Cote d'Ivoire,Sub-Saharan Africa ,Lower middle income,Yamoussoukro,-4.0305,5.332,False
CIV,2020,0.699728593494228,2179.72934832935,36.01660156,Cote d'Ivoire,Sub-Saharan Africa ,Lower middle income,Yamoussoukro,-4.0305,5.332,False
CIV,2021,7.06253713446816,2455.98127641148,35.95069885,Cote d'Ivoire,Sub-Saharan Africa ,Lower middle income,Yamoussoukro,-4.0305,5.332,False
CIV,2022,6.39988362730921,2333.37128301259,38.41328122,Cote d'Ivoire,Sub-Saharan Africa ,Lower middle income,Yamoussoukro,-4.0305,5.332,False
CIV,2023,6.60000045209176,2591.9659048119,40.65284979,Cote d'Ivoire,Sub-Saharan Africa ,Lower middle income,Yamoussoukro,-4.0305,5.332,False
CIV,2024,6.0195346193922,2727.8935220697,41.43219902,Cote d'Ivoire,Sub-Saharan Africa ,Lower middle income,Yamoussoukro,-4.0305,5.332,False
CMR,2000,3.83241779430614,708.565731625965,0.252120077733662,Cameroon,Sub-Saharan Africa ,Lower middle income,Yaounde,11.5174,3.8721,True
CMR,2001,4.32426119221549,715.470296470585,0.277051321848797,Cameroon,Sub-Saharan Africa ,Lower middle income,Yaounde,11.5174,3.8721,True
CMR,2002,4.47702683369155,789.623811072554,0.360871584267755,Cameroon,Sub-Saharan Africa ,Lower middle income,Yaounde,11.5174,3.8721,True
CMR,2003,5.45315368881347,988.241276791846,0.587622611130454,Cameroon,Sub-Saharan Africa ,Lower middle income,Yaounde,11.5174,3.8721,True
CMR,2004,7.04886281858374,1133.39326749673,0.976075415490902,Cameroon,Sub-Saharan Africa ,Lower middle income,Yaounde,11.5174,3.8721,True
CMR,2005,2.22827020924117,1142.62466252106,1.402699947,Cameroon,Sub-Saharan Africa ,Lower middle income,Yaounde,11.5174,3.8721,True
CMR,2006,3.80958327566137,1191.45458990968,2.028700113,Cameroon,Sub-Saharan Africa ,Lower middle income,Yaounde,11.5174,3.8721,True
CMR,2007,4.32758900972871,1325.67248215933,2.93,Cameroon,Sub-Saharan Africa ,Lower middle income,Yaounde,11.5174,3.8721,True
CMR,2008,2.8476778892105,1492.14269801453,3.400000095,Cameroon,Sub-Saharan Africa ,Lower middle income,Yaounde,11.5174,3.8721,True
CMR,2009,2.57925177738754,1461.38999232337,3.84,Cameroon,Sub-Saharan Africa ,Lower middle income,Yaounde,11.5174,3.8721,True
CMR,2010,2.89902472122014,1398.58702025047,4.300000191,Cameroon,Sub-Saharan Africa ,Lower middle income,Yaounde,11.5174,3.8721,True
CMR,2011,3.37921128506045,1513.96056994878,5.0,Cameroon,Sub-Saharan Africa ,Lower middle income,Yaounde,11.5174,3.8721,True
CMR,2012,4.62597872209571,1449.09874362279,7.5,Cameroon,Sub-Saharan Africa ,Lower middle income,Yaounde,11.5174,3.8721,True
CMR,2013,4.99552916130783,1575.92882118897,10.0,Cameroon,Sub-Saharan Africa ,Lower middle income,Yaounde,11.5174,3.8721,True
CMR,2014,5.71981814509198,1649.4433905949,16.2148722257524,Cameroon,Sub-Saharan Africa ,Lower middle income,Yaounde,11.5174,3.8721,True
CMR,2015,5.66695298703932,1415.00009710569,18.29999924,Cameroon,Sub-Saharan Africa ,Lower middle income,Yaounde,11.5174,3.8721,True
CMR,2016,4.53579423678801,1441.7201725688,20.60000038,Cameroon,Sub-Saharan Africa ,Lower middle income,Yaounde,11.5174,3.8721,True
CMR,2017,3.54117654926007,1496.08951771242,23.2029719748646,Cameroon,Sub-Saharan Africa ,Lower middle income,Yaounde,11.5174,3.8721,True
CMR,2018,3.95551423892049,1610.69641591017,29.70000076,Cameroon,Sub-Saharan Africa ,Lower middle income,Yaounde,11.5174,3.8721,True
CMR,2019,3.47505998194981,1555.22660476477,36.53919983,Cameroon,Sub-Saharan Africa ,Lower middle income,Yaounde,11.5174,3.8721,True
CMR,2020,0.259932915907115,1555.60370660749,37.69749832,Cameroon,Sub-Saharan Africa ,Lower middle income,Yaounde,11.5174,3.8721,True
CMR,2021,3.33885747179505,1672.32657340872,38.89260101,Cameroon,Sub-Saharan Africa ,Lower middle income,Yaounde,11.5174,3.8721,True
CMR,2022,3.7367840056412,1604.87726954895,40.12559891,Cameroon,Sub-Saharan Africa ,Lower middle income,Yaounde,11.5174,3.8721,True
CMR,2023,3.34756290750219,1720.47510154506,42.24380112,Cameroon,Sub-Saharan Africa ,Lower middle income,Yaounde,11.5174,3.8721,True
CMR,2024,3.52472308052245,1830.00833684727,46.25880051,Cameroon,Sub-Saharan Africa ,Lower middle income,Yaounde,11.5174,3.8721,True
COD,2000,-6.91092731714194,377.925421481395,0.0059021136806903,"Congo, Dem. Rep.",Sub-Saharan Africa ,Low income,Kinshasa,15.3222,-4.325,True
COD,2001,-2.10017302429294,142.678142604412,0.0114757819210493,"Congo, Dem. Rep.",Sub-Saharan Africa ,Low income,Kinshasa,15.3222,-4.325,True
COD,2002,2.94776518253177,162.38052907429,0.0927907024606925,"Congo, Dem. Rep.",Sub-Saharan Africa ,Low income,Kinshasa,15.3222,-4.325,True
COD,2003,5.57782231227127,161.491553524396,0.134914837437335,"Congo, Dem. Rep.",Sub-Saharan Africa ,Low income,Kinshasa,15.3222,-4.325,True
COD,2004,6.73837393320788,180.664764963633,0.196208375178039,"Congo, Dem. Rep.",Sub-Saharan Africa ,Low income,Kinshasa,15.3222,-4.325,True
COD,2005,6.1351511550716,214.539740473519,0.238000005,"Congo, Dem. Rep.",Sub-Saharan Africa ,Low income,Kinshasa,15.3222,-4.325,True
COD,2006,5.10894433184896,255.445229568751,0.296099991,"Congo, Dem. Rep.",Sub-Saharan Africa ,Low income,Kinshasa,15.3222,-4.325,True
COD,2007,8.58332298445387,294.101615124419,0.370000005,"Congo, Dem. Rep.",Sub-Saharan Africa ,Low income,Kinshasa,15.3222,-4.325,True
COD,2008,7.43333574200602,352.900363371995,0.439999998,"Congo, Dem. Rep.",Sub-Saharan Africa ,Low income,Kinshasa,15.3222,-4.325,True
COD,2009,0.541570197421564,280.178991035792,0.560000002,"Congo, Dem. Rep.",Sub-Saharan Africa ,Low income,Kinshasa,15.3222,-4.325,True
COD,2010,8.61867717510543,352.400398754692,0.72,"Congo, Dem. Rep.",Sub-Saharan Africa ,Low income,Kinshasa,15.3222,-4.325,True
COD,2011,-0.403164081254445,372.514273875789,1.200000048,"Congo, Dem. Rep.",Sub-Saharan Africa ,Low income,Kinshasa,15.3222,-4.325,True
COD,2012,8.66859360586926,409.931424783784,1.679999948,"Congo, Dem. Rep.",Sub-Saharan Africa ,Low income,Kinshasa,15.3222,-4.325,True
COD,2013,17.5159124688348,460.370334930107,2.200000048,"Congo, Dem. Rep.",Sub-Saharan Africa ,Low income,Kinshasa,15.3222,-4.325,True
COD,2014,7.30227750870263,489.175952097319,3.0,"Congo, Dem. Rep.",Sub-Saharan Africa ,Low income,Kinshasa,15.3222,-4.325,True
COD,2015,6.35973756164829,495.826633014883,3.799999952,"Congo, Dem. Rep.",Sub-Saharan Africa ,Low income,Kinshasa,15.3222,-4.325,True
COD,2016,0.393832798154563,459.765036590388,10.1,"Congo, Dem. Rep.",Sub-Saharan Africa ,Low income,Kinshasa,15.3222,-4.325,True
COD,2017,4.24121047272719,431.052559128788,,"Congo, Dem. Rep.",Sub-Saharan Africa ,Low income,Kinshasa,15.3222,-4.325,True
COD,2018,6.07168870646615,518.169626875371,11.69999981,"Congo, Dem. Rep.",Sub-Saharan Africa ,Low income,Kinshasa,15.3222,-4.325,True
COD,2019,0.555384294580819,504.00419142286,13.02970028,"Congo, Dem. Rep.",Sub-Saharan Africa ,Low income,Kinshasa,15.3222,-4.325,True
COD,2020,0.775427992354622,486.425572682256,14.51049995,"Congo, Dem. Rep.",Sub-Saharan Africa ,Low income,Kinshasa,15.3222,-4.325,True
COD,2021,6.42961005647355,595.743074403567,16.1595993,"Congo, Dem. Rep.",Sub-Saharan Africa ,Low income,Kinshasa,15.3222,-4.325,True
COD,2022,9.31116944064918,687.738587554685,17.99620056,"Congo, Dem. Rep.",Sub-Saharan Africa ,Low income,Kinshasa,15.3222,-4.325,True
COD,2023,8.5334898318451,660.21205238997,18.96789932,"Congo, Dem. Rep.",Sub-Saharan Africa ,Low income,Kinshasa,15.3222,-4.325,True
COD,2024,6.1025294442863,692.887665085098,19.67350006,"Congo, Dem. Rep.",Sub-Saharan Africa ,Low income,Kinshasa,15.3222,-4.325,True
COG,2000,7.5759803952642,1024.30159109181,0.0263547320580279,"Congo, Rep.",Sub-Saharan Africa ,Lower middle income,Brazzaville,15.2662,-4.2767,True
COG,2001,3.80260189913561,854.598314408095,0.0322236164306931,"Congo, Rep.",Sub-Saharan Africa ,Lower middle income,Brazzaville,15.2662,-4.2767,True
COG,2002,4.58187006108889,905.538135544704,0.157249517243982,"Congo, Rep.",Sub-Saharan Africa ,Lower middle income,Brazzaville,15.2662,-4.2767,True
COG,2003,0.813264076303781,1016.82363412143,0.460014186837522,"Congo, Rep.",Sub-Saharan Africa ,Lower middle income,Brazzaville,15.2662,-4.2767,True
COG,2004,3.47663162118089,1306.10136324599,1.07750492958505,"Congo, Rep.",Sub-Saharan Africa ,Lower middle income,Brazzaville,15.2662,-4.2767,True
COG,2005,7.75575897806648,1799.05158366154,1.463400006,"Congo, Rep.",Sub-Saharan Africa ,Lower middle income,Brazzaville,15.2662,-4.2767,True
COG,2006,7.98623836334291,2103.5821381211,2.007999897,"Congo, Rep.",Sub-Saharan Africa ,Lower middle income,Brazzaville,15.2662,-4.2767,True
COG,2007,-6.61399480441001,2206.47101863414,2.75970437370903,"Congo, Rep.",Sub-Saharan Africa ,Lower middle income,Brazzaville,15.2662,-4.2767,True
COG,2008,6.30637595585259,2832.09177777643,4.28750990276481,"Congo, Rep.",Sub-Saharan Africa ,Lower middle income,Brazzaville,15.2662,-4.2767,True
COG,2009,11.6372888615758,2271.15219175966,4.5,"Congo, Rep.",Sub-Saharan Africa ,Lower middle income,Brazzaville,15.2662,-4.2767,True
COG,2010,9.93126543095578,2946.55798067708,5.0,"Congo, Rep.",Sub-Saharan Africa ,Lower middle income,Brazzaville,15.2662,-4.2767,True
COG,2011,2.20591936286718,3396.16505817952,5.6,"Congo, Rep.",Sub-Saharan Africa ,Lower middle income,Brazzaville,15.2662,-4.2767,True
COG,2012,9.94715314257564,3732.32737320389,6.106699944,"Congo, Rep.",Sub-Saharan Africa ,Lower middle income,Brazzaville,15.2662,-4.2767,True
COG,2013,-0.712434451876447,3697.41705884249,6.599999905,"Congo, Rep.",Sub-Saharan Africa ,Lower middle income,Brazzaville,15.2662,-4.2767,True
COG,2014,6.64606540928447,3601.2365808718,7.110000134,"Congo, Rep.",Sub-Saharan Africa ,Lower middle income,Brazzaville,15.2662,-4.2767,True
COG,2015,0.415193061293763,2439.35189403696,7.616000175,"Congo, Rep.",Sub-Saharan Africa ,Lower middle income,Brazzaville,15.2662,-4.2767,True
COG,2016,-8.68524343913786,2093.10728558843,8.121899605,"Congo, Rep.",Sub-Saharan Africa ,Lower middle income,Brazzaville,15.2662,-4.2767,True
COG,2017,-5.59477371915547,2211.63309874797,8.649999619,"Congo, Rep.",Sub-Saharan Africa ,Lower middle income,Brazzaville,15.2662,-4.2767,True
COG,2018,-2.30431780125842,2694.43413191427,11.8071003,"Congo, Rep.",Sub-Saharan Africa ,Lower middle income,Brazzaville,15.2662,-4.2767,True
COG,2019,1.12447391976529,2488.42466724916,16.11639977,"Congo, Rep.",Sub-Saharan Africa ,Lower middle income,Brazzaville,15.2662,-4.2767,True
COG,2020,-6.26777227963225,1993.586671931,21.99850082,"Congo, Rep.",Sub-Saharan Africa ,Lower middle income,Brazzaville,15.2662,-4.2767,True
COG,2021,1.01507036990908,2516.16255145432,30.02739906,"Congo, Rep.",Sub-Saharan Africa ,Lower middle income,Brazzaville,15.2662,-4.2767,True
COG,2022,1.47535613247133,2620.83804267402,40.98669815,"Congo, Rep.",Sub-Saharan Africa ,Lower middle income,Brazzaville,15.2662,-4.2767,True
COG,2023,1.90686426346754,2477.97845544866,43.15039825,"Congo, Rep.",Sub-Saharan Africa ,Lower middle income,Brazzaville,15.2662,-4.2767,True
COG,2024,2.09998918002519,2482.2489948456,47.25159836,"Congo, Rep.",Sub-Saharan Africa ,Lower middle income,Brazzaville,15.2662,-4.2767,True
COL,2000,2.92486148176778,2555.00751039968,2.207532992624,Colombia,Latin America & Caribbean ,Upper middle income,Bogota,-74.082,4.60987,False
COL,2001,1.67789830787579,2472.99084035833,2.85419997133433,Colombia,Latin America & Caribbean ,Upper middle income,Bogota,-74.082,4.60987,False
COL,2002,2.50398046659659,2428.92969771584,4.6,Colombia,Latin America & Caribbean ,Upper middle income,Bogota,-74.082,4.60987,False
COL,2003,3.91827190322513,2311.94218760291,7.38892371052557,Colombia,Latin America & Caribbean ,Upper middle income,Bogota,-74.082,4.60987,False
COL,2004,5.33302206759905,2818.57195413044,9.1186903029666,Colombia,Latin America & Caribbean ,Upper middle income,Bogota,-74.082,4.60987,False
COL,2005,4.82876110773741,3456.06610874512,11.0072638904585,Colombia,Latin America & Caribbean ,Upper middle income,Bogota,-74.082,4.60987,False
COL,2006,6.71686869844402,3789.85361217027,15.3416745365682,Colombia,Latin America & Caribbean ,Upper middle income,Bogota,-74.082,4.60987,False
COL,2007,6.73819469090975,4769.926147194,21.79999924,Colombia,Latin America & Caribbean ,Upper middle income,Bogota,-74.082,4.60987,False
COL,2008,3.28344618616541,5541.83629665898,25.6,Colombia,Latin America & Caribbean ,Upper middle income,Bogota,-74.082,4.60987,False
COL,2009,1.13964864548062,5250.97292433518,30.0,Colombia,Latin America & Caribbean ,Upper middle income,Bogota,-74.082,4.60987,False
COL,2010,4.49465897070922,6398.2958447102,36.5,Colombia,Latin America & Caribbean ,Upper middle income,Bogota,-74.082,4.60987,False
COL,2011,6.94789198173555,7400.9940695669,40.3509157546318,Colombia,Latin America & Caribbean ,Upper middle income,Bogota,-74.082,4.60987,False
COL,2012,3.91263576716115,8108.59838244229,48.98,Colombia,Latin America & Caribbean ,Upper middle income,Bogota,-74.082,4.60987,False
COL,2013,5.13399351995672,8279.10255642981,51.7,Colombia,Latin America & Caribbean ,Upper middle income,Bogota,-74.082,4.60987,False
COL,2014,4.49903000110972,8187.20824890084,52.568136539247,Colombia,Latin America & Caribbean ,Upper middle income,Bogota,-74.082,4.60987,False
COL,2015,2.95590137527523,6248.51490534512,55.9049725142924,Colombia,Latin America & Caribbean ,Upper middle income,Bogota,-74.082,4.60987,False
COL,2016,2.08738250162794,5959.84250367574,58.1364935728703,Colombia,Latin America & Caribbean ,Upper middle income,Bogota,-74.082,4.60987,False
COL,2017,1.35936086788746,6479.53231292429,62.2598803162841,Colombia,Latin America & Caribbean ,Upper middle income,Bogota,-74.082,4.60987,False
COL,2018,2.56432428277704,6816.96818309544,64.1263768204459,Colombia,Latin America & Caribbean ,Upper middle income,Bogota,-74.082,4.60987,False
COL,2019,3.18685539245533,6472.54544924705,65.0069007159493,Colombia,Latin America & Caribbean ,Upper middle income,Bogota,-74.082,4.60987,False
COL,2020,-7.18591413760859,5339.68711357943,69.79533474,Colombia,Latin America & Caribbean ,Upper middle income,Bogota,-74.082,4.60987,False
COL,2021,10.8011981904878,6222.62164397614,73.02837449,Colombia,Latin America & Caribbean ,Upper middle income,Bogota,-74.082,4.60987,False
COL,2022,7.32827729427979,6680.44506854481,72.79637855,Colombia,Latin America & Caribbean ,Upper middle income,Bogota,-74.082,4.60987,False
COL,2023,0.841819555752039,7012.49169137756,77.33686322,Colombia,Latin America & Caribbean ,Upper middle income,Bogota,-74.082,4.60987,False
COL,2024,1.49330728771066,7951.08624019412,79.34543299,Colombia,Latin America & Caribbean ,Upper middle income,Bogota,-74.082,4.60987,False
COM,2000,-1.00701887109655,633.309032776244,0.271740607285909,Comoros,Sub-Saharan Africa ,Lower middle income,Moroni,43.2418,-11.6986,True
COM,2001,5.41959971808741,681.163857619963,0.443068372538977,Comoros,Sub-Saharan Africa ,Lower middle income,Moroni,43.2418,-11.6986,True
COM,2002,4.59768263263243,764.61349832543,0.554869674985088,Comoros,Sub-Saharan Africa ,Lower middle income,Moroni,43.2418,-11.6986,True
COM,2003,1.93442812313498,959.691049354812,0.848189370151537,Comoros,Sub-Saharan Africa ,Lower middle income,Moroni,43.2418,-11.6986,True
COM,2004,3.10041210399676,1072.28409029621,1.32732717785355,Comoros,Sub-Saharan Africa ,Lower middle income,Moroni,43.2418,-11.6986,True
COM,2005,5.66520240193151,1105.78796866788,2.0,Comoros,Sub-Saharan Africa ,Lower middle income,Moroni,43.2418,-11.6986,True
COM,2006,-1.75444679449394,1138.47908404345,2.200000048,Comoros,Sub-Saharan Africa ,Lower middle income,Moroni,43.2418,-11.6986,True
COM,2007,0.803599788247752,1289.73631056361,2.5,Comoros,Sub-Saharan Africa ,Lower middle income,Moroni,43.2418,-11.6986,True
COM,2008,3.96461118871815,1455.02768595586,3.0,Comoros,Sub-Saharan Africa ,Lower middle income,Moroni,43.2418,-11.6986,True
COM,2009,3.24074074074075,1410.30516959473,3.5,Comoros,Sub-Saharan Africa ,Lower middle income,Moroni,43.2418,-11.6986,True
COM,2010,3.77776673684423,1386.57533553376,5.099999905,Comoros,Sub-Saharan Africa ,Lower middle income,Moroni,43.2418,-11.6986,True
COM,2011,4.14350668765977,1531.43969320468,5.5,Comoros,Sub-Saharan Africa ,Lower middle income,Moroni,43.2418,-11.6986,True
COM,2012,3.1684098843342,1490.31425650871,5.975299835,Comoros,Sub-Saharan Africa ,Lower middle income,Moroni,43.2418,-11.6986,True
COM,2013,4.46624729869704,1603.32653496691,6.5,Comoros,Sub-Saharan Africa ,Lower middle income,Moroni,43.2418,-11.6986,True
COM,2014,2.10665760321017,1615.71709756316,6.980000019,Comoros,Sub-Saharan Africa ,Lower middle income,Moroni,43.2418,-11.6986,True
COM,2015,1.14735632260047,1329.37048235986,7.459199905,Comoros,Sub-Saharan Africa ,Lower middle income,Moroni,43.2418,-11.6986,True
COM,2016,3.3204465548877,1365.48403444497,7.938300133,Comoros,Sub-Saharan Africa ,Lower middle income,Moroni,43.2418,-11.6986,True
COM,2017,3.81576287489548,1423.9248027797,8.478199959,Comoros,Sub-Saharan Africa ,Lower middle income,Moroni,43.2418,-11.6986,True
COM,2018,3.64245114733689,1540.71132257526,,Comoros,Sub-Saharan Africa ,Lower middle income,Moroni,43.2418,-11.6986,True
COM,2019,1.76078023564568,1519.26386436068,16.38380051,Comoros,Sub-Saharan Africa ,Lower middle income,Moroni,43.2418,-11.6986,True
COM,2020,-0.195556841918759,1527.16991011916,22.42040062,Comoros,Sub-Saharan Africa ,Lower middle income,Moroni,43.2418,-11.6986,True
COM,2021,2.04245238320844,1587.72988658008,30.68120003,Comoros,Sub-Saharan Africa ,Lower middle income,Moroni,43.2418,-11.6986,True
COM,2022,2.45381174550259,1533.87755393614,31.37409973,Comoros,Sub-Saharan Africa ,Lower middle income,Moroni,43.2418,-11.6986,True
COM,2023,3.1866131800554,1723.89474946474,31.92749977,Comoros,Sub-Saharan Africa ,Lower middle income,Moroni,43.2418,-11.6986,True
COM,2024,3.30071498500033,1857.87060684189,32.51750183,Comoros,Sub-Saharan Africa ,Lower middle income,Moroni,43.2418,-11.6986,True
CPV,2000,14.2848688450919,1189.51479345891,1.82244385164396,Cabo Verde,Sub-Saharan Africa ,Upper middle income,Praia,-23.5087,14.9218,False
CPV,2001,2.23165454528898,1223.33055331575,2.68533271272311,Cabo Verde,Sub-Saharan Africa ,Upper middle income,Praia,-23.5087,14.9218,False
CPV,2002,5.25089116960211,1328.57874270666,3.5187571749658,Cabo Verde,Sub-Saharan Africa ,Upper middle income,Praia,-23.5087,14.9218,False
CPV,2003,4.17625932578332,1717.97565369655,4.32488539053715,Cabo Verde,Sub-Saharan Africa ,Upper middle income,Praia,-23.5087,14.9218,False
CPV,2004,10.197072633926,1929.49081468781,5.31883206957883,Cabo Verde,Sub-Saharan Africa ,Upper middle income,Praia,-23.5087,14.9218,False
CPV,2005,6.91245795720201,2004.14680417563,6.07408710659813,Cabo Verde,Sub-Saharan Africa ,Upper middle income,Praia,-23.5087,14.9218,False
CPV,2006,7.98375044795048,2256.99666191075,6.80891100753313,Cabo Verde,Sub-Saharan Africa ,Upper middle income,Praia,-23.5087,14.9218,False
CPV,2007,15.1706879735517,3324.57675212498,8.28321981953034,Cabo Verde,Sub-Saharan Africa ,Upper middle income,Praia,-23.5087,14.9218,False
CPV,2008,7.03901129565128,3908.64885822576,14.0,Cabo Verde,Sub-Saharan Africa ,Upper middle income,Praia,-23.5087,14.9218,False
CPV,2009,-1.50358672385678,3659.72046361628,21.0,Cabo Verde,Sub-Saharan Africa ,Upper middle income,Praia,-23.5087,14.9218,False
CPV,2010,1.83641914989978,3579.46006137809,30.0,Cabo Verde,Sub-Saharan Africa ,Upper middle income,Praia,-23.5087,14.9218,False
CPV,2011,3.92471821338283,4002.01386888785,32.0,Cabo Verde,Sub-Saharan Africa ,Upper middle income,Praia,-23.5087,14.9218,False
CPV,2012,1.08364848376166,3736.81517011087,34.74,Cabo Verde,Sub-Saharan Africa ,Upper middle income,Praia,-23.5087,14.9218,False
CPV,2013,0.632136727385131,3960.97596791345,37.5,Cabo Verde,Sub-Saharan Africa ,Upper middle income,Praia,-23.5087,14.9218,False
CPV,2014,0.696666840118581,3985.60706548134,40.25999832,Cabo Verde,Sub-Saharan Africa ,Upper middle income,Praia,-23.5087,14.9218,False
CPV,2015,0.936026507808833,3415.06266730931,42.6830141582781,Cabo Verde,Sub-Saharan Africa ,Upper middle income,Praia,-23.5087,14.9218,False
CPV,2016,4.28071482662371,3608.96605234906,50.3228178676892,Cabo Verde,Sub-Saharan Africa ,Upper middle income,Praia,-23.5087,14.9218,False
CPV,2017,4.5513148102974,3893.09571382506,57.1621463484891,Cabo Verde,Sub-Saharan Africa ,Upper middle income,Praia,-23.5087,14.9218,False
CPV,2018,3.70696458310842,4294.96510035729,59.5,Cabo Verde,Sub-Saharan Africa ,Upper middle income,Praia,-23.5087,14.9218,False
CPV,2019,6.94782634051859,4380.78117331128,61.9433977593088,Cabo Verde,Sub-Saharan Africa ,Upper middle income,Praia,-23.5087,14.9218,False
CPV,2020,-20.8052758990735,3539.22661248299,69.37339783,Cabo Verde,Sub-Saharan Africa ,Upper middle income,Praia,-23.5087,14.9218,False
CPV,2021,7.03353010694514,3971.44409203423,70.28250122,Cabo Verde,Sub-Saharan Africa ,Upper middle income,Praia,-23.5087,14.9218,False
CPV,2022,15.843675684642,4323.31362032709,73.32740021,Cabo Verde,Sub-Saharan Africa ,Upper middle income,Praia,-23.5087,14.9218,False
CPV,2023,4.7947613911073,4794.90119772843,74.59919739,Cabo Verde,Sub-Saharan Africa ,Upper middle income,Praia,-23.5087,14.9218,False
CPV,2024,6.98888280991075,5170.20531932535,74.73519897,Cabo Verde,Sub-Saharan Africa ,Upper middle income,Praia,-23.5087,14.9218,False
CRI,2000,3.80207210664838,3812.75386183689,5.80025302331829,Costa Rica,Latin America & Caribbean ,High income,San Jose,-84.0089,9.63701,False
CRI,2001,3.49117013515725,3985.12987980056,9.55948213497093,Costa Rica,Latin America & Caribbean ,High income,San Jose,-84.0089,9.63701,False
CRI,2002,3.41687615891895,4067.71854177094,19.8948511346293,Costa Rica,Latin America & Caribbean ,High income,San Jose,-84.0089,9.63701,False
CRI,2003,4.31718000096654,4173.14853766977,20.3336148143541,Costa Rica,Latin America & Caribbean ,High income,San Jose,-84.0089,9.63701,False
CRI,2004,4.42459978667458,4431.01172024063,20.7923067055542,Costa Rica,Latin America & Caribbean ,High income,San Jose,-84.0089,9.63701,False
CRI,2005,3.97666631433462,4703.00720463794,22.07,Costa Rica,Latin America & Caribbean ,High income,San Jose,-84.0089,9.63701,False
CRI,2006,7.3266951372695,5256.59641275583,25.10000038,Costa Rica,Latin America & Caribbean ,High income,San Jose,-84.0089,9.63701,False
CRI,2007,8.21513209207497,6137.71199435022,28.39999962,Costa Rica,Latin America & Caribbean ,High income,San Jose,-84.0089,9.63701,False
CRI,2008,4.73817511214847,6937.24261660254,32.29,Costa Rica,Latin America & Caribbean ,High income,San Jose,-84.0089,9.63701,False
CRI,2009,-0.87345608994562,6832.69828187486,34.33,Costa Rica,Latin America & Caribbean ,High income,San Jose,-84.0089,9.63701,False
CRI,2010,5.36034347722267,8265.78820580299,36.5,Costa Rica,Latin America & Caribbean ,High income,San Jose,-84.0089,9.63701,False
CRI,2011,4.40315921836142,9276.39109377477,39.2121959961842,Costa Rica,Latin America & Caribbean ,High income,San Jose,-84.0089,9.63701,False
CRI,2012,4.88259252932575,10126.9991155066,47.5,Costa Rica,Latin America & Caribbean ,High income,San Jose,-84.0089,9.63701,False
CRI,2013,2.49476596233289,10803.2401795009,45.96,Costa Rica,Latin America & Caribbean ,High income,San Jose,-84.0089,9.63701,False
CRI,2014,3.54210997703849,10911.4978703456,53.0,Costa Rica,Latin America & Caribbean ,High income,San Jose,-84.0089,9.63701,False
CRI,2015,3.65208093006359,11714.7106121672,59.7629501371681,Costa Rica,Latin America & Caribbean ,High income,San Jose,-84.0089,9.63701,False
CRI,2016,4.20432320775184,12091.0301560892,65.8804491942718,Costa Rica,Latin America & Caribbean ,High income,San Jose,-84.0089,9.63701,False
CRI,2017,4.15769914676933,12317.0902779911,71.5816646195022,Costa Rica,Latin America & Caribbean ,High income,San Jose,-84.0089,9.63701,False
CRI,2018,2.85285959760458,12620.0207321581,73.4797284369906,Costa Rica,Latin America & Caribbean ,High income,San Jose,-84.0089,9.63701,False
CRI,2019,2.70813912948329,12951.8588421841,81.2025964435269,Costa Rica,Latin America & Caribbean ,High income,San Jose,-84.0089,9.63701,False
CRI,2020,-4.14159340574358,12475.6852076814,80.53018608,Costa Rica,Latin America & Caribbean ,High income,San Jose,-84.0089,9.63701,False
CRI,2021,8.21817953969082,12962.2716075659,82.74901607,Costa Rica,Latin America & Caribbean ,High income,San Jose,-84.0089,9.63701,False
CRI,2022,5.46119455235068,13971.7649991294,82.59801121,Costa Rica,Latin America & Caribbean ,High income,San Jose,-84.0089,9.63701,False
CRI,2023,4.79187732359398,17140.771430122,85.39514799,Costa Rica,Latin America & Caribbean ,High income,San Jose,-84.0089,9.63701,False
CRI,2024,4.08292444182048,18853.2828705886,87.17019653,Costa Rica,Latin America & Caribbean ,High income,San Jose,-84.0089,9.63701,False
CUB,2000,5.9147601740486,2751.3817714814,0.541182548811058,Cuba,Latin America & Caribbean ,Upper middle income,Havana,-82.3667,23.1333,False
CUB,2001,3.18502990449461,2842.96704310394,1.07975172188907,Cuba,Latin America & Caribbean ,Upper middle income,Havana,-82.3667,23.1333,False
CUB,2002,1.42482126141282,3005.21104247868,3.77058503769014,Cuba,Latin America & Caribbean ,Upper middle income,Havana,-82.3667,23.1333,False
CUB,2003,3.79274022304334,3202.78109865637,5.2412690536929,Cuba,Latin America & Caribbean ,Upper middle income,Havana,-82.3667,23.1333,False
CUB,2004,5.77053807021559,3399.21962893402,8.40798475900703,Cuba,Latin America & Caribbean ,Upper middle income,Havana,-82.3667,23.1333,False
CUB,2005,11.2016564219094,3786.33799225291,9.73806220781346,Cuba,Latin America & Caribbean ,Upper middle income,Havana,-82.3667,23.1333,False
CUB,2006,12.0658631129953,4329.98265964383,11.1596013147617,Cuba,Latin America & Caribbean ,Upper middle income,Havana,-82.3667,23.1333,False
CUB,2007,7.26213696647943,4807.43888960684,11.69,Cuba,Latin America & Caribbean ,Upper middle income,Havana,-82.3667,23.1333,False
CUB,2008,4.11682804164681,4986.12436479175,12.94,Cuba,Latin America & Caribbean ,Upper middle income,Havana,-82.3667,23.1333,False
CUB,2009,1.4513054307407,5089.23519757167,14.33,Cuba,Latin America & Caribbean ,Upper middle income,Havana,-82.3667,23.1333,False
CUB,2010,2.39035229650723,5272.26755824835,15.9,Cuba,Latin America & Caribbean ,Upper middle income,Havana,-82.3667,23.1333,False
CUB,2011,2.80230083647626,6104.46105236166,16.0172907996413,Cuba,Latin America & Caribbean ,Upper middle income,Havana,-82.3667,23.1333,False
CUB,2012,3.01490028898772,6470.83673392653,21.20000076,Cuba,Latin America & Caribbean ,Upper middle income,Havana,-82.3667,23.1333,False
CUB,2013,2.74760256257211,6828.36428245396,27.93,Cuba,Latin America & Caribbean ,Upper middle income,Havana,-82.3667,23.1333,False
CUB,2014,1.04757663187654,7146.70459051328,29.0701843656523,Cuba,Latin America & Caribbean ,Upper middle income,Havana,-82.3667,23.1333,False
CUB,2015,4.4383335888395,7727.91997207998,37.3050974155373,Cuba,Latin America & Caribbean ,Upper middle income,Havana,-82.3667,23.1333,False
CUB,2016,0.512843095700745,8110.55874283616,42.9786751910106,Cuba,Latin America & Caribbean ,Upper middle income,Havana,-82.3667,23.1333,False
CUB,2017,1.80979178380274,8610.60829605429,57.1484043170788,Cuba,Latin America & Caribbean ,Upper middle income,Havana,-82.3667,23.1333,False
CUB,2018,2.24794852913217,8911.46205998726,62.6789236230601,Cuba,Latin America & Caribbean ,Upper middle income,Havana,-82.3667,23.1333,False
CUB,2019,-0.163087223606624,9232.26115935183,67.9708086565152,Cuba,Latin America & Caribbean ,Upper middle income,Havana,-82.3667,23.1333,False
CUB,2020,-10.9494359030206,9605.27914559614,71.11907507,Cuba,Latin America & Caribbean ,Upper middle income,Havana,-82.3667,23.1333,False
CUB,2021,1.25448735650322,,67.64354869,Cuba,Latin America & Caribbean ,Upper middle income,Havana,-82.3667,23.1333,False
CUB,2022,1.77465227724316,,67.88410187,Cuba,Latin America & Caribbean ,Upper middle income,Havana,-82.3667,23.1333,False
CUB,2023,-1.92937123169681,,69.55580139,Cuba,Latin America & Caribbean ,Upper middle income,Havana,-82.3667,23.1333,False
CUB,2024,-1.06173273220524,,70.47699738,Cuba,Latin America & Caribbean ,Upper middle income,Havana,-82.3667,23.1333,False
CUW,2000,,15841.2612359949,,Curacao,Latin America & Caribbean ,High income,Willemstad,,,False
CUW,2001,-0.695753704098053,16609.8454536485,,Curacao,Latin America & Caribbean ,High income,Willemstad,,,False
CUW,2002,0.397065216763636,16723.6925253468,,Curacao,Latin America & Caribbean ,High income,Willemstad,,,False
CUW,2003,0.288186681651752,16695.7351137757,,Curacao,Latin America & Caribbean ,High income,Willemstad,,,False
CUW,2004,0.208461073109362,16671.3403391655,,Curacao,Latin America & Caribbean ,High income,Willemstad,,,False
CUW,2005,0.676425345201665,17032.3356620744,,Curacao,Latin America & Caribbean ,High income,Willemstad,,,False
CUW,2006,1.63593468987035,17400.1637780186,,Curacao,Latin America & Caribbean ,High income,Willemstad,,,False
CUW,2007,2.46996322836787,18005.7165850772,,Curacao,Latin America & Caribbean ,High income,Willemstad,,,False
CUW,2008,2.18804308019168,19423.3352430175,,Curacao,Latin America & Caribbean ,High income,Willemstad,,,False
CUW,2009,-0.531308242338184,19540.2476579348,,Curacao,Latin America & Caribbean ,High income,Willemstad,,,False
CUW,2010,0.0823066088131412,19847.2310127979,,Curacao,Latin America & Caribbean ,High income,Willemstad,,,False
CUW,2011,0.50845748203723,19426.326382752,,Curacao,Latin America & Caribbean ,High income,Willemstad,,,False
CUW,2012,-0.34895082430242,19809.8223198624,,Curacao,Latin America & Caribbean ,High income,Willemstad,,,False
CUW,2013,-0.635696907591139,19721.2921646576,,Curacao,Latin America & Caribbean ,High income,Willemstad,,,False
CUW,2014,-0.637397373327133,19623.029993395,,Curacao,Latin America & Caribbean ,High income,Willemstad,,,False
CUW,2015,0.458151544160046,19361.8130008678,,Curacao,Latin America & Caribbean ,High income,Willemstad,,,False
CUW,2016,-1.06770848655277,18944.0961493998,61.855510740634,Curacao,Latin America & Caribbean ,High income,Willemstad,,,False
CUW,2017,-1.2762081008495,18938.2440469703,68.1272162511339,Curacao,Latin America & Caribbean ,High income,Willemstad,,,False
CUW,2018,-2.10411133101029,19119.1243941688,,Curacao,Latin America & Caribbean ,High income,Willemstad,,,False
CUW,2019,-3.20613230348162,19220.6866958303,,Curacao,Latin America & Caribbean ,High income,Willemstad,,,False
CUW,2020,-18.4384696124769,16299.8134688605,,Curacao,Latin America & Caribbean ,High income,Willemstad,,,False
CUW,2021,4.18371018614259,17795.5826483092,,Curacao,Latin America & Caribbean ,High income,Willemstad,,,False
CUW,2022,6.90600055461097,20057.1404960105,,Curacao,Latin America & Caribbean ,High income,Willemstad,,,False
CUW,2023,4.20199929761131,21217.8109173312,,Curacao,Latin America & Caribbean ,High income,Willemstad,,,False
CUW,2024,5.02690015475606,22832.895498987,,Curacao,Latin America & Caribbean ,High income,Willemstad,,,False
CYM,2005,,,38.0343830823064,Cayman Islands,Latin America & Caribbean ,High income,George Town,-81.3857,19.3022,False
CYM,2006,,87085.0937376216,44.5,Cayman Islands,Latin America & Caribbean ,High income,George Town,-81.3857,19.3022,False
CYM,2007,3.16262522652799,89888.2618212462,52.0,Cayman Islands,Latin America & Caribbean ,High income,George Town,-81.3857,19.3022,False
CYM,2008,-0.357401201092983,89655.1196222184,61.0,Cayman Islands,Latin America & Caribbean ,High income,George Town,-81.3857,19.3022,False
CYM,2009,-7.20048244664706,81373.5711516642,64.5,Cayman Islands,Latin America & Caribbean ,High income,George Town,-81.3857,19.3022,False
CYM,2010,-2.71563526217577,76837.6699636672,66.0,Cayman Islands,Latin America & Caribbean ,High income,George Town,-81.3857,19.3022,False
CYM,2011,1.16906219839106,75280.960764889,69.46594499,Cayman Islands,Latin America & Caribbean ,High income,George Town,-81.3857,19.3022,False
CYM,2012,1.22975365701149,75101.59136128,69.7,Cayman Islands,Latin America & Caribbean ,High income,George Town,-81.3857,19.3022,False
CYM,2013,1.27933101999021,75113.7332398618,71.4,Cayman Islands,Latin America & Caribbean ,High income,George Town,-81.3857,19.3022,False
CYM,2014,2.65452798451271,75845.3060407986,74.1,Cayman Islands,Latin America & Caribbean ,High income,George Town,-81.3857,19.3022,False
CYM,2015,2.8331222262961,76379.2095108681,77.0,Cayman Islands,Latin America & Caribbean ,High income,George Town,-81.3857,19.3022,False
CYM,2016,3.23997433895669,77802.2541567187,79.0,Cayman Islands,Latin America & Caribbean ,High income,George Town,-81.3857,19.3022,False
CYM,2017,3.18404592334522,80053.9444506891,81.0676932508161,Cayman Islands,Latin America & Caribbean ,High income,George Town,-81.3857,19.3022,False
CYM,2018,4.26726745249641,83865.5531568184,,Cayman Islands,Latin America & Caribbean ,High income,George Town,-81.3857,19.3022,False
CYM,2019,3.91563534249416,88254.2903677044,,Cayman Islands,Latin America & Caribbean ,High income,George Town,-81.3857,19.3022,False
CYM,2020,-4.95480696516726,82338.7977439023,,Cayman Islands,Latin America & Caribbean ,High income,George Town,-81.3857,19.3022,False
CYM,2021,4.86941655353661,86449.6749037302,,Cayman Islands,Latin America & Caribbean ,High income,George Town,-81.3857,19.3022,False
CYM,2022,5.66079366938135,92937.8838323153,,Cayman Islands,Latin America & Caribbean ,High income,George Town,-81.3857,19.3022,False
CYM,2023,5.80436961198644,100065.233841107,,Cayman Islands,Latin America & Caribbean ,High income,George Town,-81.3857,19.3022,False
CYM,2024,3.75641197192778,104292.900672109,,Cayman Islands,Latin America & Caribbean ,High income,George Town,-81.3857,19.3022,False
CYP,2000,5.96530445494226,14388.3525390625,15.2553943710137,Cyprus,Europe & Central Asia,High income,Nicosia,33.3736,35.1676,False
CYP,2001,3.95256258200938,14821.44921875,18.8187590408455,Cyprus,Europe & Central Asia,High income,Nicosia,33.3736,35.1676,False
CYP,2002,3.72297491128981,16093.2158203125,28.32,Cyprus,Europe & Central Asia,High income,Nicosia,33.3736,35.1676,False
CYP,2003,2.62329962315329,20252.24609375,30.09,Cyprus,Europe & Central Asia,High income,Nicosia,33.3736,35.1676,False
CYP,2004,5.02627226665527,23792.619140625,33.83,Cyprus,Europe & Central Asia,High income,Nicosia,33.3736,35.1676,False
CYP,2005,4.85298762175586,24959.26171875,32.81,Cyprus,Europe & Central Asia,High income,Nicosia,33.3736,35.1676,False
CYP,2006,4.71378358593959,26729.28125,35.83,Cyprus,Europe & Central Asia,High income,Nicosia,33.3736,35.1676,False
CYP,2007,5.09822614854798,31244.87890625,40.77,Cyprus,Europe & Central Asia,High income,Nicosia,33.3736,35.1676,False
CYP,2008,3.64698922103939,35541.88671875,42.31,Cyprus,Europe & Central Asia,High income,Nicosia,33.3736,35.1676,False
CYP,2009,-2.01508203683694,32236.462890625,49.81,Cyprus,Europe & Central Asia,High income,Nicosia,33.3736,35.1676,False
CYP,2010,2.28267100119788,31105.02734375,52.99,Cyprus,Europe & Central Asia,High income,Nicosia,33.3736,35.1676,False
CYP,2011,0.416711868408683,32485.8046875,56.8598923503507,Cyprus,Europe & Central Asia,High income,Nicosia,33.3736,35.1676,False
CYP,2012,-3.44738151374587,28991.9296875,60.6898684001903,Cyprus,Europe & Central Asia,High income,Nicosia,33.3736,35.1676,False
CYP,2013,-6.58747751118347,27764.7265625,65.4548,Cyprus,Europe & Central Asia,High income,Nicosia,33.3736,35.1676,False
CYP,2014,-1.77605867728616,26993.095703125,69.3286967086473,Cyprus,Europe & Central Asia,High income,Nicosia,33.3736,35.1676,False
CYP,2015,3.41892038889013,23088.4296875,71.7157409175171,Cyprus,Europe & Central Asia,High income,Nicosia,33.3736,35.1676,False
CYP,2016,6.57359080924678,24280.044921875,75.9002054030125,Cyprus,Europe & Central Asia,High income,Nicosia,33.3736,35.1676,False
CYP,2017,5.75083236554525,26247.46484375,80.743188971932,Cyprus,Europe & Central Asia,High income,Nicosia,33.3736,35.1676,False
CYP,2018,6.27166360056404,29120.38671875,84.4335825186889,Cyprus,Europe & Central Asia,High income,Nicosia,33.3736,35.1676,False
CYP,2019,5.87559583386607,29227.16796875,86.0636299618935,Cyprus,Europe & Central Asia,High income,Nicosia,33.3736,35.1676,False
CYP,2020,-3.22063018637567,28130.330078125,90.80194644,Cyprus,Europe & Central Asia,High income,Nicosia,33.3736,35.1676,False
CYP,2021,11.3975590801512,32937.8359375,90.75951564,Cyprus,Europe & Central Asia,High income,Nicosia,33.3736,35.1676,False
CYP,2022,8.73854684881674,33231.05078125,89.60099194,Cyprus,Europe & Central Asia,High income,Nicosia,33.3736,35.1676,False
CYP,2023,3.62045368236082,36623.70703125,91.22110357,Cyprus,Europe & Central Asia,High income,Nicosia,33.3736,35.1676,False
CYP,2024,3.94076934447787,38674.3125,89.60099246,Cyprus,Europe & Central Asia,High income,Nicosia,33.3736,35.1676,False
CZE,2000,4.010669619984,6062.92152842793,9.78052788834393,Czechia,Europe & Central Asia,High income,Prague,14.4205,50.0878,False
CZE,2001,2.9172195289956,6669.07494847497,14.6971721171129,Czechia,Europe & Central Asia,High income,Prague,14.4205,50.0878,False
CZE,2002,1.51345949139996,8101.26018588111,23.93,Czechia,Europe & Central Asia,High income,Prague,14.4205,50.0878,False
CZE,2003,3.300836832613,9852.45677945801,34.3,Czechia,Europe & Central Asia,High income,Prague,14.4205,50.0878,False
CZE,2004,4.73633969683438,11782.5546676117,35.5,Czechia,Europe & Central Asia,High income,Prague,14.4205,50.0878,False
CZE,2005,6.37502886086791,13442.4916284309,35.27,Czechia,Europe & Central Asia,High income,Prague,14.4205,50.0878,False
CZE,2006,6.62317299177447,15259.0788162004,47.93,Czechia,Europe & Central Asia,High income,Prague,14.4205,50.0878,False
CZE,2007,5.48882595164517,18452.6532812196,51.93,Czechia,Europe & Central Asia,High income,Prague,14.4205,50.0878,False
CZE,2008,2.61226807205139,22774.7045076205,62.97,Czechia,Europe & Central Asia,High income,Prague,14.4205,50.0878,False
CZE,2009,-4.79832416684926,19817.4215836554,64.43,Czechia,Europe & Central Asia,High income,Prague,14.4205,50.0878,False
CZE,2010,2.71466509907701,20160.4355077059,68.82,Czechia,Europe & Central Asia,High income,Prague,14.4205,50.0878,False
CZE,2011,1.77238085338473,22049.1080788682,70.49,Czechia,Europe & Central Asia,High income,Prague,14.4205,50.0878,False
CZE,2012,-0.770668190622743,20014.0354015165,73.4300078241036,Czechia,Europe & Central Asia,High income,Prague,14.4205,50.0878,False
CZE,2013,-0.0418124160447491,20260.4954999375,74.1104,Czechia,Europe & Central Asia,High income,Prague,14.4205,50.0878,False
CZE,2014,2.24521219862635,20038.4163180257,74.2317116367383,Czechia,Europe & Central Asia,High income,Prague,14.4205,50.0878,False
CZE,2015,4.95875848915604,17931.5987670768,75.668838699279,Czechia,Europe & Central Asia,High income,Prague,14.4205,50.0878,False
CZE,2016,2.58087013921376,18753.9686718096,76.4811986951838,Czechia,Europe & Central Asia,High income,Prague,14.4205,50.0878,False
CZE,2017,5.17356529967881,20913.197632212,78.7191728513432,Czechia,Europe & Central Asia,High income,Prague,14.4205,50.0878,False
CZE,2018,2.83030588267866,23705.9329811299,80.6881675434288,Czechia,Europe & Central Asia,High income,Prague,14.4205,50.0878,False
CZE,2019,3.56577658128261,24062.7190013343,80.8669444139622,Czechia,Europe & Central Asia,High income,Prague,14.4205,50.0878,False
CZE,2020,-5.30487955463876,23472.8915454417,81.33889705,Czechia,Europe & Central Asia,High income,Prague,14.4205,50.0878,False
CZE,2021,4.02901832055149,27696.4619527544,82.67062427,Czechia,Europe & Central Asia,High income,Prague,14.4205,50.0878,False
CZE,2022,2.8471706583814,28282.2236715857,84.54009378,Czechia,Europe & Central Asia,High income,Prague,14.4205,50.0878,False
CZE,2023,0.0475803308973752,31761.5944102491,85.99404818,Czechia,Europe & Central Asia,High income,Prague,14.4205,50.0878,False
CZE,2024,1.25131096245923,31827.7552539413,87.68776014,Czechia,Europe & Central Asia,High income,Prague,14.4205,50.0878,False
DEU,2000,2.8765231247659,23925.8559901991,30.2163466048889,Germany,Europe & Central Asia,High income,Berlin,13.4115,52.5235,False
DEU,2001,1.63614170690956,23878.3641471651,31.650939416316,Germany,Europe & Central Asia,High income,Berlin,13.4115,52.5235,False
DEU,2002,-0.228255715793637,25486.5942008748,48.82,Germany,Europe & Central Asia,High income,Berlin,13.4115,52.5235,False
DEU,2003,-0.529801394291297,30711.1022511331,55.9,Germany,Europe & Central Asia,High income,Berlin,13.4115,52.5235,False
DEU,2004,1.16208684507278,34566.7359143735,64.73,Germany,Europe & Central Asia,High income,Berlin,13.4115,52.5235,False
DEU,2005,0.885485292551564,35084.4363546269,68.71,Germany,Europe & Central Asia,High income,Berlin,13.4115,52.5235,False
DEU,2006,3.86668241523209,36980.3349948954,72.16,Germany,Europe & Central Asia,High income,Berlin,13.4115,52.5235,False
DEU,2007,2.8891174138025,42350.9217211489,75.16,Germany,Europe & Central Asia,High income,Berlin,13.4115,52.5235,False
DEU,2008,0.887902330743628,46379.1647953479,78.0,Germany,Europe & Central Asia,High income,Berlin,13.4115,52.5235,False
DEU,2009,-5.54455451920674,42471.8868625226,79.0,Germany,Europe & Central Asia,High income,Berlin,13.4115,52.5235,False
DEU,2010,4.13463778522758,42396.9665976293,82.0,Germany,Europe & Central Asia,High income,Berlin,13.4115,52.5235,False
DEU,2011,3.75796884489337,47630.9761883572,81.26999953602,Germany,Europe & Central Asia,High income,Berlin,13.4115,52.5235,False
DEU,2012,0.463512036709204,44718.0159214069,82.3499984738392,Germany,Europe & Central Asia,High income,Berlin,13.4115,52.5235,False
DEU,2013,0.396995583779145,47206.8353514242,84.17,Germany,Europe & Central Asia,High income,Berlin,13.4115,52.5235,False
DEU,2014,2.18018602168017,48959.5991203133,86.1937006578756,Germany,Europe & Central Asia,High income,Berlin,13.4115,52.5235,False
DEU,2015,1.66300602334775,41929.7549110722,87.5897993525767,Germany,Europe & Central Asia,High income,Berlin,13.4115,52.5235,False
DEU,2016,2.22222216259371,42948.9381932694,84.1652066441212,Germany,Europe & Central Asia,High income,Berlin,13.4115,52.5235,False
DEU,2017,2.797906720551,45553.9341495339,84.3941537010844,Germany,Europe & Central Asia,High income,Berlin,13.4115,52.5235,False
DEU,2018,1.13569604599849,48916.1686612154,87.037112092841,Germany,Europe & Central Asia,High income,Berlin,13.4115,52.5235,False
DEU,2019,0.977734697038784,47656.199739747,88.1345169091916,Germany,Europe & Central Asia,High income,Berlin,13.4115,52.5235,False
DEU,2020,-4.13191443239947,47394.8734504469,89.81294133,Germany,Europe & Central Asia,High income,Berlin,13.4115,52.5235,False
DEU,2021,3.90999994204108,52349.2459994422,91.43060973,Germany,Europe & Central Asia,High income,Berlin,13.4115,52.5235,False
DEU,2022,1.8092581243061,50506.5179638543,91.62984383,Germany,Europe & Central Asia,High income,Berlin,13.4115,52.5235,False
DEU,2023,-0.869647578573321,54776.7668235491,92.4763763,Germany,Europe & Central Asia,High income,Berlin,13.4115,52.5235,False
DEU,2024,-0.495851897260366,56103.7323182554,93.49999579,Germany,Europe & Central Asia,High income,Berlin,13.4115,52.5235,False
DJI,2000,,737.612183644052,0.194500528399956,Djibouti,"Middle East, North Africa, Afghanistan & Pakistan",Lower middle income,Djibouti,43.1425,11.5806,False
DJI,2001,,742.133791107063,0.343526262964202,Djibouti,"Middle East, North Africa, Afghanistan & Pakistan",Lower middle income,Djibouti,43.1425,11.5806,False
DJI,2002,,743.013270420348,0.48697170451894,Djibouti,"Middle East, North Africa, Afghanistan & Pakistan",Lower middle income,Djibouti,43.1425,11.5806,False
DJI,2003,,764.634465224597,0.625940229399888,Djibouti,"Middle East, North Africa, Afghanistan & Pakistan",Lower middle income,Djibouti,43.1425,11.5806,False
DJI,2004,,806.261652944964,0.781317175068661,Djibouti,"Middle East, North Africa, Afghanistan & Pakistan",Lower middle income,Djibouti,43.1425,11.5806,False
DJI,2005,,844.4483573908,0.953599989,Djibouti,"Middle East, North Africa, Afghanistan & Pakistan",Lower middle income,Djibouti,43.1425,11.5806,False
DJI,2006,,898.464628136774,1.269999981,Djibouti,"Middle East, North Africa, Afghanistan & Pakistan",Lower middle income,Djibouti,43.1425,11.5806,False
DJI,2007,,969.573220191902,1.62,Djibouti,"Middle East, North Africa, Afghanistan & Pakistan",Lower middle income,Djibouti,43.1425,11.5806,False
DJI,2008,,1119.15233346969,2.26,Djibouti,"Middle East, North Africa, Afghanistan & Pakistan",Lower middle income,Djibouti,43.1425,11.5806,False
DJI,2009,,1150.9375857489,4.0,Djibouti,"Middle East, North Africa, Afghanistan & Pakistan",Lower middle income,Djibouti,43.1425,11.5806,False
DJI,2010,,1213.23352553429,6.5,Djibouti,"Middle East, North Africa, Afghanistan & Pakistan",Lower middle income,Djibouti,43.1425,11.5806,False
DJI,2011,,1306.34552844977,7.0,Djibouti,"Middle East, North Africa, Afghanistan & Pakistan",Lower middle income,Djibouti,43.1425,11.5806,False
DJI,2012,,1400.19357858954,9.399999619,Djibouti,"Middle East, North Africa, Afghanistan & Pakistan",Lower middle income,Djibouti,43.1425,11.5806,False
DJI,2013,,2075.94498424748,12.69999981,Djibouti,"Middle East, North Africa, Afghanistan & Pakistan",Lower middle income,Djibouti,43.1425,11.5806,False
DJI,2014,7.19298728463697,2214.62084142432,17.0,Djibouti,"Middle East, North Africa, Afghanistan & Pakistan",Lower middle income,Djibouti,43.1425,11.5806,False
DJI,2015,7.30898563450799,2376.12554719873,22.89999962,Djibouti,"Middle East, North Africa, Afghanistan & Pakistan",Lower middle income,Djibouti,43.1425,11.5806,False
DJI,2016,7.1234323372872,2510.4300076241,30.79999924,Djibouti,"Middle East, North Africa, Afghanistan & Pakistan",Lower middle income,Djibouti,43.1425,11.5806,False
DJI,2017,5.458091517212,2618.95521147369,55.6814092453962,Djibouti,"Middle East, North Africa, Afghanistan & Pakistan",Lower middle income,Djibouti,43.1425,11.5806,False
DJI,2018,4.77433934943193,2718.08338799203,57.06169891,Djibouti,"Middle East, North Africa, Afghanistan & Pakistan",Lower middle income,Djibouti,43.1425,11.5806,False
DJI,2019,5.54508081154978,2837.16902340932,58.4762001,Djibouti,"Middle East, North Africa, Afghanistan & Pakistan",Lower middle income,Djibouti,43.1425,11.5806,False
DJI,2020,1.2021151728969,2844.88810647853,59.92570114,Djibouti,"Middle East, North Africa, Afghanistan & Pakistan",Lower middle income,Djibouti,43.1425,11.5806,False
DJI,2021,4.40715667561153,3025.91126413549,61.41120148,Djibouti,"Middle East, North Africa, Afghanistan & Pakistan",Lower middle income,Djibouti,43.1425,11.5806,False
DJI,2022,5.16653702854374,3133.25779772463,63.77600098,Djibouti,"Middle East, North Africa, Afghanistan & Pakistan",Lower middle income,Djibouti,43.1425,11.5806,False
DJI,2023,6.80733529403308,3381.29779710722,64.75869751,Djibouti,"Middle East, North Africa, Afghanistan & Pakistan",Lower middle income,Djibouti,43.1425,11.5806,False
DJI,2024,6.98048467276334,3552.72335079222,65.29889679,Djibouti,"Middle East, North Africa, Afghanistan & Pakistan",Lower middle income,Djibouti,43.1425,11.5806,False
DMA,2000,2.3402193777688,4867.39896323759,8.81484419762881,Dominica,Latin America & Caribbean ,Upper middle income,Roseau,-61.39,15.2976,False
DMA,2001,-0.0638434428881567,5527.51527300496,13.2452280386761,Dominica,Latin America & Caribbean ,Upper middle income,Roseau,-61.39,15.2976,False
DMA,2002,-3.08742052359268,5488.02784969357,18.4248927671241,Dominica,Latin America & Caribbean ,Upper middle income,Roseau,-61.39,15.2976,False
DMA,2003,5.80495468629533,5447.44011496284,23.6204198529629,Dominica,Latin America & Caribbean ,Upper middle income,Roseau,-61.39,15.2976,False
DMA,2004,4.09783662273917,5778.83306546506,30.3196130921568,Dominica,Latin America & Caribbean ,Upper middle income,Roseau,-61.39,15.2976,False
DMA,2005,0.915286472779144,5695.22442394675,38.54359818,Dominica,Latin America & Caribbean ,Upper middle income,Roseau,-61.39,15.2976,False
DMA,2006,4.40077479812059,6055.78109574854,39.39820099,Dominica,Latin America & Caribbean ,Upper middle income,Roseau,-61.39,15.2976,False
DMA,2007,5.3579375575878,6459.03503689609,40.2745018,Dominica,Latin America & Caribbean ,Upper middle income,Roseau,-61.39,15.2976,False
DMA,2008,7.12131217762231,6971.32633839289,41.15999985,Dominica,Latin America & Caribbean ,Upper middle income,Roseau,-61.39,15.2976,False
DMA,2009,-1.13575145648322,7487.49010395154,42.02000046,Dominica,Latin America & Caribbean ,Upper middle income,Roseau,-61.39,15.2976,False
DMA,2010,-0.105610857694984,7549.61964680375,47.45,Dominica,Latin America & Caribbean ,Upper middle income,Roseau,-61.39,15.2976,False
DMA,2011,0.0427388878891435,7705.40717248319,48.59999847,Dominica,Latin America & Caribbean ,Upper middle income,Roseau,-61.39,15.2976,False
DMA,2012,-0.15739179314221,7528.51001990155,49.79999924,Dominica,Latin America & Caribbean ,Upper middle income,Roseau,-61.39,15.2976,False
DMA,2013,0.0045039972976042,7822.21797211398,51.0,Dominica,Latin America & Caribbean ,Upper middle income,Roseau,-61.39,15.2976,False
DMA,2014,2.33521742067693,8131.74876096735,57.5,Dominica,Latin America & Caribbean ,Upper middle income,Roseau,-61.39,15.2976,False
DMA,2015,-3.37338262476895,8282.59874702141,65.0,Dominica,Latin America & Caribbean ,Upper middle income,Roseau,-61.39,15.2976,False
DMA,2016,1.44724556489263,8802.56172041363,67.02999878,Dominica,Latin America & Caribbean ,Upper middle income,Roseau,-61.39,15.2976,False
DMA,2017,-7.5443637547282,8224.64896571414,69.61969757,Dominica,Latin America & Caribbean ,Upper middle income,Roseau,-61.39,15.2976,False
DMA,2018,2.964010610466,9215.3085405645,,Dominica,Latin America & Caribbean ,Upper middle income,Roseau,-61.39,15.2976,False
DMA,2019,3.94809757938053,9491.14995962374,73.38200378,Dominica,Latin America & Caribbean ,Upper middle income,Roseau,-61.39,15.2976,False
DMA,2020,-15.7064024545862,7827.74842680426,75.65670013,Dominica,Latin America & Caribbean ,Upper middle income,Roseau,-61.39,15.2976,False
DMA,2021,5.37983838954712,8376.40414141113,78.07949829,Dominica,Latin America & Caribbean ,Upper middle income,Roseau,-61.39,15.2976,False
DMA,2022,10.3968076616121,9323.66089490562,80.57980347,Dominica,Latin America & Caribbean ,Upper middle income,Roseau,-61.39,15.2976,False
DMA,2023,3.65221012208734,9912.96212766668,81.33650208,Dominica,Latin America & Caribbean ,Upper middle income,Roseau,-61.39,15.2976,False
DMA,2024,2.052738472526,10405.2787777582,82.04689789,Dominica,Latin America & Caribbean ,Upper middle income,Roseau,-61.39,15.2976,False
DNK,2000,3.72400899471576,30722.0251837567,39.1724308555053,Denmark,Europe & Central Asia,High income,Copenhagen,12.5681,55.6763,False
DNK,2001,0.95003224600012,30768.4775471112,42.9575247201878,Denmark,Europe & Central Asia,High income,Copenhagen,12.5681,55.6763,False
DNK,2002,0.456530018779986,33257.1622586509,64.25,Denmark,Europe & Central Asia,High income,Copenhagen,12.5681,55.6763,False
DNK,2003,0.441091006625101,40519.0974905924,76.26,Denmark,Europe & Central Asia,High income,Copenhagen,12.5681,55.6763,False
DNK,2004,2.77635180744053,46625.050098011,80.93,Denmark,Europe & Central Asia,High income,Copenhagen,12.5681,55.6763,False
DNK,2005,2.35960882992528,48925.8076698784,82.74,Denmark,Europe & Central Asia,High income,Copenhagen,12.5681,55.6763,False
DNK,2006,3.81648769908172,52119.1787984282,86.65,Denmark,Europe & Central Asia,High income,Copenhagen,12.5681,55.6763,False
DNK,2007,0.987173815945127,58631.6566433635,85.03,Denmark,Europe & Central Asia,High income,Copenhagen,12.5681,55.6763,False
DNK,2008,-0.417178439991005,64616.6657583663,85.02,Denmark,Europe & Central Asia,High income,Copenhagen,12.5681,55.6763,False
DNK,2009,-4.97447905669058,58412.7472358513,86.84,Denmark,Europe & Central Asia,High income,Copenhagen,12.5681,55.6763,False
DNK,2010,1.58289703108802,58104.5445594981,88.72,Denmark,Europe & Central Asia,High income,Copenhagen,12.5681,55.6763,False
DNK,2011,1.3108037609606,61809.737898222,89.8100133895232,Denmark,Europe & Central Asia,High income,Copenhagen,12.5681,55.6763,False
DNK,2012,-0.00543230161670749,58443.7747103968,92.2600117153012,Denmark,Europe & Central Asia,High income,Copenhagen,12.5681,55.6763,False
DNK,2013,1.39267343161971,61377.5940590412,94.6297,Denmark,Europe & Central Asia,High income,Copenhagen,12.5681,55.6763,False
DNK,2014,1.27799983192831,62520.4509747011,95.9935053764454,Denmark,Europe & Central Asia,High income,Copenhagen,12.5681,55.6763,False
DNK,2015,2.10441456445301,53094.0133607574,96.3305016195436,Denmark,Europe & Central Asia,High income,Copenhagen,12.5681,55.6763,False
DNK,2016,3.07304549209093,54500.9260410217,96.9677852516645,Denmark,Europe & Central Asia,High income,Copenhagen,12.5681,55.6763,False
DNK,2017,3.05647723922718,57521.5514992225,97.0993621555621,Denmark,Europe & Central Asia,High income,Copenhagen,12.5681,55.6763,False
DNK,2018,1.8600074900921,61324.7665045565,97.3192043651002,Denmark,Europe & Central Asia,High income,Copenhagen,12.5681,55.6763,False
DNK,2019,1.71140093932736,59404.2663247723,98.0464347521549,Denmark,Europe & Central Asia,High income,Copenhagen,12.5681,55.6763,False
DNK,2020,-1.78010601831291,60985.4885601514,96.54914573,Denmark,Europe & Central Asia,High income,Copenhagen,12.5681,55.6763,False
DNK,2021,6.50025445756295,69340.7334922138,98.8658506,Denmark,Europe & Central Asia,High income,Copenhagen,12.5681,55.6763,False
DNK,2022,0.443832614908331,67781.0940939514,97.86011812,Denmark,Europe & Central Asia,High income,Copenhagen,12.5681,55.6763,False
DNK,2023,0.604587766175584,68043.5466971243,98.77559197,Denmark,Europe & Central Asia,High income,Copenhagen,12.5681,55.6763,False
DNK,2024,3.47783593140312,71026.4832271897,99.76915157,Denmark,Europe & Central Asia,High income,Copenhagen,12.5681,55.6763,False
DOM,2000,4.65172550299128,2831.45883638033,3.70469235587688,Dominican Republic,Latin America & Caribbean ,Upper middle income,Santo Domingo,-69.8908,18.479,False
DOM,2001,2.46937023763239,2935.89367312668,4.42939069666645,Dominican Republic,Latin America & Caribbean ,Upper middle income,Santo Domingo,-69.8908,18.479,False
DOM,2002,4.48650367045651,3065.60329524196,6.8237257325842,Dominican Republic,Latin America & Caribbean ,Upper middle income,Santo Domingo,-69.8908,18.479,False
DOM,2003,-1.34935744782766,2383.26171780393,7.89839293716387,Dominican Republic,Latin America & Caribbean ,Upper middle income,Santo Domingo,-69.8908,18.479,False
DOM,2004,2.58556667449577,2451.69161616569,8.8655534607044,Dominican Republic,Latin America & Caribbean ,Upper middle income,Santo Domingo,-69.8908,18.479,False
DOM,2005,9.43178931977285,3878.31206735244,11.4831977789344,Dominican Republic,Latin America & Caribbean ,Upper middle income,Santo Domingo,-69.8908,18.479,False
DOM,2006,9.17120650955299,4055.14270347371,14.8449283654589,Dominican Republic,Latin America & Caribbean ,Upper middle income,Santo Domingo,-69.8908,18.479,False
DOM,2007,7.41840577774235,4649.64558875814,17.66,Dominican Republic,Latin America & Caribbean ,Upper middle income,Santo Domingo,-69.8908,18.479,False
DOM,2008,3.26808671288212,5023.58513403515,20.82,Dominican Republic,Latin America & Caribbean ,Upper middle income,Santo Domingo,-69.8908,18.479,False
DOM,2009,1.00345293018719,4973.95186999952,27.72,Dominican Republic,Latin America & Caribbean ,Upper middle income,Santo Domingo,-69.8908,18.479,False
DOM,2010,8.40114541209596,5478.62470398954,31.39999962,Dominican Republic,Latin America & Caribbean ,Upper middle income,Santo Domingo,-69.8908,18.479,False
DOM,2011,3.19196227475523,5826.51014109195,38.0,Dominican Republic,Latin America & Caribbean ,Upper middle income,Santo Domingo,-69.8908,18.479,False
DOM,2012,2.77567100848816,6013.81965002603,42.32,Dominican Republic,Latin America & Caribbean ,Upper middle income,Santo Domingo,-69.8908,18.479,False
DOM,2013,4.93473300709881,6136.59429329301,45.9,Dominican Republic,Latin America & Caribbean ,Upper middle income,Santo Domingo,-69.8908,18.479,False
DOM,2014,7.11122629673892,6496.45166971142,49.58000183,Dominican Republic,Latin America & Caribbean ,Upper middle income,Santo Domingo,-69.8908,18.479,False
DOM,2015,6.98771131236387,6800.95309395474,54.2157663369785,Dominican Republic,Latin America & Caribbean ,Upper middle income,Santo Domingo,-69.8908,18.479,False
DOM,2016,6.71974078681295,7160.44200982307,63.8708647408206,Dominican Republic,Latin America & Caribbean ,Upper middle income,Santo Domingo,-69.8908,18.479,False
DOM,2017,3.93386176401576,7412.71571571512,67.5712453277737,Dominican Republic,Latin America & Caribbean ,Upper middle income,Santo Domingo,-69.8908,18.479,False
DOM,2018,7.09751640210159,7882.98221584944,74.8220483597284,Dominican Republic,Latin America & Caribbean ,Upper middle income,Santo Domingo,-69.8908,18.479,False
DOM,2019,4.8940301149584,8183.01623600375,79.71549988,Dominican Republic,Latin America & Caribbean ,Upper middle income,Santo Domingo,-69.8908,18.479,False
DOM,2020,-7.92905234231061,7135.22273255899,81.61730194,Dominican Republic,Latin America & Caribbean ,Upper middle income,Santo Domingo,-69.8908,18.479,False
DOM,2021,14.0124289062207,8527.0754858205,85.24298638,Dominican Republic,Latin America & Caribbean ,Upper middle income,Santo Domingo,-69.8908,18.479,False
DOM,2022,5.23795652902595,10104.2464008585,81.51269675,Dominican Republic,Latin America & Caribbean ,Upper middle income,Santo Domingo,-69.8908,18.479,False
DOM,2023,2.19229848237939,10630.431743829,86.12689972,Dominican Republic,Latin America & Caribbean ,Upper middle income,Santo Domingo,-69.8908,18.479,False
DOM,2024,4.95352204492849,10875.6618443092,91.0022446,Dominican Republic,Latin America & Caribbean ,Upper middle income,Santo Domingo,-69.8908,18.479,False
DZA,2000,3.80000000158476,1772.92869122761,0.491705679141589,Algeria,"Middle East, North Africa, Afghanistan & Pakistan",Upper middle income,Algiers,3.05097,36.7397,False
DZA,2001,2.99999999863043,1896.30020878013,0.646114016703792,Algeria,"Middle East, North Africa, Afghanistan & Pakistan",Upper middle income,Algiers,3.05097,36.7397,False
DZA,2002,5.40000000000001,1937.46411413019,1.59164126035832,Algeria,"Middle East, North Africa, Afghanistan & Pakistan",Upper middle income,Algiers,3.05097,36.7397,False
DZA,2003,6.50000000062043,2283.77299346126,2.19535973086144,Algeria,"Middle East, North Africa, Afghanistan & Pakistan",Upper middle income,Algiers,3.05097,36.7397,False
DZA,2004,4.49999999976698,2816.99384960555,4.63447508776537,Algeria,"Middle East, North Africa, Afghanistan & Pakistan",Upper middle income,Algiers,3.05097,36.7397,False
DZA,2005,5.39999999969525,3233.13339634212,5.843900204,Algeria,"Middle East, North Africa, Afghanistan & Pakistan",Upper middle income,Algiers,3.05097,36.7397,False
DZA,2006,2.89999999905852,3660.66104745322,7.37598495634886,Algeria,"Middle East, North Africa, Afghanistan & Pakistan",Upper middle income,Algiers,3.05097,36.7397,False
DZA,2007,3.10000000128674,4167.45169937531,9.45119062555304,Algeria,"Middle East, North Africa, Afghanistan & Pakistan",Upper middle income,Algiers,3.05097,36.7397,False
DZA,2008,2.49999999929371,5180.91881514686,10.18,Algeria,"Middle East, North Africa, Afghanistan & Pakistan",Upper middle income,Algiers,3.05097,36.7397,False
DZA,2009,1.19999999969519,4235.42990456612,11.23,Algeria,"Middle East, North Africa, Afghanistan & Pakistan",Upper middle income,Algiers,3.05097,36.7397,False
DZA,2010,4.80000000093564,4912.78585503672,12.5,Algeria,"Middle East, North Africa, Afghanistan & Pakistan",Upper middle income,Algiers,3.05097,36.7397,False
DZA,2011,2.99999999941909,5916.31364364343,14.89999962,Algeria,"Middle East, North Africa, Afghanistan & Pakistan",Upper middle income,Algiers,3.05097,36.7397,False
DZA,2012,2.40000000034432,6033.64884689543,18.20000076,Algeria,"Middle East, North Africa, Afghanistan & Pakistan",Upper middle income,Algiers,3.05097,36.7397,False
DZA,2013,2.60000000061164,5979.60138960585,22.5,Algeria,"Middle East, North Africa, Afghanistan & Pakistan",Upper middle income,Algiers,3.05097,36.7397,False
DZA,2014,4.09999999866501,6094.69392314956,29.5,Algeria,"Middle East, North Africa, Afghanistan & Pakistan",Upper middle income,Algiers,3.05097,36.7397,False
DZA,2015,3.20000000089023,4685.05902729002,38.20000076,Algeria,"Middle East, North Africa, Afghanistan & Pakistan",Upper middle income,Algiers,3.05097,36.7397,False
DZA,2016,3.90000000017621,4424.98529027556,42.94549942,Algeria,"Middle East, North Africa, Afghanistan & Pakistan",Upper middle income,Algiers,3.05097,36.7397,False
DZA,2017,1.49999999895587,4554.66753957828,47.69110107,Algeria,"Middle East, North Africa, Afghanistan & Pakistan",Upper middle income,Algiers,3.05097,36.7397,False
DZA,2018,1.40000000088281,4577.21029180491,49.0384680793271,Algeria,"Middle East, North Africa, Afghanistan & Pakistan",Upper middle income,Algiers,3.05097,36.7397,False
DZA,2019,0.899999999219148,4468.45341883656,55.79069901,Algeria,"Middle East, North Africa, Afghanistan & Pakistan",Upper middle income,Algiers,3.05097,36.7397,False
DZA,2020,-4.99999999908597,3743.5419522929,63.47269821,Algeria,"Middle East, North Africa, Afghanistan & Pakistan",Upper middle income,Algiers,3.05097,36.7397,False
DZA,2021,3.79999999900707,4160.55926736925,72.21240234,Algeria,"Middle East, North Africa, Afghanistan & Pakistan",Upper middle income,Algiers,3.05097,36.7397,False
DZA,2022,3.60000000094915,4960.30334332888,74.78150177,Algeria,"Middle East, North Africa, Afghanistan & Pakistan",Upper middle income,Algiers,3.05097,36.7397,False
DZA,2023,4.10000000005964,5370.477235078,76.19760132,Algeria,"Middle East, North Africa, Afghanistan & Pakistan",Upper middle income,Algiers,3.05097,36.7397,False
DZA,2024,3.69999999907979,5752.99076651465,77.4178009,Algeria,"Middle East, North Africa, Afghanistan & Pakistan",Upper middle income,Algiers,3.05097,36.7397,False
ECU,2000,1.09180164720277,1382.23421759909,1.46218853556457,Ecuador,Latin America & Caribbean ,Upper middle income,Quito,-78.5243,-0.229498,False
ECU,2001,4.20627185748789,1791.30359685037,2.67044367376705,Ecuador,Latin America & Caribbean ,Upper middle income,Quito,-78.5243,-0.229498,False
ECU,2002,4.92809549611376,2059.1585535974,4.26079691519764,Ecuador,Latin America & Caribbean ,Upper middle income,Quito,-78.5243,-0.229498,False
ECU,2003,2.88450036512064,2315.62215223014,4.46022834472698,Ecuador,Latin America & Caribbean ,Upper middle income,Quito,-78.5243,-0.229498,False
ECU,2004,6.83239736646514,2586.20914663347,4.83444263759525,Ecuador,Latin America & Caribbean ,Upper middle income,Quito,-78.5243,-0.229498,False
ECU,2005,5.39862243994342,2909.02606014388,5.994299889,Ecuador,Latin America & Caribbean ,Upper middle income,Quito,-78.5243,-0.229498,False
ECU,2006,4.34113198577639,3243.67010359339,7.199999809,Ecuador,Latin America & Caribbean ,Upper middle income,Quito,-78.5243,-0.229498,False
ECU,2007,1.90242859700484,3478.92488770671,10.80000019,Ecuador,Latin America & Caribbean ,Upper middle income,Quito,-78.5243,-0.229498,False
ECU,2008,6.56492068224719,4194.75750661981,18.8,Ecuador,Latin America & Caribbean ,Upper middle income,Quito,-78.5243,-0.229498,False
ECU,2009,1.0910129698311,4053.36331139298,24.6,Ecuador,Latin America & Caribbean ,Upper middle income,Quito,-78.5243,-0.229498,False
ECU,2010,4.02913787986621,4520.30959039763,29.03,Ecuador,Latin America & Caribbean ,Upper middle income,Quito,-78.5243,-0.229498,False
ECU,2011,8.48147656332823,5153.6916424375,31.3668083587433,Ecuador,Latin America & Caribbean ,Upper middle income,Quito,-78.5243,-0.229498,False
ECU,2012,5.783212336172,5634.08393191094,35.1351464545516,Ecuador,Latin America & Caribbean ,Upper middle income,Quito,-78.5243,-0.229498,False
ECU,2013,7.21123653679159,6109.29031510341,40.279121941,Ecuador,Latin America & Caribbean ,Upper middle income,Quito,-78.5243,-0.229498,False
ECU,2014,4.22606520388456,6405.79979300441,45.5903906666095,Ecuador,Latin America & Caribbean ,Upper middle income,Quito,-78.5243,-0.229498,False
ECU,2015,0.119692109287612,5976.1596805651,48.9404337892669,Ecuador,Latin America & Caribbean ,Upper middle income,Quito,-78.5243,-0.229498,False
ECU,2016,-0.687954245877947,5917.63771271481,54.0629247288864,Ecuador,Latin America & Caribbean ,Upper middle income,Quito,-78.5243,-0.229498,False
ECU,2017,5.97039880954841,6233.32244797718,55.79999924,Ecuador,Latin America & Caribbean ,Upper middle income,Quito,-78.5243,-0.229498,False
ECU,2018,1.04429460679607,6303.91886658338,57.5,Ecuador,Latin America & Caribbean ,Upper middle income,Quito,-78.5243,-0.229498,False
ECU,2019,0.1654044646003,6205.05765246766,59.2,Ecuador,Latin America & Caribbean ,Upper middle income,Quito,-78.5243,-0.229498,False
ECU,2020,-9.24509619165865,5463.64515348598,70.7,Ecuador,Latin America & Caribbean ,Upper middle income,Quito,-78.5243,-0.229498,False
ECU,2021,9.42189269033631,6061.32350181711,69.1147995,Ecuador,Latin America & Caribbean ,Upper middle income,Quito,-78.5243,-0.229498,False
ECU,2022,5.86842354862311,6515.58528418336,69.71811356,Ecuador,Latin America & Caribbean ,Upper middle income,Quito,-78.5243,-0.229498,False
ECU,2023,1.8328406107788,6718.1447938811,72.6943146,Ecuador,Latin America & Caribbean ,Upper middle income,Quito,-78.5243,-0.229498,False
ECU,2024,-1.94409022506859,6826.5294137822,77.17273115,Ecuador,Latin America & Caribbean ,Upper middle income,Quito,-78.5243,-0.229498,False
EGY,2000,6.37000382991766,1366.09274372613,0.641265037504813,"Egypt, Arab Rep.","Middle East, North Africa, Afghanistan & Pakistan",Lower middle income,Cairo,31.2461,30.0982,False
EGY,2001,3.53525197391507,1295.1374184163,0.838945611477604,"Egypt, Arab Rep.","Middle East, North Africa, Afghanistan & Pakistan",Lower middle income,Cairo,31.2461,30.0982,False
EGY,2002,2.39020402675627,1116.82884626213,2.71999971465421,"Egypt, Arab Rep.","Middle East, North Africa, Afghanistan & Pakistan",Lower middle income,Cairo,31.2461,30.0982,False
EGY,2003,3.19345473756772,1031.27556291284,4.03788510706701,"Egypt, Arab Rep.","Middle East, North Africa, Afghanistan & Pakistan",Lower middle income,Cairo,31.2461,30.0982,False
EGY,2004,4.09207161019908,991.255689145253,11.92,"Egypt, Arab Rep.","Middle East, North Africa, Afghanistan & Pakistan",Lower middle income,Cairo,31.2461,30.0982,False
EGY,2005,4.4717444710621,1105.53920713903,12.75,"Egypt, Arab Rep.","Middle East, North Africa, Afghanistan & Pakistan",Lower middle income,Cairo,31.2461,30.0982,False
EGY,2006,6.84383819369884,1298.97900203124,13.66,"Egypt, Arab Rep.","Middle East, North Africa, Afghanistan & Pakistan",Lower middle income,Cairo,31.2461,30.0982,False
EGY,2007,7.08782742675582,1547.74170735909,16.03,"Egypt, Arab Rep.","Middle East, North Africa, Afghanistan & Pakistan",Lower middle income,Cairo,31.2461,30.0982,False
EGY,2008,7.15628356711522,1896.21594269779,18.01,"Egypt, Arab Rep.","Middle East, North Africa, Afghanistan & Pakistan",Lower middle income,Cairo,31.2461,30.0982,False
EGY,2009,4.67359980000663,2161.63964573927,20.0,"Egypt, Arab Rep.","Middle East, North Africa, Afghanistan & Pakistan",Lower middle income,Cairo,31.2461,30.0982,False
EGY,2010,5.14723485746742,2455.08194645282,21.6,"Egypt, Arab Rep.","Middle East, North Africa, Afghanistan & Pakistan",Lower middle income,Cairo,31.2461,30.0982,False
EGY,2011,1.76457194806041,2590.64384891965,25.6,"Egypt, Arab Rep.","Middle East, North Africa, Afghanistan & Pakistan",Lower middle income,Cairo,31.2461,30.0982,False
EGY,2012,2.22619979818487,2996.0677072015,26.4,"Egypt, Arab Rep.","Middle East, North Africa, Afghanistan & Pakistan",Lower middle income,Cairo,31.2461,30.0982,False
EGY,2013,2.18546605363386,3025.52563552448,29.4,"Egypt, Arab Rep.","Middle East, North Africa, Afghanistan & Pakistan",Lower middle income,Cairo,31.2461,30.0982,False
EGY,2014,2.91591188052836,3133.39102265541,33.8946039115275,"Egypt, Arab Rep.","Middle East, North Africa, Afghanistan & Pakistan",Lower middle income,Cairo,31.2461,30.0982,False
EGY,2015,4.37201907781687,3306.98159414141,37.8193834276939,"Egypt, Arab Rep.","Middle East, North Africa, Afghanistan & Pakistan",Lower middle income,Cairo,31.2461,30.0982,False
EGY,2016,4.34664345601914,3270.6287768197,41.2480670885772,"Egypt, Arab Rep.","Middle East, North Africa, Afghanistan & Pakistan",Lower middle income,Cairo,31.2461,30.0982,False
EGY,2017,4.18122099961562,2395.10333299491,44.9502042452857,"Egypt, Arab Rep.","Middle East, North Africa, Afghanistan & Pakistan",Lower middle income,Cairo,31.2461,30.0982,False
EGY,2018,5.33110861887155,2484.70315630508,46.92433676792,"Egypt, Arab Rep.","Middle East, North Africa, Afghanistan & Pakistan",Lower middle income,Cairo,31.2461,30.0982,False
EGY,2019,5.55209307084222,2962.98892023003,57.2828663990195,"Egypt, Arab Rep.","Middle East, North Africa, Afghanistan & Pakistan",Lower middle income,Cairo,31.2461,30.0982,False
EGY,2020,3.55016483883115,3511.11381026379,71.91420096,"Egypt, Arab Rep.","Middle East, North Africa, Afghanistan & Pakistan",Lower middle income,Cairo,31.2461,30.0982,False
EGY,2021,3.29064601193245,3827.35415374308,72.05599976,"Egypt, Arab Rep.","Middle East, North Africa, Afghanistan & Pakistan",Lower middle income,Cairo,31.2461,30.0982,False
EGY,2022,6.58784560870467,4233.30783744856,72.19806556,"Egypt, Arab Rep.","Middle East, North Africa, Afghanistan & Pakistan",Lower middle income,Cairo,31.2461,30.0982,False
EGY,2023,3.76028052279247,3456.78965212363,74.01190186,"Egypt, Arab Rep.","Middle East, North Africa, Afghanistan & Pakistan",Lower middle income,Cairo,31.2461,30.0982,False
EGY,2024,2.3991692678251,3338.47371043679,74.64839935,"Egypt, Arab Rep.","Middle East, North Africa, Afghanistan & Pakistan",Lower middle income,Cairo,31.2461,30.0982,False
ERI,2000,-3.14198590251638,314.357396753501,0.136711941104496,Eritrea,Sub-Saharan Africa ,Low income,Asmara,38.9183,15.3315,True
ERI,2001,8.75543552816325,325.409161513593,0.157815289303043,Eritrea,Sub-Saharan Africa ,Low income,Asmara,38.9183,15.3315,True
ERI,2002,3.0054291917378,304.775756465092,0.227090137626716,Eritrea,Sub-Saharan Africa ,Low income,Asmara,38.9183,15.3315,True
ERI,2003,-2.65551592487554,348.950327077742,,Eritrea,Sub-Saharan Africa ,Low income,Asmara,38.9183,15.3315,True
ERI,2004,1.45173556595506,426.840947887032,,Eritrea,Sub-Saharan Africa ,Low income,Asmara,38.9183,15.3315,True
ERI,2005,2.57444955124846,412.753079199423,,Eritrea,Sub-Saharan Africa ,Low income,Asmara,38.9183,15.3315,True
ERI,2006,-0.969217110711355,447.997404727201,,Eritrea,Sub-Saharan Africa ,Low income,Asmara,38.9183,15.3315,True
ERI,2007,1.42682221120323,480.44762365456,0.409999996,Eritrea,Sub-Saharan Africa ,Low income,Asmara,38.9183,15.3315,True
ERI,2008,-9.78303001782456,490.066956003333,0.469999999,Eritrea,Sub-Saharan Africa ,Low income,Asmara,38.9183,15.3315,True
ERI,2009,3.8765015275421,642.92572288007,0.540000021,Eritrea,Sub-Saharan Africa ,Low income,Asmara,38.9183,15.3315,True
ERI,2010,2.19419034888082,539.699512069686,0.610000014,Eritrea,Sub-Saharan Africa ,Low income,Asmara,38.9183,15.3315,True
ERI,2011,8.67980010138049,688.68165957684,0.699999988,Eritrea,Sub-Saharan Africa ,Low income,Asmara,38.9183,15.3315,True
ERI,2012,,,0.800000012,Eritrea,Sub-Saharan Africa ,Low income,Asmara,38.9183,15.3315,True
ERI,2013,,,0.899999976,Eritrea,Sub-Saharan Africa ,Low income,Asmara,38.9183,15.3315,True
ERI,2014,,,0.99000001,Eritrea,Sub-Saharan Africa ,Low income,Asmara,38.9183,15.3315,True
ERI,2015,,,1.083699942,Eritrea,Sub-Saharan Africa ,Low income,Asmara,38.9183,15.3315,True
ERI,2016,,,1.177099943,Eritrea,Sub-Saharan Africa ,Low income,Asmara,38.9183,15.3315,True
ERI,2017,,,2.496099949,Eritrea,Sub-Saharan Africa ,Low income,Asmara,38.9183,15.3315,True
ERI,2018,,,5.293000221,Eritrea,Sub-Saharan Africa ,Low income,Asmara,38.9183,15.3315,True
ERI,2019,,,11.22379971,Eritrea,Sub-Saharan Africa ,Low income,Asmara,38.9183,15.3315,True
ERI,2020,,,14.34939957,Eritrea,Sub-Saharan Africa ,Low income,Asmara,38.9183,15.3315,True
ESP,2000,5.20064125553942,14743.2671031455,13.6249608089899,Spain,Europe & Central Asia,High income,Madrid,-3.70327,40.4167,False
ESP,2001,3.91908880808811,15368.2337984435,18.1487226902932,Spain,Europe & Central Asia,High income,Madrid,-3.70327,40.4167,False
ESP,2002,2.75545611564098,17111.0685058941,20.39,Spain,Europe & Central Asia,High income,Madrid,-3.70327,40.4167,False
ESP,2003,2.9392895953076,21522.0170990262,39.93,Spain,Europe & Central Asia,High income,Madrid,-3.70327,40.4167,False
ESP,2004,3.1145314799161,24925.0267844576,44.01,Spain,Europe & Central Asia,High income,Madrid,-3.70327,40.4167,False
ESP,2005,3.5512255846125,26450.9530130382,47.88,Spain,Europe & Central Asia,High income,Madrid,-3.70327,40.4167,False
ESP,2006,4.04343515605099,28421.686527407,50.37,Spain,Europe & Central Asia,High income,Madrid,-3.70327,40.4167,False
ESP,2007,3.53350013165972,32652.015594702,55.11,Spain,Europe & Central Asia,High income,Madrid,-3.70327,40.4167,False
ESP,2008,0.767165748290694,35603.248328071,59.6,Spain,Europe & Central Asia,High income,Madrid,-3.70327,40.4167,False
ESP,2009,-3.76813306940053,32279.8208476151,62.4,Spain,Europe & Central Asia,High income,Madrid,-3.70327,40.4167,False
ESP,2010,0.0941223116369514,30658.7422282912,65.8,Spain,Europe & Central Asia,High income,Madrid,-3.70327,40.4167,False
ESP,2011,-0.639920636520344,31824.6219134777,67.0899993926581,Spain,Europe & Central Asia,High income,Madrid,-3.70327,40.4167,False
ESP,2012,-2.86511368637748,28456.4438151477,69.8099999420024,Spain,Europe & Central Asia,High income,Madrid,-3.70327,40.4167,False
ESP,2013,-1.42732224757626,29228.846559842,71.635,Spain,Europe & Central Asia,High income,Madrid,-3.70327,40.4167,False
ESP,2014,1.52048593647231,29707.765509467,76.1867089778712,Spain,Europe & Central Asia,High income,Madrid,-3.70327,40.4167,False
ESP,2015,4.06086672473866,25982.4416197775,78.6896318703515,Spain,Europe & Central Asia,High income,Madrid,-3.70327,40.4167,False
ESP,2016,2.91515598595787,26755.6061149398,80.5613329432179,Spain,Europe & Central Asia,High income,Madrid,-3.70327,40.4167,False
ESP,2017,2.89604207865007,28381.3425596906,84.6022457016524,Spain,Europe & Central Asia,High income,Madrid,-3.70327,40.4167,False
ESP,2018,2.39541124478878,30602.4212881113,86.107235525659,Spain,Europe & Central Asia,High income,Madrid,-3.70327,40.4167,False
ESP,2019,1.96117850841711,29786.5245689007,90.718665325267,Spain,Europe & Central Asia,High income,Madrid,-3.70327,40.4167,False
ESP,2020,-10.9400706350371,27233.9426461608,93.20564892,Spain,Europe & Central Asia,High income,Madrid,-3.70327,40.4167,False
ESP,2021,6.68314420473001,30799.4775937775,93.89752157,Spain,Europe & Central Asia,High income,Madrid,-3.70327,40.4167,False
ESP,2022,6.37031712129601,30319.4987196616,94.4855432,Spain,Europe & Central Asia,High income,Madrid,-3.70327,40.4167,False
ESP,2023,2.46085796805582,33493.2225409111,95.44564516,Spain,Europe & Central Asia,High income,Madrid,-3.70327,40.4167,False
ESP,2024,3.45525405630191,35326.7683069278,95.7574516,Spain,Europe & Central Asia,High income,Madrid,-3.70327,40.4167,False
EST,2000,10.0876385800462,4070.60902410208,28.5769538105646,Estonia,Europe & Central Asia,High income,Tallinn,24.7586,59.4392,False
EST,2001,5.88074589534277,4502.66614992392,31.5274897673756,Estonia,Europe & Central Asia,High income,Tallinn,24.7586,59.4392,False
EST,2002,6.93300082616575,5343.18310760735,41.52,Estonia,Europe & Central Asia,High income,Tallinn,24.7586,59.4392,False
EST,2003,7.59630181032645,7205.40703313243,45.32,Estonia,Europe & Central Asia,High income,Tallinn,24.7586,59.4392,False
EST,2004,6.80070110758655,8916.0728274602,53.2,Estonia,Europe & Central Asia,High income,Tallinn,24.7586,59.4392,False
EST,2005,9.52305386462066,10414.6381183565,61.45,Estonia,Europe & Central Asia,High income,Tallinn,24.7586,59.4392,False
EST,2006,9.76257131206653,12641.4800976473,63.51,Estonia,Europe & Central Asia,High income,Tallinn,24.7586,59.4392,False
EST,2007,7.57091879311882,16745.4308011148,66.19,Estonia,Europe & Central Asia,High income,Tallinn,24.7586,59.4392,False
EST,2008,-5.12531154308803,18205.9064113446,70.58,Estonia,Europe & Central Asia,High income,Tallinn,24.7586,59.4392,False
EST,2009,-14.6302225427906,14712.4494217916,72.5,Estonia,Europe & Central Asia,High income,Tallinn,24.7586,59.4392,False
EST,2010,2.4497502063999,14663.7041018705,74.1,Estonia,Europe & Central Asia,High income,Tallinn,24.7586,59.4392,False
EST,2011,7.60697458913162,17555.5455239426,76.5,Estonia,Europe & Central Asia,High income,Tallinn,24.7586,59.4392,False
EST,2012,3.67201872506541,17568.2137969714,78.3899259259259,Estonia,Europe & Central Asia,High income,Tallinn,24.7586,59.4392,False
EST,2013,1.75649379621869,19310.3874900757,80.0043,Estonia,Europe & Central Asia,High income,Tallinn,24.7586,59.4392,False
EST,2014,3.32278988182702,20581.7898991695,84.2415280294352,Estonia,Europe & Central Asia,High income,Tallinn,24.7586,59.4392,False
EST,2015,1.83815262882932,17722.1557669523,88.4097035040431,Estonia,Europe & Central Asia,High income,Tallinn,24.7586,59.4392,False
EST,2016,3.09301920751959,18666.3736521706,87.2402327514547,Estonia,Europe & Central Asia,High income,Tallinn,24.7586,59.4392,False
EST,2017,5.63467248963991,20851.5223496861,88.1024568740199,Estonia,Europe & Central Asia,High income,Tallinn,24.7586,59.4392,False
EST,2018,3.69969756161726,23618.1361254581,89.3570077747426,Estonia,Europe & Central Asia,High income,Tallinn,24.7586,59.4392,False
EST,2019,3.72664943466884,24021.2501413306,90.2289281997919,Estonia,Europe & Central Asia,High income,Tallinn,24.7586,59.4392,False
EST,2020,-2.88380751483778,23933.9939421065,89.05828666,Estonia,Europe & Central Asia,High income,Tallinn,24.7586,59.4392,False
EST,2021,8.25488044580031,27951.1659277744,90.97970174,Estonia,Europe & Central Asia,High income,Tallinn,24.7586,59.4392,False
EST,2022,-1.22616966587796,28340.3826549406,91.52016546,Estonia,Europe & Central Asia,High income,Tallinn,24.7586,59.4392,False
EST,2023,-2.74421914571231,30264.0064885057,93.18342241,Estonia,Europe & Central Asia,High income,Tallinn,24.7586,59.4392,False
EST,2024,-0.0900428648493801,31428.3547816104,92.23796204,Estonia,Europe & Central Asia,High income,Tallinn,24.7586,59.4392,False
ETH,2000,6.07321748125295,122.269202606069,0.0152637672082567,Ethiopia,Sub-Saharan Africa ,Low income,Addis Ababa,38.7468,9.02274,True
ETH,2001,8.30130632267965,118.457204255261,0.0371623810686744,Ethiopia,Sub-Saharan Africa ,Low income,Addis Ababa,38.7468,9.02274,True
ETH,2002,1.51472570667433,109.593813612988,0.0724022618698295,Ethiopia,Sub-Saharan Africa ,Low income,Addis Ababa,38.7468,9.02274,True
ETH,2003,-2.16135972256865,116.800491132777,0.105811658802603,Ethiopia,Sub-Saharan Africa ,Low income,Addis Ababa,38.7468,9.02274,True
ETH,2004,13.5726031401471,133.169812538096,0.155334520794722,Ethiopia,Sub-Saharan Africa ,Low income,Addis Ababa,38.7468,9.02274,True
ETH,2005,11.8187659491625,158.243458082465,0.219659818999505,Ethiopia,Sub-Saharan Africa ,Low income,Addis Ababa,38.7468,9.02274,True
ETH,2006,10.8347270679373,189.345737521418,0.310592656856176,Ethiopia,Sub-Saharan Africa ,Low income,Addis Ababa,38.7468,9.02274,True
ETH,2007,11.4561670019891,237.146255996319,0.37,Ethiopia,Sub-Saharan Africa ,Low income,Addis Ababa,38.7468,9.02274,True
ETH,2008,10.7885216870332,316.410475118075,0.449999988,Ethiopia,Sub-Saharan Africa ,Low income,Addis Ababa,38.7468,9.02274,True
ETH,2009,8.8025531990487,368.574712267445,0.540000021,Ethiopia,Sub-Saharan Africa ,Low income,Addis Ababa,38.7468,9.02274,True
ETH,2010,12.5505383347633,330.619412798644,0.75,Ethiopia,Sub-Saharan Africa ,Low income,Addis Ababa,38.7468,9.02274,True
ETH,2011,11.1782962297008,343.024942351887,1.100000024,Ethiopia,Sub-Saharan Africa ,Low income,Addis Ababa,38.7468,9.02274,True
ETH,2012,8.64781163513926,452.101031885754,2.900000095,Ethiopia,Sub-Saharan Africa ,Low income,Addis Ababa,38.7468,9.02274,True
ETH,2013,10.5822700502552,484.039833104062,4.599999905,Ethiopia,Sub-Saharan Africa ,Low income,Addis Ababa,38.7468,9.02274,True
ETH,2014,10.2574929627477,549.986577082588,7.699999809,Ethiopia,Sub-Saharan Africa ,Low income,Addis Ababa,38.7468,9.02274,True
ETH,2015,10.3924630141307,597.912113218663,13.8551755555556,Ethiopia,Sub-Saharan Africa ,Low income,Addis Ababa,38.7468,9.02274,True
ETH,2016,9.43348265981905,641.651523286233,15.3669238595896,Ethiopia,Sub-Saharan Africa ,Low income,Addis Ababa,38.7468,9.02274,True
ETH,2017,9.56418965754014,696.348429076216,15.62440014,Ethiopia,Sub-Saharan Africa ,Low income,Addis Ababa,38.7468,9.02274,True
ETH,2018,6.81614778557282,739.702022272086,15.88619995,Ethiopia,Sub-Saharan Africa ,Low income,Addis Ababa,38.7468,9.02274,True
ETH,2019,8.36408573111346,793.473247218996,15.98460007,Ethiopia,Sub-Saharan Africa ,Low income,Addis Ababa,38.7468,9.02274,True
ETH,2020,6.05953089248577,829.790982552951,16.06959915,Ethiopia,Sub-Saharan Africa ,Low income,Addis Ababa,38.7468,9.02274,True
ETH,2021,5.64153069324176,893.009835441784,16.6981031,Ethiopia,Sub-Saharan Africa ,Low income,Addis Ababa,38.7468,9.02274,True
ETH,2022,5.32175988485454,982.103161502198,17.9836998,Ethiopia,Sub-Saharan Africa ,Low income,Addis Ababa,38.7468,9.02274,True
ETH,2023,6.59424599054353,1055.81091593061,20.33749962,Ethiopia,Sub-Saharan Africa ,Low income,Addis Ababa,38.7468,9.02274,True
ETH,2024,7.61277447616879,1133.88279681256,21.94129944,Ethiopia,Sub-Saharan Africa ,Low income,Addis Ababa,38.7468,9.02274,True
FIN,2000,5.75373770498848,24335.9225082659,37.2484617371121,Finland,Europe & Central Asia,High income,Helsinki,24.9525,60.1608,False
FIN,2001,2.64026205699308,24965.202996776,43.1053633522263,Finland,Europe & Central Asia,High income,Helsinki,24.9525,60.1608,False
FIN,2002,1.68732644358099,26989.389260959,62.43,Finland,Europe & Central Asia,High income,Helsinki,24.9525,60.1608,False
FIN,2003,2.01179992738312,32920.0857192568,69.22,Finland,Europe & Central Asia,High income,Helsinki,24.9525,60.1608,False
FIN,2004,4.00537952277651,37768.1334202029,72.39,Finland,Europe & Central Asia,High income,Helsinki,24.9525,60.1608,False
FIN,2005,2.77730918518017,39049.8703780223,74.48,Finland,Europe & Central Asia,High income,Helsinki,24.9525,60.1608,False
FIN,2006,4.01957326515895,41214.0187765069,79.66,Finland,Europe & Central Asia,High income,Helsinki,24.9525,60.1608,False
FIN,2007,5.31280176694145,48473.0240091455,80.78,Finland,Europe & Central Asia,High income,Helsinki,24.9525,60.1608,False
FIN,2008,0.784431235717051,53769.4726240385,83.67,Finland,Europe & Central Asia,High income,Helsinki,24.9525,60.1608,False
FIN,2009,-8.07603116552393,47478.3495310999,82.49,Finland,Europe & Central Asia,High income,Helsinki,24.9525,60.1608,False
FIN,2010,3.1682879121621,46506.2919016566,86.89,Finland,Europe & Central Asia,High income,Helsinki,24.9525,60.1608,False
FIN,2011,2.39039455396828,51060.3242589767,88.70999491353,Finland,Europe & Central Asia,High income,Helsinki,24.9525,60.1608,False
FIN,2012,-1.52284013040689,47551.6740841369,89.879997974222,Finland,Europe & Central Asia,High income,Helsinki,24.9525,60.1608,False
FIN,2013,-0.979741024949618,49691.0145200739,91.5144,Finland,Europe & Central Asia,High income,Helsinki,24.9525,60.1608,False
FIN,2014,-0.4780684247837,50073.7760815871,86.5303927529377,Finland,Europe & Central Asia,High income,Helsinki,24.9525,60.1608,False
FIN,2015,0.466503766322674,42560.3456767103,86.4221333325445,Finland,Europe & Central Asia,High income,Helsinki,24.9525,60.1608,False
FIN,2016,2.57193414898754,43451.2562442158,87.7036499599455,Finland,Europe & Central Asia,High income,Helsinki,24.9525,60.1608,False
FIN,2017,3.30337003591039,46085.0174739036,87.4689290730615,Finland,Europe & Central Asia,High income,Helsinki,24.9525,60.1608,False
FIN,2018,1.19297759742292,49654.2497035329,88.8899599985585,Finland,Europe & Central Asia,High income,Helsinki,24.9525,60.1608,False
FIN,2019,1.34973845741737,48358.1807773701,89.6073851129779,Finland,Europe & Central Asia,High income,Helsinki,24.9525,60.1608,False
FIN,2020,-2.49103605535707,48828.6846862799,92.17027106,Finland,Europe & Central Asia,High income,Helsinki,24.9525,60.1608,False
FIN,2021,2.67634641498897,53099.1351400148,92.80806082,Finland,Europe & Central Asia,High income,Helsinki,24.9525,60.1608,False
FIN,2022,0.763041912763526,50440.560224974,92.98879471,Finland,Europe & Central Asia,High income,Helsinki,24.9525,60.1608,False
FIN,2023,-1.28973484453397,52864.6931581216,93.51385075,Finland,Europe & Central Asia,High income,Helsinki,24.9525,60.1608,False
FIN,2024,0.374566568538427,53155.5451165897,93.72405196,Finland,Europe & Central Asia,High income,Helsinki,24.9525,60.1608,False
FJI,2000,-1.69999776168213,1995.72071163264,1.4968547339902,Fiji,East Asia & Pacific,Upper middle income,Suva,178.399,-18.1149,False
FJI,2001,2.00000027123612,1944.997414609,1.8579785936093,Fiji,East Asia & Pacific,Upper middle income,Suva,178.399,-18.1149,False
FJI,2002,3.19999861722759,2136.56794118683,6.15264970011985,Fiji,East Asia & Pacific,Upper middle income,Suva,178.399,-18.1149,False
FJI,2003,0.999998995078172,2655.58079586044,6.72543473821551,Fiji,East Asia & Pacific,Upper middle income,Suva,178.399,-18.1149,False
FJI,2004,5.30000086613597,3097.19096651759,7.4129434854202,Fiji,East Asia & Pacific,Upper middle income,Suva,178.399,-18.1149,False
FJI,2005,0.699999592969263,3377.69126953493,8.45363663371359,Fiji,East Asia & Pacific,Upper middle income,Suva,178.399,-18.1149,False
FJI,2006,1.85248357237371,3455.10599907349,9.6000384001536,Fiji,East Asia & Pacific,Upper middle income,Suva,178.399,-18.1149,False
FJI,2007,-0.8506533546566,3762.74692789299,10.89780045,Fiji,East Asia & Pacific,Upper middle income,Suva,178.399,-18.1149,False
FJI,2008,1.03279368777636,3899.92231512129,13.0,Fiji,East Asia & Pacific,Upper middle income,Suva,178.399,-18.1149,False
FJI,2009,-1.38603752085589,3164.13275408169,17.0,Fiji,East Asia & Pacific,Upper middle income,Suva,178.399,-18.1149,False
FJI,2010,2.95467268842502,3449.14452883369,20.0,Fiji,East Asia & Pacific,Upper middle income,Suva,178.399,-18.1149,False
FJI,2011,2.70514231228027,4139.60288609702,28.0,Fiji,East Asia & Pacific,Upper middle income,Suva,178.399,-18.1149,False
FJI,2012,1.41131415220703,4341.40338748749,33.74240112,Fiji,East Asia & Pacific,Upper middle income,Suva,178.399,-18.1149,False
FJI,2013,4.7342203729816,4572.44377544245,35.20000076,Fiji,East Asia & Pacific,Upper middle income,Suva,178.399,-18.1149,False
FJI,2014,5.60351397766961,5293.35676680464,37.40000153,Fiji,East Asia & Pacific,Upper middle income,Suva,178.399,-18.1149,False
FJI,2015,4.50120064471365,5097.53106864695,42.5,Fiji,East Asia & Pacific,Upper middle income,Suva,178.399,-18.1149,False
FJI,2016,2.44565202449249,5363.79026679243,49.41999817,Fiji,East Asia & Pacific,Upper middle income,Suva,178.399,-18.1149,False
FJI,2017,5.35336434979577,5826.84814459328,53.6473999,Fiji,East Asia & Pacific,Upper middle income,Suva,178.399,-18.1149,False
FJI,2018,3.812350939512,6085.41979485376,58.2364006,Fiji,East Asia & Pacific,Upper middle income,Suva,178.399,-18.1149,False
FJI,2019,-0.581946590349759,5842.07344577597,63.21789932,Fiji,East Asia & Pacific,Upper middle income,Suva,178.399,-18.1149,False
FJI,2020,-17.1835352599354,4620.6457238014,68.62560272,Fiji,East Asia & Pacific,Upper middle income,Suva,178.399,-18.1149,False
FJI,2021,-4.3459619989752,4536.73312110335,70.56800079,Fiji,East Asia & Pacific,Upper middle income,Suva,178.399,-18.1149,False
FJI,2022,17.7451269773594,5414.12092119088,72.56549835,Fiji,East Asia & Pacific,Upper middle income,Suva,178.399,-18.1149,False
FJI,2023,9.44245856738313,5926.20586394763,74.1160965,Fiji,East Asia & Pacific,Upper middle income,Suva,178.399,-18.1149,False
FJI,2024,3.53085896076352,6425.74151715712,74.7052002,Fiji,East Asia & Pacific,Upper middle income,Suva,178.399,-18.1149,False
FRA,2000,4.14099996402915,22340.5939516217,14.3079239430677,France,Europe & Central Asia,High income,Paris,2.35097,48.8566,False
FRA,2001,1.89946701186636,22331.7948343036,26.3259035521688,France,Europe & Central Asia,High income,Paris,2.35097,48.8566,False
FRA,2002,1.06775027069419,24144.5727019529,30.18,France,Europe & Central Asia,High income,Paris,2.35097,48.8566,False
FRA,2003,0.967827182558352,29479.5222101175,36.14,France,Europe & Central Asia,High income,Paris,2.35097,48.8566,False
FRA,2004,2.86825052501032,33644.9282220364,39.15,France,Europe & Central Asia,High income,Paris,2.35097,48.8566,False
FRA,2005,1.88856584109286,34696.3718316971,42.87,France,Europe & Central Asia,High income,Paris,2.35097,48.8566,False
FRA,2006,2.71406448755236,36431.5658906555,46.87,France,Europe & Central Asia,High income,Paris,2.35097,48.8566,False
FRA,2007,2.53048188351066,41486.1907828787,66.09,France,Europe & Central Asia,High income,Paris,2.35097,48.8566,False
FRA,2008,0.380171435849121,45464.8181385158,70.68,France,Europe & Central Asia,High income,Paris,2.35097,48.8566,False
FRA,2009,-2.82455153714783,41728.0884164132,71.58,France,Europe & Central Asia,High income,Paris,2.35097,48.8566,False
FRA,2010,2.00032476039051,40694.8211697025,77.28,France,Europe & Central Asia,High income,Paris,2.35097,48.8566,False
FRA,2011,2.43757653729007,43929.7840873812,77.8199989926706,France,Europe & Central Asia,High income,Paris,2.35097,48.8566,False
FRA,2012,0.183835264973013,40863.5814412333,81.44,France,Europe & Central Asia,High income,Paris,2.35097,48.8566,False
FRA,2013,0.781756446231,42669.1795111893,81.9198,France,Europe & Central Asia,High income,Paris,2.35097,48.8566,False
FRA,2014,0.997832947295251,43148.0459288416,83.7510996681821,France,Europe & Central Asia,High income,Paris,2.35097,48.8566,False
FRA,2015,1.06675474783462,36702.4323733379,78.0060377071902,France,Europe & Central Asia,High income,Paris,2.35097,48.8566,False
FRA,2016,0.860031075424033,37024.2157133669,79.2698113207547,France,Europe & Central Asia,High income,Paris,2.35097,48.8566,False
FRA,2017,2.08361485997399,38687.1626407164,80.5024597243607,France,Europe & Central Asia,High income,Paris,2.35097,48.8566,False
FRA,2018,1.64590872395887,41418.1766484844,82.0431867788484,France,Europe & Central Asia,High income,Paris,2.35097,48.8566,False
FRA,2019,2.02744646419237,40408.2848574751,83.3397440866883,France,Europe & Central Asia,High income,Paris,2.35097,48.8566,False
FRA,2020,-7.44064589948231,39169.8606000707,84.70639801,France,Europe & Central Asia,High income,Paris,2.35097,48.8566,False
FRA,2021,6.88233783360239,43725.0999521245,86.09548575,France,Europe & Central Asia,High income,Paris,2.35097,48.8566,False
FRA,2022,2.71676264185913,40988.6396406579,85.33331734,France,Europe & Central Asia,High income,Paris,2.35097,48.8566,False
FRA,2023,1.43921494437743,44700.1384177544,86.83635789,France,Europe & Central Asia,High income,Paris,2.35097,48.8566,False
FRA,2024,1.19046798275883,46103.0840855884,88.65381638,France,Europe & Central Asia,High income,Paris,2.35097,48.8566,False
FRO,2000,,23322.7593357515,32.916392363397,Faroe Islands,Europe & Central Asia,High income,Torshavn,-6.91181,61.8926,False
FRO,2001,,24879.7729617864,43.2469835228993,Faroe Islands,Europe & Central Asia,High income,Torshavn,-6.91181,61.8926,False
FRO,2002,,26937.6505602847,53.2992218313613,Faroe Islands,Europe & Central Asia,High income,Torshavn,-6.91181,61.8926,False
FRO,2003,,31269.6031997217,58.9126409695337,Faroe Islands,Europe & Central Asia,High income,Torshavn,-6.91181,61.8926,False
FRO,2004,,35647.5440400531,66.5335994677312,Faroe Islands,Europe & Central Asia,High income,Torshavn,-6.91181,61.8926,False
FRO,2005,,36389.081644098,67.9026317413939,Faroe Islands,Europe & Central Asia,High income,Torshavn,-6.91181,61.8926,False
FRO,2006,,41743.6812847661,69.359445124439,Faroe Islands,Europe & Central Asia,High income,Torshavn,-6.91181,61.8926,False
FRO,2007,,48348.7393711011,75.98,Faroe Islands,Europe & Central Asia,High income,Torshavn,-6.91181,61.8926,False
FRO,2008,,51287.8911081663,75.57,Faroe Islands,Europe & Central Asia,High income,Torshavn,-6.91181,61.8926,False
FRO,2009,-4.55329824103478,47060.1592550833,75.18,Faroe Islands,Europe & Central Asia,High income,Torshavn,-6.91181,61.8926,False
FRO,2010,-0.379817991218616,47924.1364756678,75.2,Faroe Islands,Europe & Central Asia,High income,Torshavn,-6.91181,61.8926,False
FRO,2011,3.56636317884431,51620.0541648551,80.7321728,Faroe Islands,Europe & Central Asia,High income,Torshavn,-6.91181,61.8926,False
FRO,2012,7.08148344487884,50263.0024625867,85.3351892392109,Faroe Islands,Europe & Central Asia,High income,Torshavn,-6.91181,61.8926,False
FRO,2013,5.85614389735763,55759.364098362,90.0,Faroe Islands,Europe & Central Asia,High income,Torshavn,-6.91181,61.8926,False
FRO,2014,5.43214206841004,60173.3057854661,93.3,Faroe Islands,Europe & Central Asia,High income,Torshavn,-6.91181,61.8926,False
FRO,2015,0.958001934486234,52638.2668218454,94.2,Faroe Islands,Europe & Central Asia,High income,Torshavn,-6.91181,61.8926,False
FRO,2016,1.38644795938293,56876.4302363804,95.1086816720257,Faroe Islands,Europe & Central Asia,High income,Torshavn,-6.91181,61.8926,False
FRO,2017,3.51201367488443,59388.5365965776,97.5819589384468,Faroe Islands,Europe & Central Asia,High income,Torshavn,-6.91181,61.8926,False
FRO,2018,2.76370952267429,62525.2647698273,,Faroe Islands,Europe & Central Asia,High income,Torshavn,-6.91181,61.8926,False
FRO,2019,4.53851028676189,63070.7228080361,,Faroe Islands,Europe & Central Asia,High income,Torshavn,-6.91181,61.8926,False
FRO,2020,-1.63732118017028,62247.9273907098,,Faroe Islands,Europe & Central Asia,High income,Torshavn,-6.91181,61.8926,False
FRO,2021,5.06636291600633,69421.6981686515,,Faroe Islands,Europe & Central Asia,High income,Torshavn,-6.91181,61.8926,False
FRO,2022,3.86099981669155,67069.3987440509,,Faroe Islands,Europe & Central Asia,High income,Torshavn,-6.91181,61.8926,False
FRO,2023,3.15873872329266,72486.6910957957,,Faroe Islands,Europe & Central Asia,High income,Torshavn,-6.91181,61.8926,False
FRO,2024,0.843716851362103,74175.2776311377,,Faroe Islands,Europe & Central Asia,High income,Torshavn,-6.91181,61.8926,False
FSM,2000,4.62454546471687,2049.34490021777,3.73486213690137,"Micronesia, Fed. Sts.",East Asia & Pacific,Upper middle income,Palikir,158.185,6.91771,True
FSM,2001,1.82016351571185,2103.74849819784,4.66052719883673,"Micronesia, Fed. Sts.",East Asia & Pacific,Upper middle income,Palikir,158.185,6.91771,True
FSM,2002,0.4432199530481,2113.45955463859,5.57009970478472,"Micronesia, Fed. Sts.",East Asia & Pacific,Upper middle income,Palikir,158.185,6.91771,True
FSM,2003,1.76275629920303,2145.87789998664,9.23250210039423,"Micronesia, Fed. Sts.",East Asia & Pacific,Upper middle income,Palikir,158.185,6.91771,True
FSM,2004,-3.19037831026102,2104.42796515524,11.0178673081514,"Micronesia, Fed. Sts.",East Asia & Pacific,Upper middle income,Palikir,158.185,6.91771,True
FSM,2005,2.7434627349036,2216.9963738197,11.88140011,"Micronesia, Fed. Sts.",East Asia & Pacific,Upper middle income,Palikir,158.185,6.91771,True
FSM,2006,-0.413223140495873,2257.76445195026,12.75030041,"Micronesia, Fed. Sts.",East Asia & Pacific,Upper middle income,Palikir,158.185,6.91771,True
FSM,2007,-1.65975103734441,2302.51183108846,13.62110043,"Micronesia, Fed. Sts.",East Asia & Pacific,Upper middle income,Palikir,158.185,6.91771,True
FSM,2008,-2.53164556962025,2395.90218109716,14.49,"Micronesia, Fed. Sts.",East Asia & Pacific,Upper middle income,Palikir,158.185,6.91771,True
FSM,2009,1.29870129870129,2565.83639782506,15.35,"Micronesia, Fed. Sts.",East Asia & Pacific,Upper middle income,Palikir,158.185,6.91771,True
FSM,2010,1.7094017094017,2715.26873721406,20.0,"Micronesia, Fed. Sts.",East Asia & Pacific,Upper middle income,Palikir,158.185,6.91771,True
FSM,2011,3.78151260504202,2859.8488365615,22.79999924,"Micronesia, Fed. Sts.",East Asia & Pacific,Upper middle income,Palikir,158.185,6.91771,True
FSM,2012,-1.61943319838058,3003.05867086848,25.97439957,"Micronesia, Fed. Sts.",East Asia & Pacific,Upper middle income,Palikir,158.185,6.91771,True
FSM,2013,-3.70370370370371,2904.1536796737,27.79999924,"Micronesia, Fed. Sts.",East Asia & Pacific,Upper middle income,Palikir,158.185,6.91771,True
FSM,2014,-2.56410256410257,2915.23672460238,29.64999962,"Micronesia, Fed. Sts.",East Asia & Pacific,Upper middle income,Palikir,158.185,6.91771,True
FSM,2015,4.3859649122807,2869.86276169101,31.50110054,"Micronesia, Fed. Sts.",East Asia & Pacific,Upper middle income,Palikir,158.185,6.91771,True
FSM,2016,1.26050420168067,2997.93719917488,33.35219955,"Micronesia, Fed. Sts.",East Asia & Pacific,Upper middle income,Palikir,158.185,6.91771,True
FSM,2017,2.07468879668049,3297.37580036719,35.30410004,"Micronesia, Fed. Sts.",East Asia & Pacific,Upper middle income,Palikir,158.185,6.91771,True
FSM,2018,0.406504065040664,3584.78377566896,36.61460114,"Micronesia, Fed. Sts.",East Asia & Pacific,Upper middle income,Palikir,158.185,6.91771,True
FSM,2019,3.64372469635627,3581.72684572278,37.97370148,"Micronesia, Fed. Sts.",East Asia & Pacific,Upper middle income,Palikir,158.185,6.91771,True
FSM,2020,-2.05703124999999,3362.02802120524,39.38330078,"Micronesia, Fed. Sts.",East Asia & Pacific,Upper middle income,Palikir,158.185,6.91771,True
FSM,2021,3.09969928290539,3508.22314197664,,"Micronesia, Fed. Sts.",East Asia & Pacific,Upper middle income,Palikir,158.185,6.91771,True
FSM,2022,-3.11412501063803,3703.66680343222,39.0279007,"Micronesia, Fed. Sts.",East Asia & Pacific,Upper middle income,Palikir,158.185,6.91771,True
FSM,2023,1.13097800090873,3933.01607031874,39.39889908,"Micronesia, Fed. Sts.",East Asia & Pacific,Upper middle income,Palikir,158.185,6.91771,True
FSM,2024,2.30132923576443,4251.69052668788,39.52360153,"Micronesia, Fed. Sts.",East Asia & Pacific,Upper middle income,Palikir,158.185,6.91771,True
GAB,2000,-1.88296639760897,3982.906200928,1.21614061828589,Gabon,Sub-Saharan Africa ,Upper middle income,Libreville,9.45162,0.38832,False
GAB,2001,2.13523342197423,3835.75718279727,1.34762022159633,Gabon,Sub-Saharan Africa ,Upper middle income,Libreville,9.45162,0.38832,False
GAB,2002,-0.249033168543434,3966.48001864663,1.93953010616212,Gabon,Sub-Saharan Africa ,Upper middle income,Libreville,9.45162,0.38832,False
GAB,2003,2.2473300115045,4710.74862768151,2.65958659385985,Gabon,Sub-Saharan Africa ,Upper middle income,Libreville,9.45162,0.38832,False
GAB,2004,0.689543058464849,5465.79193590708,2.97906980035019,Gabon,Sub-Saharan Africa ,Upper middle income,Libreville,9.45162,0.38832,False
GAB,2005,2.67620333310926,6547.87613955186,4.89326474972412,Gabon,Sub-Saharan Africa ,Upper middle income,Libreville,9.45162,0.38832,False
GAB,2006,-2.80657835569052,6847.00985685394,5.48920080280135,Gabon,Sub-Saharan Africa ,Upper middle income,Libreville,9.45162,0.38832,False
GAB,2007,6.00810802487668,8003.54289696049,5.767000198,Gabon,Sub-Saharan Africa ,Upper middle income,Libreville,9.45162,0.38832,False
GAB,2008,-3.30843064878751,9688.64519690633,7.5,Gabon,Sub-Saharan Africa ,Upper middle income,Libreville,9.45162,0.38832,False
GAB,2009,0.130331119816617,7290.57526093114,9.5,Gabon,Sub-Saharan Africa ,Upper middle income,Libreville,9.45162,0.38832,False
GAB,2010,7.08988731455126,8356.74662013345,13.0,Gabon,Sub-Saharan Africa ,Upper middle income,Libreville,9.45162,0.38832,False
GAB,2011,7.09175334258654,10219.1139339454,18.0,Gabon,Sub-Saharan Africa ,Upper middle income,Libreville,9.45162,0.38832,False
GAB,2012,5.25107691750407,9296.96587941088,24.0,Gabon,Sub-Saharan Africa ,Upper middle income,Libreville,9.45162,0.38832,False
GAB,2013,5.63869900338696,9197.70106323947,30.53800011,Gabon,Sub-Saharan Africa ,Upper middle income,Libreville,9.45162,0.38832,False
GAB,2014,4.31496444107469,9201.36276648105,38.07120132,Gabon,Sub-Saharan Africa ,Upper middle income,Libreville,9.45162,0.38832,False
GAB,2015,3.8788993950789,7047.12654634355,45.78450012,Gabon,Sub-Saharan Africa ,Upper middle income,Libreville,9.45162,0.38832,False
GAB,2016,2.09144220829562,6677.07003901644,48.0522995,Gabon,Sub-Saharan Africa ,Upper middle income,Libreville,9.45162,0.38832,False
GAB,2017,0.472642030911146,6921.73373135624,51.60490036,Gabon,Sub-Saharan Africa ,Upper middle income,Libreville,9.45162,0.38832,False
GAB,2018,0.83791658082157,7624.2775233771,55.42020035,Gabon,Sub-Saharan Africa ,Upper middle income,Libreville,9.45162,0.38832,False
GAB,2019,3.92080879452831,7441.1786472281,59.51760101,Gabon,Sub-Saharan Africa ,Upper middle income,Libreville,9.45162,0.38832,False
GAB,2020,-1.8377610635094,6605.80346077904,63.91790009,Gabon,Sub-Saharan Africa ,Upper middle income,Libreville,9.45162,0.38832,False
GAB,2021,1.46795731508091,8181.40914134398,65.76809692,Gabon,Sub-Saharan Africa ,Upper middle income,Libreville,9.45162,0.38832,False
GAB,2022,3.03761449525692,8409.20741452279,67.67169952,Gabon,Sub-Saharan Africa ,Upper middle income,Libreville,9.45162,0.38832,False
GAB,2023,2.43893665041031,7802.82433276138,68.19789886,Gabon,Sub-Saharan Africa ,Upper middle income,Libreville,9.45162,0.38832,False
GAB,2024,3.39403899521831,8230.04311451151,68.72090149,Gabon,Sub-Saharan Africa ,Upper middle income,Libreville,9.45162,0.38832,False
GBR,2000,4.52438074810904,28383.8761094996,26.8217543508578,United Kingdom,Europe & Central Asia,High income,London,-0.126236,51.5002,False
GBR,2001,2.39102229602824,28013.8729635508,33.4810948744147,United Kingdom,Europe & Central Asia,High income,London,-0.126236,51.5002,False
GBR,2002,1.70902736258567,30158.7017807858,56.48,United Kingdom,Europe & Central Asia,High income,London,-0.126236,51.5002,False
GBR,2003,3.21851612669614,34556.7726095905,64.82,United Kingdom,Europe & Central Asia,High income,London,-0.126236,51.5002,False
GBR,2004,2.32601853325993,40504.4118103928,65.61,United Kingdom,Europe & Central Asia,High income,London,-0.126236,51.5002,False
GBR,2005,2.7906547174688,42240.2462987547,70.0,United Kingdom,Europe & Central Asia,High income,London,-0.126236,51.5002,False
GBR,2006,2.18982132415704,44695.161023424,68.82,United Kingdom,Europe & Central Asia,High income,London,-0.126236,51.5002,False
GBR,2007,2.93091133582351,50629.0799172887,75.09,United Kingdom,Europe & Central Asia,High income,London,-0.126236,51.5002,False
GBR,2008,-0.0494116727402769,47652.4030691881,78.39,United Kingdom,Europe & Central Asia,High income,London,-0.126236,51.5002,False
GBR,2009,-4.58740819226323,39009.3715547821,83.56,United Kingdom,Europe & Central Asia,High income,London,-0.126236,51.5002,False
GBR,2010,2.26054460931586,39778.3220528565,85.0,United Kingdom,Europe & Central Asia,High income,London,-0.126236,51.5002,False
GBR,2011,0.851437739020326,42295.9273835322,85.3799985496322,United Kingdom,Europe & Central Asia,High income,London,-0.126236,51.5002,False
GBR,2012,1.52826034721852,42688.3263728372,87.4799984242111,United Kingdom,Europe & Central Asia,High income,London,-0.126236,51.5002,False
GBR,2013,1.71846961308464,43607.6636827371,89.8441,United Kingdom,Europe & Central Asia,High income,London,-0.126236,51.5002,False
GBR,2014,3.16017351468152,47746.9810645521,91.6133009176453,United Kingdom,Europe & Central Asia,High income,London,-0.126236,51.5002,False
GBR,2015,2.14040560033371,45256.040227057,92.0002998740234,United Kingdom,Europe & Central Asia,High income,London,-0.126236,51.5002,False
GBR,2016,2.20652020635357,41258.5374285695,94.7758006318882,United Kingdom,Europe & Central Asia,High income,London,-0.126236,51.5002,False
GBR,2017,3.02322219840339,40918.0520870944,90.4245504868553,United Kingdom,Europe & Central Asia,High income,London,-0.126236,51.5002,False
GBR,2018,1.55133095078786,43704.3162296687,90.692008988783,United Kingdom,Europe & Central Asia,High income,London,-0.126236,51.5002,False
GBR,2019,1.25629899760824,43160.6843971799,92.5166285497138,United Kingdom,Europe & Central Asia,High income,London,-0.126236,51.5002,False
GBR,2020,-10.047896637362,40815.1255364787,94.81820132,United Kingdom,Europe & Central Asia,High income,London,-0.126236,51.5002,False
GBR,2021,8.5431118453255,47695.6491523474,96.19650269,United Kingdom,Europe & Central Asia,High income,London,-0.126236,51.5002,False
GBR,2022,5.14970388522993,47034.7795621476,95.46530151,United Kingdom,Europe & Central Asia,High income,London,-0.126236,51.5002,False
GBR,2023,0.271650048355255,49919.6896621586,95.44719696,United Kingdom,Europe & Central Asia,High income,London,-0.126236,51.5002,False
GBR,2024,1.08027716858781,53341.3131094262,95.4720993,United Kingdom,Europe & Central Asia,High income,London,-0.126236,51.5002,False
GEO,2000,1.84038117927339,749.908534993961,0.484746298540492,Georgia,Europe & Central Asia,Upper middle income,Tbilisi,44.793,41.71,False
GEO,2001,4.80729867243699,801.98383707929,0.992344436138154,Georgia,Europe & Central Asia,Upper middle income,Tbilisi,44.793,41.71,False
GEO,2002,5.47402488700408,853.526171868939,1.58787562980332,Georgia,Europe & Central Asia,Upper middle income,Tbilisi,44.793,41.71,False
GEO,2003,11.0570310020104,1010.03151630868,2.55881648068489,Georgia,Europe & Central Asia,Upper middle income,Tbilisi,44.793,41.71,False
GEO,2004,5.79268292682926,1305.04748557208,3.88622135350273,Georgia,Europe & Central Asia,Upper middle income,Tbilisi,44.793,41.71,False
GEO,2005,9.59113832853026,1642.78359414797,6.079500198,Georgia,Europe & Central Asia,Upper middle income,Tbilisi,44.793,41.71,False
GEO,2006,9.42148081189909,1996.02013272284,7.52687684487832,Georgia,Europe & Central Asia,Upper middle income,Tbilisi,44.793,41.71,False
GEO,2007,12.5755698246405,2635.36650276116,8.26,Georgia,Europe & Central Asia,Upper middle income,Tbilisi,44.793,41.71,False
GEO,2008,2.42161440960641,3324.7537205015,10.01000023,Georgia,Europe & Central Asia,Upper middle income,Tbilisi,44.793,41.71,False
GEO,2009,-3.65075229596822,2822.68939668797,20.06999969,Georgia,Europe & Central Asia,Upper middle income,Tbilisi,44.793,41.71,False
GEO,2010,6.24640865303363,3281.72930937343,26.9,Georgia,Europe & Central Asia,Upper middle income,Tbilisi,44.793,41.71,False
GEO,2011,7.9343365253078,4119.66818307193,31.52000046,Georgia,Europe & Central Asia,Upper middle income,Tbilisi,44.793,41.71,False
GEO,2012,6.57883101954195,4530.69533409431,36.93999863,Georgia,Europe & Central Asia,Upper middle income,Tbilisi,44.793,41.71,False
GEO,2013,5.13288531209382,4712.00229382665,43.3,Georgia,Europe & Central Asia,Upper middle income,Tbilisi,44.793,41.71,False
GEO,2014,4.09049059581743,4830.33486170249,49.1024547144647,Georgia,Europe & Central Asia,Upper middle income,Tbilisi,44.793,41.71,False
GEO,2015,3.35102350265353,4086.6223465965,47.5697596438736,Georgia,Europe & Central Asia,Upper middle income,Tbilisi,44.793,41.71,False
GEO,2016,3.45021517996871,4143.40125686315,58.4592896118725,Georgia,Europe & Central Asia,Upper middle income,Tbilisi,44.793,41.71,False
GEO,2017,5.15990261658827,4418.75206546679,59.7055045962571,Georgia,Europe & Central Asia,Upper middle income,Tbilisi,44.793,41.71,False
GEO,2018,6.062036412677,4804.0546040444,62.7179081974285,Georgia,Europe & Central Asia,Upper middle income,Tbilisi,44.793,41.71,False
GEO,2019,5.38071926589951,4741.2832715876,68.8467135616978,Georgia,Europe & Central Asia,Upper middle income,Tbilisi,44.793,41.71,False
GEO,2020,-6.2904717853839,4300.85701291207,72.53157487,Georgia,Europe & Central Asia,Upper middle income,Tbilisi,44.793,41.71,False
GEO,2021,10.6442336580969,5083.60695484577,76.4427093,Georgia,Europe & Central Asia,Upper middle income,Tbilisi,44.793,41.71,False
GEO,2022,10.9585321385624,6729.84659930283,78.71127536,Georgia,Europe & Central Asia,Upper middle income,Tbilisi,44.793,41.71,False
GEO,2023,7.83220126555726,8283.66960652261,81.88425624,Georgia,Europe & Central Asia,Upper middle income,Tbilisi,44.793,41.71,False
GEO,2024,9.67979379712661,8967.67525638987,83.79855689,Georgia,Europe & Central Asia,Upper middle income,Tbilisi,44.793,41.71,False
GHA,2000,3.70000008164408,253.746936203344,0.153615297625799,Ghana,Sub-Saharan Africa ,Lower middle income,Accra,-0.20795,5.57045,False
GHA,2001,4.00000012807919,263.542156494853,0.200008060324831,Ghana,Sub-Saharan Africa ,Lower middle income,Accra,-0.20795,5.57045,False
GHA,2002,4.49999955900331,297.46164468774,0.830284033818738,Ghana,Sub-Saharan Africa ,Lower middle income,Accra,-0.20795,5.57045,False
GHA,2003,5.200000133101,358.39927142073,1.19305791098328,Ghana,Sub-Saharan Africa ,Lower middle income,Accra,-0.20795,5.57045,False
GHA,2004,5.59999999077445,406.132105329565,1.71679770389504,Ghana,Sub-Saharan Africa ,Lower middle income,Accra,-0.20795,5.57045,False
GHA,2005,5.90000381855104,478.611909191028,1.83119746104616,Ghana,Sub-Saharan Africa ,Lower middle income,Accra,-0.20795,5.57045,False
GHA,2006,6.39991260618034,906.441027564887,2.72317597313987,Ghana,Sub-Saharan Africa ,Lower middle income,Accra,-0.20795,5.57045,False
GHA,2007,4.34681910440079,1050.12461524926,3.85,Ghana,Sub-Saharan Africa ,Lower middle income,Accra,-0.20795,5.57045,False
GHA,2008,9.14979893831817,1182.65761256016,4.27,Ghana,Sub-Saharan Africa ,Lower middle income,Accra,-0.20795,5.57045,False
GHA,2009,4.84448705175076,1047.70430093586,5.44,Ghana,Sub-Saharan Africa ,Lower middle income,Accra,-0.20795,5.57045,False
GHA,2010,7.89971194051621,1263.89251760539,7.8,Ghana,Sub-Saharan Africa ,Lower middle income,Accra,-0.20795,5.57045,False
GHA,2011,14.0471235803149,1507.43573198753,9.0,Ghana,Sub-Saharan Africa ,Lower middle income,Accra,-0.20795,5.57045,False
GHA,2012,9.2927894063005,1543.77524235764,10.6,Ghana,Sub-Saharan Africa ,Lower middle income,Accra,-0.20795,5.57045,False
GHA,2013,7.31252501678145,2294.79584693743,15.0,Ghana,Sub-Saharan Africa ,Lower middle income,Accra,-0.20795,5.57045,False
GHA,2014,2.85624016330883,1949.90832923846,19.0,Ghana,Sub-Saharan Africa ,Lower middle income,Accra,-0.20795,5.57045,False
GHA,2015,2.12075933817334,1722.77282833606,23.0,Ghana,Sub-Saharan Africa ,Lower middle income,Accra,-0.20795,5.57045,False
GHA,2016,3.37346574966936,1912.47991339951,28.0,Ghana,Sub-Saharan Africa ,Lower middle income,Accra,-0.20795,5.57045,False
GHA,2017,8.12889488100956,2012.28662641265,37.88420105,Ghana,Sub-Saharan Africa ,Lower middle income,Accra,-0.20795,5.57045,False
GHA,2018,6.20007768127284,2195.32166016377,43.0,Ghana,Sub-Saharan Africa ,Lower middle income,Accra,-0.20795,5.57045,False
GHA,2019,6.5077747939152,2186.65822682613,22.0732,Ghana,Sub-Saharan Africa ,Lower middle income,Accra,-0.20795,5.57045,False
GHA,2020,0.513941670628171,2195.45481659987,62.51760101,Ghana,Sub-Saharan Africa ,Lower middle income,Accra,-0.20795,5.57045,False
GHA,2021,5.07646643533542,2445.18662529344,68.6,Ghana,Sub-Saharan Africa ,Lower middle income,Accra,-0.20795,5.57045,False
GHA,2022,3.80484978178042,2229.89122654479,69.91329956,Ghana,Sub-Saharan Africa ,Lower middle income,Accra,-0.20795,5.57045,False
GHA,2023,3.14009100080186,2383.90410476221,70.67430115,Ghana,Sub-Saharan Africa ,Lower middle income,Accra,-0.20795,5.57045,False
GHA,2024,5.84746854280382,2419.2518672482,72.17569733,Ghana,Sub-Saharan Africa ,Lower middle income,Accra,-0.20795,5.57045,False
GIB,2000,,,19.1316381248919,Gibraltar,Europe & Central Asia,High income,,,,False
GIB,2001,,,21.171109436031,Gibraltar,Europe & Central Asia,High income,,,,False
GIB,2002,,,23.670239745714,Gibraltar,Europe & Central Asia,High income,,,,False
GIB,2003,,,28.3257797920554,Gibraltar,Europe & Central Asia,High income,,,,False
GIB,2004,,,32.8860826098395,Gibraltar,Europe & Central Asia,High income,,,,False
GIB,2005,,,39.0701308849385,Gibraltar,Europe & Central Asia,High income,,,,False
GIB,2006,,,45.29864751181,Gibraltar,Europe & Central Asia,High income,,,,False
GIB,2007,,,51.61,Gibraltar,Europe & Central Asia,High income,,,,False
GIB,2008,,,58.0,Gibraltar,Europe & Central Asia,High income,,,,False
GIB,2009,,,65.07,Gibraltar,Europe & Central Asia,High income,,,,False
GIB,2010,,,65.0,Gibraltar,Europe & Central Asia,High income,,,,False
GIB,2011,,,65.0,Gibraltar,Europe & Central Asia,High income,,,,False
GIB,2012,,,65.017,Gibraltar,Europe & Central Asia,High income,,,,False
GIB,2016,,,94.4444715818151,Gibraltar,Europe & Central Asia,High income,,,,False
GIN,2000,2.50306056299607,518.157066924026,0.0954249236063846,Guinea,Sub-Saharan Africa ,Lower middle income,Conakry,-13.7,9.51667,False
GIN,2001,3.65834646929586,483.085120214741,0.175541868491054,Guinea,Sub-Saharan Africa ,Lower middle income,Conakry,-13.7,9.51667,False
GIN,2002,5.16460946696631,495.916073559269,0.402022748744397,Guinea,Sub-Saharan Africa ,Lower middle income,Conakry,-13.7,9.51667,False
GIN,2003,1.24860125923698,566.48540588068,0.450960370842751,Guinea,Sub-Saharan Africa ,Lower middle income,Conakry,-13.7,9.51667,False
GIN,2004,2.34011731288737,584.897740538081,0.508819332302937,Guinea,Sub-Saharan Africa ,Lower middle income,Conakry,-13.7,9.51667,False
GIN,2005,2.99727256275818,463.17768685098,0.542299986,Guinea,Sub-Saharan Africa ,Lower middle income,Conakry,-13.7,9.51667,False
GIN,2006,1.18960211693242,446.980554135013,0.637499988,Guinea,Sub-Saharan Africa ,Lower middle income,Conakry,-13.7,9.51667,False
GIN,2007,6.81747111070281,650.148575304743,0.780025279059244,Guinea,Sub-Saharan Africa ,Lower middle income,Conakry,-13.7,9.51667,False
GIN,2008,4.13301615965833,703.532825784369,0.92,Guinea,Sub-Saharan Africa ,Lower middle income,Conakry,-13.7,9.51667,False
GIN,2009,-1.12264204848687,662.185914665575,0.94,Guinea,Sub-Saharan Africa ,Lower middle income,Conakry,-13.7,9.51667,False
GIN,2010,4.81336016967553,659.235326211315,1.0,Guinea,Sub-Saharan Africa ,Lower middle income,Conakry,-13.7,9.51667,False
GIN,2011,5.61211177430975,636.694958747648,2.0,Guinea,Sub-Saharan Africa ,Lower middle income,Conakry,-13.7,9.51667,False
GIN,2012,5.91528626133322,699.353377212197,3.099999905,Guinea,Sub-Saharan Africa ,Lower middle income,Conakry,-13.7,9.51667,False
GIN,2013,3.94568708624053,748.455020824734,4.5,Guinea,Sub-Saharan Africa ,Lower middle income,Conakry,-13.7,9.51667,False
GIN,2014,3.69655311664086,765.146999389279,6.400000095,Guinea,Sub-Saharan Africa ,Lower middle income,Conakry,-13.7,9.51667,False
GIN,2015,3.82591056949435,747.356966759448,9.199999809,Guinea,Sub-Saharan Africa ,Lower middle income,Conakry,-13.7,9.51667,False
GIN,2016,10.82062719659,711.996509782316,13.10000038,Guinea,Sub-Saharan Africa ,Lower middle income,Conakry,-13.7,9.51667,False
GIN,2017,10.3000053427355,833.598621691121,18.70000076,Guinea,Sub-Saharan Africa ,Lower middle income,Conakry,-13.7,9.51667,False
GIN,2018,6.35849192736715,933.273615633705,21.8300230430563,Guinea,Sub-Saharan Africa ,Lower middle income,Conakry,-13.7,9.51667,False
GIN,2019,5.61691446889876,1031.34146480732,23.89049911,Guinea,Sub-Saharan Africa ,Lower middle income,Conakry,-13.7,9.51667,False
GIN,2020,4.70459096113575,1053.66097696415,26.14550018,Guinea,Sub-Saharan Africa ,Lower middle income,Conakry,-13.7,9.51667,False
GIN,2021,5.5823328114905,1244.96550477914,28.61330032,Guinea,Sub-Saharan Africa ,Lower middle income,Conakry,-13.7,9.51667,False
GIN,2022,3.97240784200721,1416.59612011764,31.31399918,Guinea,Sub-Saharan Africa ,Lower middle income,Conakry,-13.7,9.51667,False
GIN,2023,5.54172668627702,1555.49375806861,32.31560135,Guinea,Sub-Saharan Africa ,Lower middle income,Conakry,-13.7,9.51667,False
GIN,2024,5.35004659049265,1694.95375862185,33.30469894,Guinea,Sub-Saharan Africa ,Lower middle income,Conakry,-13.7,9.51667,False
GMB,2000,5.50000021632955,538.054072348854,0.921794919066406,"Gambia, The",Sub-Saharan Africa ,Low income,Banjul,-16.5885,13.4495,False
GMB,2001,5.80000024323377,459.803068381399,1.33679116648397,"Gambia, The",Sub-Saharan Africa ,Low income,Banjul,-16.5885,13.4495,False
GMB,2002,-3.25000014970206,376.531026962584,1.79677988296495,"Gambia, The",Sub-Saharan Africa ,Low income,Banjul,-16.5885,13.4495,False
GMB,2003,6.86999962173842,308.719123437587,2.436781193062,"Gambia, The",Sub-Saharan Africa ,Low income,Banjul,-16.5885,13.4495,False
GMB,2004,7.05000000064635,593.285346326581,3.30800347812937,"Gambia, The",Sub-Saharan Africa ,Low income,Banjul,-16.5885,13.4495,False
GMB,2005,-2.35172936176019,616.483657865348,3.799000025,"Gambia, The",Sub-Saharan Africa ,Low income,Banjul,-16.5885,13.4495,False
GMB,2006,-0.555580977246521,614.544307904464,5.23769115841218,"Gambia, The",Sub-Saharan Africa ,Low income,Banjul,-16.5885,13.4495,False
GMB,2007,3.04324950829739,724.726407242432,6.20503741852418,"Gambia, The",Sub-Saharan Africa ,Low income,Banjul,-16.5885,13.4495,False
GMB,2008,6.25590553394287,859.127671411226,6.880000114,"Gambia, The",Sub-Saharan Africa ,Low income,Banjul,-16.5885,13.4495,False
GMB,2009,6.6657243078367,774.888030908091,7.630000114,"Gambia, The",Sub-Saharan Africa ,Low income,Banjul,-16.5885,13.4495,False
GMB,2010,5.90833580968288,801.033372714536,9.2,"Gambia, The",Sub-Saharan Africa ,Low income,Banjul,-16.5885,13.4495,False
GMB,2011,-8.13044422315659,710.608411468152,10.87030029,"Gambia, The",Sub-Saharan Africa ,Low income,Banjul,-16.5885,13.4495,False
GMB,2012,5.24156924630741,692.579361628102,12.44919968,"Gambia, The",Sub-Saharan Africa ,Low income,Banjul,-16.5885,13.4495,False
GMB,2013,2.872768790327,653.862713272743,14.0,"Gambia, The",Sub-Saharan Africa ,Low income,Banjul,-16.5885,13.4495,False
GMB,2014,-1.40738249510954,568.00453558864,15.56000042,"Gambia, The",Sub-Saharan Africa ,Low income,Banjul,-16.5885,13.4495,False
GMB,2015,4.0580738039996,619.536364296461,17.59950066,"Gambia, The",Sub-Saharan Africa ,Low income,Banjul,-16.5885,13.4495,False
GMB,2016,1.94335965478776,650.056501323611,19.90640068,"Gambia, The",Sub-Saharan Africa ,Low income,Banjul,-16.5885,13.4495,False
GMB,2017,4.8226112492757,642.522641296331,22.5156002,"Gambia, The",Sub-Saharan Africa ,Low income,Banjul,-16.5885,13.4495,False
GMB,2018,7.23489033258579,696.219806960615,28.30900002,"Gambia, The",Sub-Saharan Africa ,Low income,Banjul,-16.5885,13.4495,False
GMB,2019,6.22205315994859,738.186751987483,31.11829948,"Gambia, The",Sub-Saharan Africa ,Low income,Banjul,-16.5885,13.4495,False
GMB,2020,0.591487287873974,720.335143352133,36.01100159,"Gambia, The",Sub-Saharan Africa ,Low income,Banjul,-16.5885,13.4495,False
GMB,2021,5.25596878816744,781.890925169531,41.67309952,"Gambia, The",Sub-Saharan Africa ,Low income,Banjul,-16.5885,13.4495,False
GMB,2022,5.49299823010114,836.244875868476,48.22539902,"Gambia, The",Sub-Saharan Africa ,Low income,Banjul,-16.5885,13.4495,False
GMB,2023,5.91679576551141,883.024111978927,48.72829819,"Gambia, The",Sub-Saharan Africa ,Low income,Banjul,-16.5885,13.4495,False
GMB,2024,5.55126065805138,871.340287547821,49.49430084,"Gambia, The",Sub-Saharan Africa ,Low income,Banjul,-16.5885,13.4495,False
GNB,2000,1.10027815777423,316.945495037639,0.230103170591588,Guinea-Bissau,Sub-Saharan Africa ,Low income,Bissau,-15.1804,11.8037,True
GNB,2001,4.7859716500482,327.138431972397,0.299569144677667,Guinea-Bissau,Sub-Saharan Africa ,Low income,Bissau,-15.1804,11.8037,True
GNB,2002,3.65393603642713,362.034574570354,1.02299323436117,Guinea-Bissau,Sub-Saharan Africa ,Low income,Bissau,-15.1804,11.8037,True
GNB,2003,-0.285931052286514,419.78486611807,1.35419747762901,Guinea-Bissau,Sub-Saharan Africa ,Low income,Bissau,-15.1804,11.8037,True
GNB,2004,1.17189152277038,431.376557669634,1.80814220342991,Guinea-Bissau,Sub-Saharan Africa ,Low income,Bissau,-15.1804,11.8037,True
GNB,2005,6.55977111846077,463.073962650452,1.90139997,Guinea-Bissau,Sub-Saharan Africa ,Low income,Bissau,-15.1804,11.8037,True
GNB,2006,2.66650493269572,448.513075469701,2.057199955,Guinea-Bissau,Sub-Saharan Africa ,Low income,Bissau,-15.1804,11.8037,True
GNB,2007,2.55982647078751,519.069789794741,2.20630002,Guinea-Bissau,Sub-Saharan Africa ,Low income,Bissau,-15.1804,11.8037,True
GNB,2008,4.52457514610252,640.210331101753,2.35488871087933,Guinea-Bissau,Sub-Saharan Africa ,Low income,Bissau,-15.1804,11.8037,True
GNB,2009,2.44795106098685,583.190020139094,2.30328059172582,Guinea-Bissau,Sub-Saharan Africa ,Low income,Bissau,-15.1804,11.8037,True
GNB,2010,5.60536311358261,600.194298540768,2.450000048,Guinea-Bissau,Sub-Saharan Africa ,Low income,Bissau,-15.1804,11.8037,True
GNB,2011,8.08504167173554,719.539573498937,2.671999931,Guinea-Bissau,Sub-Saharan Africa ,Low income,Bissau,-15.1804,11.8037,True
GNB,2012,-1.71286958446419,635.461653303881,2.894000053,Guinea-Bissau,Sub-Saharan Africa ,Low income,Bissau,-15.1804,11.8037,True
GNB,2013,3.25607190852087,654.304534409417,3.099999905,Guinea-Bissau,Sub-Saharan Africa ,Low income,Bissau,-15.1804,11.8037,True
GNB,2014,0.964525745841428,652.022501029449,3.319999933,Guinea-Bissau,Sub-Saharan Africa ,Low income,Bissau,-15.1804,11.8037,True
GNB,2015,6.1340893623123,645.066837207039,6.099999905,Guinea-Bissau,Sub-Saharan Africa ,Low income,Bissau,-15.1804,11.8037,True
GNB,2016,5.4326782650304,679.665386626818,13.80000019,Guinea-Bissau,Sub-Saharan Africa ,Low income,Bissau,-15.1804,11.8037,True
GNB,2017,4.66367943913264,783.123186602022,14.80000019,Guinea-Bissau,Sub-Saharan Africa ,Low income,Bissau,-15.1804,11.8037,True
GNB,2018,3.76145359637003,808.531613218504,15.69999981,Guinea-Bissau,Sub-Saharan Africa ,Low income,Bissau,-15.1804,11.8037,True
GNB,2019,5.32749571119344,811.210004050041,17.92149925,Guinea-Bissau,Sub-Saharan Africa ,Low income,Bissau,-15.1804,11.8037,True
GNB,2020,2.89149979806913,846.918134967613,20.45730019,Guinea-Bissau,Sub-Saharan Africa ,Low income,Bissau,-15.1804,11.8037,True
GNB,2021,5.0173096003907,926.54619187706,23.3519001,Guinea-Bissau,Sub-Saharan Africa ,Low income,Bissau,-15.1804,11.8037,True
GNB,2022,5.45776090019501,881.602654162231,27.67379951,Guinea-Bissau,Sub-Saharan Africa ,Low income,Bissau,-15.1804,11.8037,True
GNB,2023,4.63052364601562,964.431832665395,28.71240044,Guinea-Bissau,Sub-Saharan Africa ,Low income,Bissau,-15.1804,11.8037,True
GNB,2024,4.40920107183611,998.376093392688,29.77739906,Guinea-Bissau,Sub-Saharan Africa ,Low income,Bissau,-15.1804,11.8037,True
GNQ,2000,18.2137799569674,1487.3165506701,0.132354665123789,Equatorial Guinea,Sub-Saharan Africa ,Upper middle income,Malabo,8.7741,3.7523,False
GNQ,2001,63.3798754250602,1948.61145907844,0.16526042288306,Equatorial Guinea,Sub-Saharan Africa ,Upper middle income,Malabo,8.7741,3.7523,False
GNQ,2002,19.4628340359251,2264.21065580365,0.321197997152044,Equatorial Guinea,Sub-Saharan Africa ,Upper middle income,Malabo,8.7741,3.7523,False
GNQ,2003,13.9552503163825,2930.60183743733,0.520524272046806,Equatorial Guinea,Sub-Saharan Africa ,Upper middle income,Malabo,8.7741,3.7523,False
GNQ,2004,37.9987268556423,4901.30127408119,0.843930284607049,Equatorial Guinea,Sub-Saharan Africa ,Upper middle income,Malabo,8.7741,3.7523,False
GNQ,2005,16.7487006053541,8673.9026086535,1.149799943,Equatorial Guinea,Sub-Saharan Africa ,Upper middle income,Malabo,8.7741,3.7523,False
GNQ,2006,7.70491760658767,10184.8841248541,1.279199958,Equatorial Guinea,Sub-Saharan Africa ,Upper middle income,Malabo,8.7741,3.7523,False
GNQ,2007,15.2821139194857,12616.9532942011,1.557100058,Equatorial Guinea,Sub-Saharan Africa ,Upper middle income,Malabo,8.7741,3.7523,False
GNQ,2008,17.7991091333811,18210.5552970599,1.820000052,Equatorial Guinea,Sub-Saharan Africa ,Upper middle income,Malabo,8.7741,3.7523,False
GNQ,2009,1.34335628806095,13232.5019378102,2.130000114,Equatorial Guinea,Sub-Saharan Africa ,Upper middle income,Malabo,8.7741,3.7523,False
GNQ,2010,-8.92417588851806,13720.1658723222,6.0,Equatorial Guinea,Sub-Saharan Africa ,Upper middle income,Malabo,8.7741,3.7523,False
GNQ,2011,6.52392362989873,17198.2136668275,11.5,Equatorial Guinea,Sub-Saharan Africa ,Upper middle income,Malabo,8.7741,3.7523,False
GNQ,2012,8.31287184445641,17308.5723924575,13.94320011,Equatorial Guinea,Sub-Saharan Africa ,Upper middle income,Malabo,8.7741,3.7523,False
GNQ,2013,-4.13319850131583,16304.0713196418,16.39999962,Equatorial Guinea,Sub-Saharan Africa ,Upper middle income,Malabo,8.7741,3.7523,False
GNQ,2014,0.415066301596866,15548.6624656619,18.86000061,Equatorial Guinea,Sub-Saharan Africa ,Upper middle income,Malabo,8.7741,3.7523,False
GNQ,2015,-9.11004114881537,9068.91003238645,21.31999969,Equatorial Guinea,Sub-Saharan Africa ,Upper middle income,Malabo,8.7741,3.7523,False
GNQ,2016,-8.81641723219757,7453.19797948517,23.78000069,Equatorial Guinea,Sub-Saharan Africa ,Upper middle income,Malabo,8.7741,3.7523,False
GNQ,2017,-5.66750850486686,7809.10465655488,26.23999977,Equatorial Guinea,Sub-Saharan Africa ,Upper middle income,Malabo,8.7741,3.7523,False
GNQ,2018,-6.23654406734575,8102.47084834031,29.39999962,Equatorial Guinea,Sub-Saharan Africa ,Upper middle income,Malabo,8.7741,3.7523,False
GNQ,2019,-5.48182537893445,6804.14923073888,49.13370132,Equatorial Guinea,Sub-Saharan Africa ,Upper middle income,Malabo,8.7741,3.7523,False
GNQ,2020,-4.79108083383294,5764.05502912947,55.00130081,Equatorial Guinea,Sub-Saharan Africa ,Upper middle income,Malabo,8.7741,3.7523,False
GNQ,2021,0.860269956382069,6945.63069794539,58.71730042,Equatorial Guinea,Sub-Saharan Africa ,Upper middle income,Malabo,8.7741,3.7523,False
GNQ,2022,3.22350831658598,7589.29964909381,63.65950012,Equatorial Guinea,Sub-Saharan Africa ,Upper middle income,Malabo,8.7741,3.7523,False
GNQ,2023,-7.4250553172124,6788.35271638376,63.51950073,Equatorial Guinea,Sub-Saharan Africa ,Upper middle income,Malabo,8.7741,3.7523,False
GNQ,2024,0.39622552095193,7003.58055684906,63.29930115,Equatorial Guinea,Sub-Saharan Africa ,Upper middle income,Malabo,8.7741,3.7523,False
GRC,2000,4.13782699405849,11638.2010697215,9.13883730776798,Greece,Europe & Central Asia,High income,Athens,23.7166,37.9792,False
GRC,2001,4.65041459442163,12156.9572824221,10.9350258080278,Greece,Europe & Central Asia,High income,Athens,23.7166,37.9792,False
GRC,2002,4.68313727063017,13782.195640943,14.67,Greece,Europe & Central Asia,High income,Athens,23.7166,37.9792,False
GRC,2003,5.79682274294369,18020.612039764,17.8,Greece,Europe & Central Asia,High income,Athens,23.7166,37.9792,False
GRC,2004,5.37786634595851,21449.2552764245,21.42,Greece,Europe & Central Asia,High income,Athens,23.7166,37.9792,False
GRC,2005,1.18350635493289,22054.1315756886,24.0,Greece,Europe & Central Asia,High income,Athens,23.7166,37.9792,False
GRC,2006,6.44339762487436,24416.0232970275,32.25,Greece,Europe & Central Asia,High income,Athens,23.7166,37.9792,False
GRC,2007,3.50686976639459,28440.7625328955,35.88,Greece,Europe & Central Asia,High income,Athens,23.7166,37.9792,False
GRC,2008,0.0574740238200775,31695.8331092209,38.2,Greece,Europe & Central Asia,High income,Athens,23.7166,37.9792,False
GRC,2009,-4.11927606715011,29425.4573200263,42.4,Greece,Europe & Central Asia,High income,Athens,23.7166,37.9792,False
GRC,2010,-5.6937412158003,26653.0488008626,44.4,Greece,Europe & Central Asia,High income,Athens,23.7166,37.9792,False
GRC,2011,-9.87677875300243,25504.7866510124,51.6499951676815,Greece,Europe & Central Asia,High income,Athens,23.7166,37.9792,False
GRC,2012,-8.33113421099992,21624.346052551,55.0699934418411,Greece,Europe & Central Asia,High income,Athens,23.7166,37.9792,False
GRC,2013,-2.27211699888024,21573.3449762805,59.8663,Greece,Europe & Central Asia,High income,Athens,23.7166,37.9792,False
GRC,2014,0.792225060962835,21474.7257123892,63.2073404784561,Greece,Europe & Central Asia,High income,Athens,23.7166,37.9792,False
GRC,2015,-0.228301892172851,17980.7298238137,66.8349594911035,Greece,Europe & Central Asia,High income,Athens,23.7166,37.9792,False
GRC,2016,-0.0317947678412054,17919.2426377048,69.0879154723892,Greece,Europe & Central Asia,High income,Athens,23.7166,37.9792,False
GRC,2017,1.47312472702352,18631.9930129293,69.8929706543154,Greece,Europe & Central Asia,High income,Athens,23.7166,37.9792,False
GRC,2018,2.06467207892409,19873.4015238771,72.2383733920483,Greece,Europe & Central Asia,High income,Athens,23.7166,37.9792,False
GRC,2019,2.27718065334808,19335.3602002969,75.6712066931757,Greece,Europe & Central Asia,High income,Athens,23.7166,37.9792,False
GRC,2020,-9.19623149726978,17886.733165236,78.11584474,Greece,Europe & Central Asia,High income,Athens,23.7166,37.9792,False
GRC,2021,8.65449786002131,20652.89659591,78.49426371,Greece,Europe & Central Asia,High income,Athens,23.7166,37.9792,False
GRC,2022,5.52198580589408,20884.6773436263,83.17066333,Greece,Europe & Central Asia,High income,Athens,23.7166,37.9792,False
GRC,2023,2.13591131996631,23343.7103964562,85.0102229,Greece,Europe & Central Asia,High income,Athens,23.7166,37.9792,False
GRC,2024,2.0865743380603,24626.1481858973,86.26968886,Greece,Europe & Central Asia,High income,Athens,23.7166,37.9792,False
GRD,2000,4.88795213650562,4839.82811114248,4.06390799146313,Grenada,Latin America & Caribbean ,Upper middle income,Saint George's,-61.7449,12.0653,False
GRD,2001,-2.02390004072058,4819.50776653843,5.12810398216998,Grenada,Latin America & Caribbean ,Upper middle income,Saint George's,-61.7449,12.0653,False
GRD,2002,3.43732352954147,4984.47405931447,14.7588405454867,Grenada,Latin America & Caribbean ,Upper middle income,Saint George's,-61.7449,12.0653,False
GRD,2003,9.46397343076491,5427.96377252312,18.6451821830564,Grenada,Latin America & Caribbean ,Upper middle income,Saint George's,-61.7449,12.0653,False
GRD,2004,-0.647450316084857,5480.26117644588,19.5706205843787,Grenada,Latin America & Caribbean ,Upper middle income,Saint George's,-61.7449,12.0653,False
GRD,2005,13.2761883306272,6338.56011405358,20.4878006,Grenada,Latin America & Caribbean ,Upper middle income,Saint George's,-61.7449,12.0653,False
GRD,2006,-3.99532824427482,6344.0383771432,21.39599991,Grenada,Latin America & Caribbean ,Upper middle income,Saint George's,-61.7449,12.0653,False
GRD,2007,6.12345094741467,6864.54816771858,22.29,Grenada,Latin America & Caribbean ,Upper middle income,Saint George's,-61.7449,12.0653,False
GRD,2008,0.947542624907697,7448.2040563865,23.18000031,Grenada,Latin America & Caribbean ,Upper middle income,Saint George's,-61.7449,12.0653,False
GRD,2009,-6.61328134799545,6932.56472176781,24.04999924,Grenada,Latin America & Caribbean ,Upper middle income,Saint George's,-61.7449,12.0653,False
GRD,2010,-0.511146187173722,6909.60169568597,27.0,Grenada,Latin America & Caribbean ,Upper middle income,Saint George's,-61.7449,12.0653,False
GRD,2011,0.764773550338731,6947.38136096464,30.0,Grenada,Latin America & Caribbean ,Upper middle income,Saint George's,-61.7449,12.0653,False
GRD,2012,-1.15483816409801,7092.71985352677,32.0,Grenada,Latin America & Caribbean ,Upper middle income,Saint George's,-61.7449,12.0653,False
GRD,2013,2.35109801677905,7424.80212287327,35.0,Grenada,Latin America & Caribbean ,Upper middle income,Saint George's,-61.7449,12.0653,False
GRD,2014,7.34212396037948,7986.33421210788,51.6,Grenada,Latin America & Caribbean ,Upper middle income,Saint George's,-61.7449,12.0653,False
GRD,2015,6.44522314693144,8694.12438005692,52.5,Grenada,Latin America & Caribbean ,Upper middle income,Saint George's,-61.7449,12.0653,False
GRD,2016,3.7396039558691,9221.23461079424,53.29999924,Grenada,Latin America & Caribbean ,Upper middle income,Saint George's,-61.7449,12.0653,False
GRD,2017,4.43867566948151,9751.42661155932,54.20000076,Grenada,Latin America & Caribbean ,Upper middle income,Saint George's,-61.7449,12.0653,False
GRD,2018,4.36144039364797,10083.021279225,61.42459869,Grenada,Latin America & Caribbean ,Upper middle income,Saint George's,-61.7449,12.0653,False
GRD,2019,0.676511738873756,10462.7929159533,64.31279755,Grenada,Latin America & Caribbean ,Upper middle income,Saint George's,-61.7449,12.0653,False
GRD,2020,-13.7566222572107,8968.55890108484,65.65380096,Grenada,Latin America & Caribbean ,Upper middle income,Saint George's,-61.7449,12.0653,False
GRD,2021,4.6977240232674,9617.28902905373,67.02279663,Grenada,Latin America & Caribbean ,Upper middle income,Saint George's,-61.7449,12.0653,False
GRD,2022,7.31023806981959,10469.3867012856,68.42030334,Grenada,Latin America & Caribbean ,Upper middle income,Saint George's,-61.7449,12.0653,False
GRD,2023,4.52657497450693,11414.4781691181,69.4131012,Grenada,Latin America & Caribbean ,Upper middle income,Saint George's,-61.7449,12.0653,False
GRD,2024,2.3996478454327,11528.9220811928,70.16159821,Grenada,Latin America & Caribbean ,Upper middle income,Saint George's,-61.7449,12.0653,False
GRL,2000,7.10159688181619,19009.0774407515,31.7478112321162,Greenland,Europe & Central Asia,High income,Nuuk,-51.7214,64.1836,False
GRL,2001,1.26903507902787,19265.5191468738,35.4641368915684,Greenland,Europe & Central Asia,High income,Nuuk,-51.7214,64.1836,False
GRL,2002,-0.971177310665553,20657.9506323097,44.154789028418,Greenland,Europe & Central Asia,High income,Nuuk,-51.7214,64.1836,False
GRL,2003,4.43004572118211,27466.6494525504,54.5342598293605,Greenland,Europe & Central Asia,High income,Nuuk,-51.7214,64.1836,False
GRL,2004,6.90658283676629,32030.9987915109,56.0990147610533,Greenland,Europe & Central Asia,High income,Nuuk,-51.7214,64.1836,False
GRL,2005,4.98749177090193,32489.7277309899,57.7034045008656,Greenland,Europe & Central Asia,High income,Nuuk,-51.7214,64.1836,False
GRL,2006,5.55569490080012,35457.6297578214,59.361687268664,Greenland,Europe & Central Asia,High income,Nuuk,-51.7214,64.1836,False
GRL,2007,2.3524379811805,39780.9441368721,61.07,Greenland,Europe & Central Asia,High income,Nuuk,-51.7214,64.1836,False
GRL,2008,6.1661327018619,44366.7858688175,62.82,Greenland,Europe & Central Asia,High income,Nuuk,-51.7214,64.1836,False
GRL,2009,0.865952328886948,44918.8413832155,62.83,Greenland,Europe & Central Asia,High income,Nuuk,-51.7214,64.1836,False
GRL,2010,1.73582505889665,44277.1993400972,63.0,Greenland,Europe & Central Asia,High income,Nuuk,-51.7214,64.1836,False
GRL,2011,-0.496519391959083,47186.8759969388,64.0,Greenland,Europe & Central Asia,High income,Nuuk,-51.7214,64.1836,False
GRL,2012,1.39419335955625,45936.9562817724,64.8960100995989,Greenland,Europe & Central Asia,High income,Nuuk,-51.7214,64.1836,False
GRL,2013,-1.29828069335511,47535.4883792376,65.8,Greenland,Europe & Central Asia,High income,Nuuk,-51.7214,64.1836,False
GRL,2014,4.7421356730152,50485.2244135291,66.7,Greenland,Europe & Central Asia,High income,Nuuk,-51.7214,64.1836,False
GRL,2015,-2.52931802394475,44536.3549705377,67.600443481006,Greenland,Europe & Central Asia,High income,Nuuk,-51.7214,64.1836,False
GRL,2016,4.68195410972302,48181.7453541266,68.500873675421,Greenland,Europe & Central Asia,High income,Nuuk,-51.7214,64.1836,False
GRL,2017,0.0527281828800312,50765.7494665372,69.4824617821988,Greenland,Europe & Central Asia,High income,Nuuk,-51.7214,64.1836,False
GRL,2018,0.62306542854094,54545.135857765,,Greenland,Europe & Central Asia,High income,Nuuk,-51.7214,64.1836,False
GRL,2019,2.83217756798683,53309.2035905065,,Greenland,Europe & Central Asia,High income,Nuuk,-51.7214,64.1836,False
GRL,2020,0.250789762104304,54812.6661771023,,Greenland,Europe & Central Asia,High income,Nuuk,-51.7214,64.1836,False
GRL,2021,1.63409410992996,58135.9939910203,,Greenland,Europe & Central Asia,High income,Nuuk,-51.7214,64.1836,False
GRL,2022,2.00455580865604,55635.0006491223,,Greenland,Europe & Central Asia,High income,Nuuk,-51.7214,64.1836,False
GRL,2023,0.865961986998158,58498.9707973609,,Greenland,Europe & Central Asia,High income,Nuuk,-51.7214,64.1836,False
GTM,2000,3.6088687174876,1648.96578971559,0.712332904508925,Guatemala,Latin America & Caribbean ,Upper middle income,Guatemala City,-90.5328,14.6248,False
GTM,2001,2.33257486608854,1537.68663578252,1.7382017815873,Guatemala,Latin America & Caribbean ,Upper middle income,Guatemala City,-90.5328,14.6248,False
GTM,2002,3.83928708556792,1669.33517469705,3.39174627024502,Guatemala,Latin America & Caribbean ,Upper middle income,Guatemala City,-90.5328,14.6248,False
GTM,2003,2.56037766801896,1722.54701910774,4.54885490848324,Guatemala,Latin America & Caribbean ,Upper middle income,Guatemala City,-90.5328,14.6248,False
GTM,2004,3.13791683609193,1840.91184884,5.1,Guatemala,Latin America & Caribbean ,Upper middle income,Guatemala City,-90.5328,14.6248,False
GTM,2005,3.27602692588886,2046.46611650758,5.699999809,Guatemala,Latin America & Caribbean ,Upper middle income,Guatemala City,-90.5328,14.6248,False
GTM,2006,5.35139778711536,2225.1234753878,6.5,Guatemala,Latin America & Caribbean ,Upper middle income,Guatemala City,-90.5328,14.6248,False
GTM,2007,6.33771869016203,2458.81573919384,7.300000191,Guatemala,Latin America & Caribbean ,Upper middle income,Guatemala City,-90.5328,14.6248,False
GTM,2008,3.29352400028485,2763.05988172926,8.300000191,Guatemala,Latin America & Caribbean ,Upper middle income,Guatemala City,-90.5328,14.6248,False
GTM,2009,0.476898106596394,2611.64632773352,9.300000191,Guatemala,Latin America & Caribbean ,Upper middle income,Guatemala City,-90.5328,14.6248,False
GTM,2010,2.88417542800377,2805.25960237322,10.5,Guatemala,Latin America & Caribbean ,Upper middle income,Guatemala City,-90.5328,14.6248,False
GTM,2011,4.16390688293349,3168.98370607705,12.30000019,Guatemala,Latin America & Caribbean ,Upper middle income,Guatemala City,-90.5328,14.6248,False
GTM,2012,2.97470856847661,3286.61959336267,16.0,Guatemala,Latin America & Caribbean ,Upper middle income,Guatemala City,-90.5328,14.6248,False
GTM,2013,3.69476814623695,3444.15802275864,19.70000076,Guatemala,Latin America & Caribbean ,Upper middle income,Guatemala City,-90.5328,14.6248,False
GTM,2014,4.44397825774911,3689.14510410202,23.39999962,Guatemala,Latin America & Caribbean ,Upper middle income,Guatemala City,-90.5328,14.6248,False
GTM,2015,4.09217170075418,3893.50533299068,28.80590057,Guatemala,Latin America & Caribbean ,Upper middle income,Guatemala City,-90.5328,14.6248,False
GTM,2016,2.6778031930216,4060.13784737643,34.50930023,Guatemala,Latin America & Caribbean ,Upper middle income,Guatemala City,-90.5328,14.6248,False
GTM,2017,3.0798512212244,4324.99768915601,37.90000153,Guatemala,Latin America & Caribbean ,Upper middle income,Guatemala City,-90.5328,14.6248,False
GTM,2018,3.40687328176345,4352.94593289707,41.5,Guatemala,Latin America & Caribbean ,Upper middle income,Guatemala City,-90.5328,14.6248,False
GTM,2019,4.01789830861587,4511.99839552697,44.401049838502,Guatemala,Latin America & Caribbean ,Upper middle income,Guatemala City,-90.5328,14.6248,False
GTM,2020,-1.78555117570465,4477.61785000665,47.51229858,Guatemala,Latin America & Caribbean ,Upper middle income,Guatemala City,-90.5328,14.6248,False
GTM,2021,8.04170398855833,4912.62240414681,50.84164945,Guatemala,Latin America & Caribbean ,Upper middle income,Guatemala City,-90.5328,14.6248,False
GTM,2022,4.15492196609047,5356.92435887895,54.40430069,Guatemala,Latin America & Caribbean ,Upper middle income,Guatemala City,-90.5328,14.6248,False
GTM,2023,3.52430434049013,5754.42833909847,56.72669983,Guatemala,Latin America & Caribbean ,Upper middle income,Guatemala City,-90.5328,14.6248,False
GTM,2024,3.71558453779777,6150.89465281457,60.22140121,Guatemala,Latin America & Caribbean ,Upper middle income,Guatemala City,-90.5328,14.6248,False
GUM,2000,,,16.1131270423389,Guam,East Asia & Pacific,High income,Agana,144.794,13.4443,False
GUM,2001,,,25.3802275337398,Guam,East Asia & Pacific,High income,Agana,144.794,13.4443,False
GUM,2002,,20909.9590302806,31.1922942556271,Guam,East Asia & Pacific,High income,Agana,144.794,13.4443,False
GUM,2003,0.879314134974734,21877.3178371553,33.7166817880876,Guam,East Asia & Pacific,High income,Agana,144.794,13.4443,False
GUM,2004,6.49378949662236,23618.8266894573,36.1617878387908,Guam,East Asia & Pacific,High income,Agana,144.794,13.4443,False
GUM,2005,3.64231634949867,25631.9776108052,38.559877557558,Guam,East Asia & Pacific,High income,Agana,144.794,13.4443,False
GUM,2006,-3.65251727541954,25709.9351488422,43.8514430048178,Guam,East Asia & Pacific,High income,Agana,144.794,13.4443,False
GUM,2007,0.717213114754102,26605.4324214756,46.1504736192355,Guam,East Asia & Pacific,High income,Agana,144.794,13.4443,False
GUM,2008,2.03458799593082,28112.2316573422,48.4187021509296,Guam,East Asia & Pacific,High income,Agana,144.794,13.4443,False
GUM,2009,0.438683948155543,29054.0581201519,50.6420283820435,Guam,East Asia & Pacific,High income,Agana,144.794,13.4443,False
GUM,2010,2.26325193567601,29719.7967836082,54.04,Guam,East Asia & Pacific,High income,Agana,144.794,13.4443,False
GUM,2011,0.0776548243059523,29926.2052442913,57.7,Guam,East Asia & Pacific,High income,Agana,144.794,13.4443,False
GUM,2012,2.13385063045585,31653.7506538168,61.5341593079002,Guam,East Asia & Pacific,High income,Agana,144.794,13.4443,False
GUM,2013,1.69040835707501,32530.7593121483,65.4,Guam,East Asia & Pacific,High income,Agana,144.794,13.4443,False
GUM,2014,1.79305192379529,33900.1486530583,69.27,Guam,East Asia & Pacific,High income,Agana,144.794,13.4443,False
GUM,2015,0.825688073394488,35165.7014644795,73.139999947043,Guam,East Asia & Pacific,High income,Agana,144.794,13.4443,False
GUM,2016,0.18198362147406,35930.6594898711,77.009999893206,Guam,East Asia & Pacific,High income,Agana,144.794,13.4443,False
GUM,2017,0.890099909173486,36779.0078903909,80.5054655600831,Guam,East Asia & Pacific,High income,Agana,144.794,13.4443,False
GUM,2018,-0.828231904933389,37195.9503070464,,Guam,East Asia & Pacific,High income,Agana,144.794,13.4443,False
GUM,2019,2.52360203340596,39274.9431424899,,Guam,East Asia & Pacific,High income,Agana,144.794,13.4443,False
GUM,2020,-10.5188595714539,36482.9363953675,,Guam,East Asia & Pacific,High income,Agana,144.794,13.4443,False
GUM,2021,2.0581832574708,38074.8793745801,,Guam,East Asia & Pacific,High income,Agana,144.794,13.4443,False
GUM,2022,5.09986426216793,41833.1517132825,,Guam,East Asia & Pacific,High income,Agana,144.794,13.4443,False
GUY,2000,-1.36380390261873,931.796651718955,0.6,Guyana,Latin America & Caribbean ,High income,Georgetown,-58.1548,6.80461,False
GUY,2001,2.2795216592191,931.574723847673,1.0,Guyana,Latin America & Caribbean ,High income,Georgetown,-58.1548,6.80461,False
GUY,2002,1.13262696199476,950.866932470993,1.5,Guyana,Latin America & Caribbean ,High income,Georgetown,-58.1548,6.80461,False
GUY,2003,-0.632225388266377,973.742598054188,2.4,Guyana,Latin America & Caribbean ,High income,Georgetown,-58.1548,6.80461,False
GUY,2004,1.56335211034042,1033.31030902188,3.7,Guyana,Latin America & Caribbean ,High income,Georgetown,-58.1548,6.80461,False
GUY,2005,-1.95095759501714,1084.06541388904,5.699999809,Guyana,Latin America & Caribbean ,High income,Georgetown,-58.1548,6.80461,False
GUY,2006,5.12960934773,3135.60553528326,8.899999619,Guyana,Latin America & Caribbean ,High income,Georgetown,-58.1548,6.80461,False
GUY,2007,7.19123624057457,3608.28685240188,13.80000019,Guyana,Latin America & Caribbean ,High income,Georgetown,-58.1548,6.80461,False
GUY,2008,1.75522349592019,4008.9628671603,18.2,Guyana,Latin America & Caribbean ,High income,Georgetown,-58.1548,6.80461,False
GUY,2009,3.61150847218585,4209.13230624565,23.9,Guyana,Latin America & Caribbean ,High income,Georgetown,-58.1548,6.80461,False
GUY,2010,4.13844160137342,4581.76179693492,29.9,Guyana,Latin America & Caribbean ,High income,Georgetown,-58.1548,6.80461,False
GUY,2011,5.19625156051602,4947.22170589917,30.0,Guyana,Latin America & Caribbean ,High income,Georgetown,-58.1548,6.80461,False
GUY,2012,5.27633062046809,5444.39751913913,30.5,Guyana,Latin America & Caribbean ,High income,Georgetown,-58.1548,6.80461,False
GUY,2013,3.65338433338232,5556.91231156932,31.0,Guyana,Latin America & Caribbean ,High income,Georgetown,-58.1548,6.80461,False
GUY,2014,1.68649445019584,5472.68820452237,32.0,Guyana,Latin America & Caribbean ,High income,Georgetown,-58.1548,6.80461,False
GUY,2015,0.687404590619494,5640.41560569466,34.0,Guyana,Latin America & Caribbean ,High income,Georgetown,-58.1548,6.80461,False
GUY,2016,3.80745626378814,5870.87823759835,35.65999985,Guyana,Latin America & Caribbean ,High income,Georgetown,-58.1548,6.80461,False
GUY,2017,3.73449154571284,6178.6650437298,42.6753006,Guyana,Latin America & Caribbean ,High income,Georgetown,-58.1548,6.80461,False
GUY,2018,4.44091288475967,6048.38697180418,48.59889984,Guyana,Latin America & Caribbean ,High income,Georgetown,-58.1548,6.80461,False
GUY,2019,5.35284003535665,6405.82443444562,55.31269836,Guyana,Latin America & Caribbean ,High income,Georgetown,-58.1548,6.80461,False
GUY,2020,43.479651716849,6775.70939096303,62.95399857,Guyana,Latin America & Caribbean ,High income,Georgetown,-58.1548,6.80461,False
GUY,2021,20.0599975568418,9860.87014834386,71.65090179,Guyana,Latin America & Caribbean ,High income,Georgetown,-58.1548,6.80461,False
GUY,2022,63.3346343654855,17913.4928066879,76.56240082,Guyana,Latin America & Caribbean ,High income,Georgetown,-58.1548,6.80461,False
GUY,2023,33.795011115873,20473.7002190617,79.3553009,Guyana,Latin America & Caribbean ,High income,Georgetown,-58.1548,6.80461,False
GUY,2024,43.8192726391966,29675.2501582835,83.00080109,Guyana,Latin America & Caribbean ,High income,Georgetown,-58.1548,6.80461,False
HKG,2000,7.66344398397743,25756.7728723704,27.8277606812581,"Hong Kong SAR, China",East Asia & Pacific,High income,,114.109,22.3964,False
HKG,2001,0.560867137855524,25230.3780910304,38.6714032309569,"Hong Kong SAR, China",East Asia & Pacific,High income,,114.109,22.3964,False
HKG,2002,1.6567016736435,24665.8362318216,43.0823830278909,"Hong Kong SAR, China",East Asia & Pacific,High income,,114.109,22.3964,False
HKG,2003,3.05635886663597,23977.1734120477,52.2000433497404,"Hong Kong SAR, China",East Asia & Pacific,High income,,114.109,22.3964,False
HKG,2004,8.70006555836002,24928.1003722551,56.3998803935333,"Hong Kong SAR, China",East Asia & Pacific,High income,,114.109,22.3964,False
HKG,2005,7.38815395153696,26649.637724155,56.9,"Hong Kong SAR, China",East Asia & Pacific,High income,,114.109,22.3964,False
HKG,2006,7.03264766297669,28224.0951563146,60.8,"Hong Kong SAR, China",East Asia & Pacific,High income,,114.109,22.3964,False
HKG,2007,6.46482809096842,30593.9511738646,64.8,"Hong Kong SAR, China",East Asia & Pacific,High income,,114.109,22.3964,False
HKG,2008,2.12793685154209,31515.5292103443,66.7,"Hong Kong SAR, China",East Asia & Pacific,High income,,114.109,22.3964,False
HKG,2009,-2.45909150468412,30697.5383861641,69.4,"Hong Kong SAR, China",East Asia & Pacific,High income,,114.109,22.3964,False
HKG,2010,6.76770683250318,32550.136489179,72.0,"Hong Kong SAR, China",East Asia & Pacific,High income,,114.109,22.3964,False
HKG,2011,4.81466801092733,35142.4879344543,72.19999695,"Hong Kong SAR, China",East Asia & Pacific,High income,,114.109,22.3964,False
HKG,2012,1.70032214482865,36730.796195815,72.9,"Hong Kong SAR, China",East Asia & Pacific,High income,,114.109,22.3964,False
HKG,2013,3.10155262780289,38403.7777145477,74.2,"Hong Kong SAR, China",East Asia & Pacific,High income,,114.109,22.3964,False
HKG,2014,2.76241378329884,40315.3739510191,79.8662704309064,"Hong Kong SAR, China",East Asia & Pacific,High income,,114.109,22.3964,False
HKG,2015,2.38780116013344,42432.1619740441,84.9483529634062,"Hong Kong SAR, China",East Asia & Pacific,High income,,114.109,22.3964,False
HKG,2016,2.17544820327555,43734.1980702999,87.47941467087,"Hong Kong SAR, China",East Asia & Pacific,High income,,114.109,22.3964,False
HKG,2017,3.79610937243891,46160.429791493,89.4159446487565,"Hong Kong SAR, China",East Asia & Pacific,High income,,114.109,22.3964,False
HKG,2018,2.84690922660509,48537.5668888343,90.5073953294283,"Hong Kong SAR, China",East Asia & Pacific,High income,,114.109,22.3964,False
HKG,2019,-1.67242865968056,48359.0011950597,91.7434003891587,"Hong Kong SAR, China",East Asia & Pacific,High income,,114.109,22.3964,False
HKG,2020,-6.54479640529367,46109.2299946609,92.41313602,"Hong Kong SAR, China",East Asia & Pacific,High income,,114.109,22.3964,False
HKG,2021,6.45443038333934,49770.5642374739,93.08715788,"Hong Kong SAR, China",East Asia & Pacific,High income,,114.109,22.3964,False
HKG,2022,-3.68528359281325,48825.0272275805,95.61357052,"Hong Kong SAR, China",East Asia & Pacific,High income,,114.109,22.3964,False
HKG,2023,3.15034461759902,50525.1119312663,95.97781908,"Hong Kong SAR, China",East Asia & Pacific,High income,,114.109,22.3964,False
HKG,2024,2.62936861207362,54274.7547767073,95.75536971,"Hong Kong SAR, China",East Asia & Pacific,High income,,114.109,22.3964,False
HND,2000,9.61221879337278,1092.56400746252,1.20385599891878,Honduras,Latin America & Caribbean ,Lower middle income,Tegucigalpa,-87.4667,15.1333,False
HND,2001,2.72319327321379,1132.1648753329,1.41528193123711,Honduras,Latin America & Caribbean ,Lower middle income,Tegucigalpa,-87.4667,15.1333,False
HND,2002,3.75433786119939,1132.49965345317,2.5974025974026,Honduras,Latin America & Caribbean ,Lower middle income,Tegucigalpa,-87.4667,15.1333,False
HND,2003,4.54703805165397,1156.08162681357,4.8,Honduras,Latin America & Caribbean ,Lower middle income,Tegucigalpa,-87.4667,15.1333,False
HND,2004,6.23230296069102,1215.13995412761,5.6,Honduras,Latin America & Caribbean ,Lower middle income,Tegucigalpa,-87.4667,15.1333,False
HND,2005,6.05059922215973,1304.70039153826,6.5,Honduras,Latin America & Caribbean ,Lower middle income,Tegucigalpa,-87.4667,15.1333,False
HND,2006,6.56724355177587,1425.84780051892,7.800000191,Honduras,Latin America & Caribbean ,Lower middle income,Tegucigalpa,-87.4667,15.1333,False
HND,2007,6.18832716678008,1577.73789197407,9.399999619,Honduras,Latin America & Caribbean ,Lower middle income,Tegucigalpa,-87.4667,15.1333,False
HND,2008,4.23160011009342,1732.49062702803,9.6,Honduras,Latin America & Caribbean ,Lower middle income,Tegucigalpa,-87.4667,15.1333,False
HND,2009,-2.43162787988011,1781.15703614674,9.800000191,Honduras,Latin America & Caribbean ,Lower middle income,Tegucigalpa,-87.4667,15.1333,False
HND,2010,3.73114034433009,1893.32722662035,11.09,Honduras,Latin America & Caribbean ,Lower middle income,Tegucigalpa,-87.4667,15.1333,False
HND,2011,3.83569066207505,2073.66121088074,15.9,Honduras,Latin America & Caribbean ,Lower middle income,Tegucigalpa,-87.4667,15.1333,False
HND,2012,4.12868774866939,2126.03474686503,18.12,Honduras,Latin America & Caribbean ,Lower middle income,Tegucigalpa,-87.4667,15.1333,False
HND,2013,2.79155975746801,2081.12843527945,17.8,Honduras,Latin America & Caribbean ,Lower middle income,Tegucigalpa,-87.4667,15.1333,False
HND,2014,3.0580805621437,2179.88171977271,23.0,Honduras,Latin America & Caribbean ,Lower middle income,Tegucigalpa,-87.4667,15.1333,False
HND,2015,3.84007997093951,2271.20265980349,27.1395454833776,Honduras,Latin America & Caribbean ,Lower middle income,Tegucigalpa,-87.4667,15.1333,False
HND,2016,3.89297219726413,2307.34468351082,29.5282180796457,Honduras,Latin America & Caribbean ,Lower middle income,Tegucigalpa,-87.4667,15.1333,False
HND,2017,4.84291391050387,2413.0076562942,31.7357924661485,Honduras,Latin America & Caribbean ,Lower middle income,Tegucigalpa,-87.4667,15.1333,False
HND,2018,3.84499476966735,2464.64241531918,36.0400608231468,Honduras,Latin America & Caribbean ,Lower middle income,Tegucigalpa,-87.4667,15.1333,False
HND,2019,2.55963434592314,2502.32744328073,39.3883521850111,Honduras,Latin America & Caribbean ,Lower middle income,Tegucigalpa,-87.4667,15.1333,False
HND,2020,-8.96508223267296,2307.61494319511,45.24829865,Honduras,Latin America & Caribbean ,Lower middle income,Tegucigalpa,-87.4667,15.1333,False
HND,2021,12.5652843771279,2735.14751503977,51.95159912,Honduras,Latin America & Caribbean ,Lower middle income,Tegucigalpa,-87.4667,15.1333,False
HND,2022,4.14356194013767,3003.28996826399,56.88069916,Honduras,Latin America & Caribbean ,Lower middle income,Tegucigalpa,-87.4667,15.1333,False
HND,2023,3.57584760454412,3227.45762509776,58.0685997,Honduras,Latin America & Caribbean ,Lower middle income,Tegucigalpa,-87.4667,15.1333,False
HND,2024,3.63240745450875,3415.96027916712,58.62269974,Honduras,Latin America & Caribbean ,Lower middle income,Tegucigalpa,-87.4667,15.1333,False
HRV,2000,2.94765913375998,4953.57515008131,6.64488254374396,Croatia,Europe & Central Asia,High income,Zagreb,15.9614,45.8069,False
HRV,2001,3.11089328552634,5364.88188501029,11.5585731811648,Croatia,Europe & Central Asia,High income,Zagreb,15.9614,45.8069,False
HRV,2002,5.80141595577015,6219.56093667781,17.76,Croatia,Europe & Central Asia,High income,Zagreb,15.9614,45.8069,False
HRV,2003,5.56842901730823,8189.99059314699,22.75,Croatia,Europe & Central Asia,High income,Zagreb,15.9614,45.8069,False
HRV,2004,4.17049297825163,9718.92771524605,30.91,Croatia,Europe & Central Asia,High income,Zagreb,15.9614,45.8069,False
HRV,2005,4.32819454299167,10443.4484003498,33.13999939,Croatia,Europe & Central Asia,High income,Zagreb,15.9614,45.8069,False
HRV,2006,5.06986521577841,11501.2327422844,37.97999954,Croatia,Europe & Central Asia,High income,Zagreb,15.9614,45.8069,False
HRV,2007,5.04884076732965,13755.8149054063,41.44,Croatia,Europe & Central Asia,High income,Zagreb,15.9614,45.8069,False
HRV,2008,1.97176786914632,15888.1184388903,44.24,Croatia,Europe & Central Asia,High income,Zagreb,15.9614,45.8069,False
HRV,2009,-6.81168973851901,14474.52513863,50.58,Croatia,Europe & Central Asia,High income,Zagreb,15.9614,45.8069,False
HRV,2010,-1.33616285467264,13729.7472872883,56.55,Croatia,Europe & Central Asia,High income,Zagreb,15.9614,45.8069,False
HRV,2011,-0.111527124990047,14691.591757962,57.7899789891444,Croatia,Europe & Central Asia,High income,Zagreb,15.9614,45.8069,False
HRV,2012,-2.23702049605232,13507.6349882758,61.9399731527956,Croatia,Europe & Central Asia,High income,Zagreb,15.9614,45.8069,False
HRV,2013,-0.132561080066893,14135.0903485872,66.7476,Croatia,Europe & Central Asia,High income,Zagreb,15.9614,45.8069,False
HRV,2014,-0.559537666687092,14186.7712230471,68.5678992528467,Croatia,Europe & Central Asia,High income,Zagreb,15.9614,45.8069,False
HRV,2015,2.32056679330526,12283.8750299177,69.8450359238281,Croatia,Europe & Central Asia,High income,Zagreb,15.9614,45.8069,False
HRV,2016,3.46613146011039,12820.1872746645,72.6972696701463,Croatia,Europe & Central Asia,High income,Zagreb,15.9614,45.8069,False
HRV,2017,3.2840626939789,13901.6498657787,67.0961920368478,Croatia,Europe & Central Asia,High income,Zagreb,15.9614,45.8069,False
HRV,2018,2.91107146210912,15460.4560798984,75.2946259897258,Croatia,Europe & Central Asia,High income,Zagreb,15.9614,45.8069,False
HRV,2019,3.10247285336254,15563.7354996625,79.0797836757554,Croatia,Europe & Central Asia,High income,Zagreb,15.9614,45.8069,False
HRV,2020,-8.31046995309319,14807.5559227544,78.32090004,Croatia,Europe & Central Asia,High income,Zagreb,15.9614,45.8069,False
HRV,2021,12.6312741312741,17788.7601163765,81.25396608,Croatia,Europe & Central Asia,High income,Zagreb,15.9614,45.8069,False
HRV,2022,7.29479114889533,18465.531473659,82.07155532,Croatia,Europe & Central Asia,High income,Zagreb,15.9614,45.8069,False
HRV,2023,3.76204092717136,22183.4982258492,83.24117599,Croatia,Europe & Central Asia,High income,Zagreb,15.9614,45.8069,False
HRV,2024,3.82578440126859,24049.9441746337,83.63240029,Croatia,Europe & Central Asia,High income,Zagreb,15.9614,45.8069,False
HTI,2000,0.870059259424892,820.600046761464,0.231270714628821,Haiti,Latin America & Caribbean ,Lower middle income,Port-au-Prince,-72.3288,18.5392,True
HTI,2001,-0.342747883252144,748.821159844528,0.340832326173809,Haiti,Latin America & Caribbean ,Lower middle income,Port-au-Prince,-72.3288,18.5392,True
HTI,2002,1.05182013450109,720.969568042522,0.893432988337908,Haiti,Latin America & Caribbean ,Lower middle income,Port-au-Prince,-72.3288,18.5392,True
HTI,2003,3.48077973188326,578.995291079709,1.64735834557778,Haiti,Latin America & Caribbean ,Lower middle income,Port-au-Prince,-72.3288,18.5392,True
HTI,2004,-1.3178567596495,683.185298155273,5.401261907622,Haiti,Latin America & Caribbean ,Lower middle income,Port-au-Prince,-72.3288,18.5392,True
HTI,2005,3.07217337664731,775.845704056916,6.376200199,Haiti,Latin America & Caribbean ,Lower middle income,Port-au-Prince,-72.3288,18.5392,True
HTI,2006,1.76875060288195,828.805700289589,6.796000004,Haiti,Latin America & Caribbean ,Lower middle income,Port-au-Prince,-72.3288,18.5392,True
HTI,2007,4.70652994008303,984.566983448521,7.199999809,Haiti,Latin America & Caribbean ,Lower middle income,Port-au-Prince,-72.3288,18.5392,True
HTI,2008,2.6580323082747,1094.66058421644,7.599999905,Haiti,Latin America & Caribbean ,Lower middle income,Port-au-Prince,-72.3288,18.5392,True
HTI,2009,5.89037894844316,1196.8528706018,8.100000381,Haiti,Latin America & Caribbean ,Lower middle income,Port-au-Prince,-72.3288,18.5392,True
HTI,2010,-5.65151153448299,1209.72733503094,8.369999886,Haiti,Latin America & Caribbean ,Lower middle income,Port-au-Prince,-72.3288,18.5392,True
HTI,2011,5.09821354410036,1312.03953552013,9.0,Haiti,Latin America & Caribbean ,Lower middle income,Port-au-Prince,-72.3288,18.5392,True
HTI,2012,0.502424403581585,1361.39396587374,9.800000191,Haiti,Latin America & Caribbean ,Lower middle income,Port-au-Prince,-72.3288,18.5392,True
HTI,2013,4.32478411472874,1457.83221179626,10.60000038,Haiti,Latin America & Caribbean ,Lower middle income,Port-au-Prince,-72.3288,18.5392,True
HTI,2014,2.88877250863379,1460.18898613914,11.39999962,Haiti,Latin America & Caribbean ,Lower middle income,Port-au-Prince,-72.3288,18.5392,True
HTI,2015,1.40000000859727,1411.12684746796,14.19999981,Haiti,Latin America & Caribbean ,Lower middle income,Port-au-Prince,-72.3288,18.5392,True
HTI,2016,1.81246807847532,1318.40268167953,22.79999924,Haiti,Latin America & Caribbean ,Lower middle income,Port-au-Prince,-72.3288,18.5392,True
HTI,2017,2.51027134544685,1395.23945184461,27.20000076,Haiti,Latin America & Caribbean ,Lower middle income,Port-au-Prince,-72.3288,18.5392,True
HTI,2018,1.66781095484656,1496.38048970156,32.4736271300557,Haiti,Latin America & Caribbean ,Lower middle income,Port-au-Prince,-72.3288,18.5392,True
HTI,2019,-1.72309699839232,1352.17204191532,35.76409912,Haiti,Latin America & Caribbean ,Lower middle income,Port-au-Prince,-72.3288,18.5392,True
HTI,2020,-3.30550546965893,1290.32538667383,39.38809967,Haiti,Latin America & Caribbean ,Lower middle income,Port-au-Prince,-72.3288,18.5392,True
HTI,2021,-1.79823988931486,1824.6798742577,43.37919998,Haiti,Latin America & Caribbean ,Lower middle income,Port-au-Prince,-72.3288,18.5392,True
HTI,2022,-1.68198396897978,1748.40890116803,47.77470016,Haiti,Latin America & Caribbean ,Lower middle income,Port-au-Prince,-72.3288,18.5392,True
HTI,2023,-1.86388420254838,1681.84407667059,47.99269867,Haiti,Latin America & Caribbean ,Lower middle income,Port-au-Prince,-72.3288,18.5392,True
HTI,2024,-4.18495104762965,2060.35591768638,47.8614006,Haiti,Latin America & Caribbean ,Lower middle income,Port-au-Prince,-72.3288,18.5392,True
HUN,2000,4.40937501806403,4629.91760812548,6.99967635062916,Hungary,Europe & Central Asia,High income,Budapest,19.0408,47.4984,False
HUN,2001,4.06202617226026,5280.94887987063,14.5285543028277,Hungary,Europe & Central Asia,High income,Budapest,19.0408,47.4984,False
HUN,2002,4.73006530805553,6658.04494326809,16.67,Hungary,Europe & Central Asia,High income,Budapest,19.0408,47.4984,False
HUN,2003,3.93877761242727,8410.09248198479,21.63,Hungary,Europe & Central Asia,High income,Budapest,19.0408,47.4984,False
HUN,2004,4.96312536156307,10291.2694721409,27.74,Hungary,Europe & Central Asia,High income,Budapest,19.0408,47.4984,False
HUN,2005,4.30028318461673,11212.2046968994,38.97,Hungary,Europe & Central Asia,High income,Budapest,19.0408,47.4984,False
HUN,2006,3.93393162712054,11478.4891640501,47.06,Hungary,Europe & Central Asia,High income,Budapest,19.0408,47.4984,False
HUN,2007,0.332354337878925,13934.605460375,53.3,Hungary,Europe & Central Asia,High income,Budapest,19.0408,47.4984,False
HUN,2008,0.993437085479655,15762.6322515113,61.0,Hungary,Europe & Central Asia,High income,Budapest,19.0408,47.4984,False
HUN,2009,-6.7401660845502,13051.1831777184,62.0,Hungary,Europe & Central Asia,High income,Budapest,19.0408,47.4984,False
HUN,2010,1.06795068152046,13189.8433874768,65.0,Hungary,Europe & Central Asia,High income,Budapest,19.0408,47.4984,False
HUN,2011,1.91670916599742,14211.460557822,68.0199878861296,Hungary,Europe & Central Asia,High income,Budapest,19.0408,47.4984,False
HUN,2012,-1.33948446518181,12950.1594488143,70.579998153838,Hungary,Europe & Central Asia,High income,Budapest,19.0408,47.4984,False
HUN,2013,2.03216990678146,13739.4620151401,72.6439,Hungary,Europe & Central Asia,High income,Budapest,19.0408,47.4984,False
HUN,2014,4.33435364113967,14352.501883174,75.6531974544103,Hungary,Europe & Central Asia,High income,Budapest,19.0408,47.4984,False
HUN,2015,3.65981615406955,12782.9412577973,72.8347370323805,Hungary,Europe & Central Asia,High income,Budapest,19.0408,47.4984,False
HUN,2016,2.43864141309342,13215.8605277789,79.2594121273057,Hungary,Europe & Central Asia,High income,Budapest,19.0408,47.4984,False
HUN,2017,4.12418389451805,14736.1668157258,76.7505471201922,Hungary,Europe & Central Asia,High income,Budapest,19.0408,47.4984,False
HUN,2018,5.60613813768876,16605.0570511887,76.0743606365063,Hungary,Europe & Central Asia,High income,Budapest,19.0408,47.4984,False
HUN,2019,5.07718495088933,17012.8598553199,80.3716936050482,Hungary,Europe & Central Asia,High income,Budapest,19.0408,47.4984,False
HUN,2020,-4.33872540024058,16386.9308821258,84.77115202,Hungary,Europe & Central Asia,High income,Budapest,19.0408,47.4984,False
HUN,2021,7.22291580811137,19030.628130329,88.64083466,Hungary,Europe & Central Asia,High income,Budapest,19.0408,47.4984,False
HUN,2022,4.15238057779229,18428.028825614,89.14282688,Hungary,Europe & Central Asia,High income,Budapest,19.0408,47.4984,False
HUN,2023,-0.817107370513455,22208.6509820466,91.4500713,Hungary,Europe & Central Asia,High income,Budapest,19.0408,47.4984,False
HUN,2024,0.709070599066038,23305.4482514359,93.77898628,Hungary,Europe & Central Asia,High income,Budapest,19.0408,47.4984,False
IDN,2000,4.9200677470169,763.711124950924,0.925563864466858,Indonesia,East Asia & Pacific,Upper middle income,Jakarta,106.83,-6.19752,False
IDN,2001,3.64346644721492,732.307093405708,2.01861385948459,Indonesia,East Asia & Pacific,Upper middle income,Jakarta,106.83,-6.19752,False
IDN,2002,4.49947539085764,881.002913569131,2.13413573295808,Indonesia,East Asia & Pacific,Upper middle income,Jakarta,106.83,-6.19752,False
IDN,2003,4.78036912167654,1043.2105838671,2.38701977959476,Indonesia,East Asia & Pacific,Upper middle income,Jakarta,106.83,-6.19752,False
IDN,2004,5.03087394501685,1126.84004447173,2.60028587633414,Indonesia,East Asia & Pacific,Upper middle income,Jakarta,106.83,-6.19752,False
IDN,2005,5.69257130383384,1238.21447629488,3.60202476259646,Indonesia,East Asia & Pacific,Upper middle income,Jakarta,106.83,-6.19752,False
IDN,2006,5.50095178520348,1558.31562847163,4.76481313366657,Indonesia,East Asia & Pacific,Upper middle income,Jakarta,106.83,-6.19752,False
IDN,2007,6.34502222667214,1823.21976255073,5.78627472934199,Indonesia,East Asia & Pacific,Upper middle income,Jakarta,106.83,-6.19752,False
IDN,2008,6.01370360009123,2124.55483920618,7.917500019,Indonesia,East Asia & Pacific,Upper middle income,Jakarta,106.83,-6.19752,False
IDN,2009,4.62887118256153,2218.48541852977,6.92,Indonesia,East Asia & Pacific,Upper middle income,Jakarta,106.83,-6.19752,False
IDN,2010,6.22385418062366,3065.68348377765,10.92,Indonesia,East Asia & Pacific,Upper middle income,Jakarta,106.83,-6.19752,False
IDN,2011,6.16978420771008,3579.46442466152,12.28,Indonesia,East Asia & Pacific,Upper middle income,Jakarta,106.83,-6.19752,False
IDN,2012,6.03005065305615,3632.27254030331,14.52,Indonesia,East Asia & Pacific,Upper middle income,Jakarta,106.83,-6.19752,False
IDN,2013,5.5572636889101,3566.60284506078,14.94,Indonesia,East Asia & Pacific,Upper middle income,Jakarta,106.83,-6.19752,False
IDN,2014,5.006668425755,3441.06808464008,17.1431598350566,Indonesia,East Asia & Pacific,Upper middle income,Jakarta,106.83,-6.19752,False
IDN,2015,4.87632230022123,3288.22269725538,22.062742603379,Indonesia,East Asia & Pacific,Upper middle income,Jakarta,106.83,-6.19752,False
IDN,2016,5.03306918280177,3521.46943457574,25.447353701827,Indonesia,East Asia & Pacific,Upper middle income,Jakarta,106.83,-6.19752,False
IDN,2017,5.06978590134916,3798.88326174526,32.335806250688,Indonesia,East Asia & Pacific,Upper middle income,Jakarta,106.83,-6.19752,False
IDN,2018,5.17429153955024,3860.95353090726,39.9046386385762,Indonesia,East Asia & Pacific,Upper middle income,Jakarta,106.83,-6.19752,False
IDN,2019,5.01928768046282,4106.94856160358,47.6906489788375,Indonesia,East Asia & Pacific,Upper middle income,Jakarta,106.83,-6.19752,False
IDN,2020,-2.06551182934165,3853.70288774146,53.72649449,Indonesia,East Asia & Pacific,Upper middle income,Jakarta,106.83,-6.19752,False
IDN,2021,3.70288562827751,4287.17313995098,62.10447842,Indonesia,East Asia & Pacific,Upper middle income,Jakarta,106.83,-6.19752,False
IDN,2022,5.30719722664799,4730.83484836107,66.48461277,Indonesia,East Asia & Pacific,Upper middle income,Jakarta,106.83,-6.19752,False
IDN,2023,5.04883117855516,4876.2992959843,69.20836554,Indonesia,East Asia & Pacific,Upper middle income,Jakarta,106.83,-6.19752,False
IDN,2024,5.03257477088519,4925.43644992666,72.78075544,Indonesia,East Asia & Pacific,Upper middle income,Jakarta,106.83,-6.19752,False
IMN,2000,5.30000152552805,21161.3963073772,,Isle of Man,Europe & Central Asia,High income,Douglas,-4.47928,54.1509,False
IMN,2001,5.39999903126116,21819.7123825606,,Isle of Man,Europe & Central Asia,High income,Douglas,-4.47928,54.1509,False
IMN,2002,6.19999819490684,24471.0798814847,,Isle of Man,Europe & Central Asia,High income,Douglas,-4.47928,54.1509,False
IMN,2003,5.99999968812641,28861.6178062918,,Isle of Man,Europe & Central Asia,High income,Douglas,-4.47928,54.1509,False
IMN,2004,5.20000310402496,35564.6023910146,,Isle of Man,Europe & Central Asia,High income,Douglas,-4.47928,54.1509,False
IMN,2005,5.89999933576675,38135.8597885858,,Isle of Man,Europe & Central Asia,High income,Douglas,-4.47928,54.1509,False
IMN,2006,7.69999871253432,42627.5089352891,,Isle of Man,Europe & Central Asia,High income,Douglas,-4.47928,54.1509,False
IMN,2007,7.50000022988817,55040.2437046236,,Isle of Man,Europe & Central Asia,High income,Douglas,-4.47928,54.1509,False
IMN,2008,4.90000100081545,72276.7741329461,,Isle of Man,Europe & Central Asia,High income,Douglas,-4.47928,54.1509,False
IMN,2009,2.10000027181374,66156.105656847,,Isle of Man,Europe & Central Asia,High income,Douglas,-4.47928,54.1509,False
IMN,2010,3.39999842395957,70587.3140283741,,Isle of Man,Europe & Central Asia,High income,Douglas,-4.47928,54.1509,False
IMN,2011,1.99999938207415,77808.8579649376,,Isle of Man,Europe & Central Asia,High income,Douglas,-4.47928,54.1509,False
IMN,2012,7.30389108511717,79329.2034347434,,Isle of Man,Europe & Central Asia,High income,Douglas,-4.47928,54.1509,False
IMN,2013,4.14186158753493,83207.6588430451,,Isle of Man,Europe & Central Asia,High income,Douglas,-4.47928,54.1509,False
IMN,2014,5.15509983748599,91885.4528718026,,Isle of Man,Europe & Central Asia,High income,Douglas,-4.47928,54.1509,False
IMN,2015,-0.385866882198087,84753.5187422732,,Isle of Man,Europe & Central Asia,High income,Douglas,-4.47928,54.1509,False
IMN,2016,6.95230284899407,82025.9454509241,,Isle of Man,Europe & Central Asia,High income,Douglas,-4.47928,54.1509,False
IMN,2017,2.83775807093689,83481.3038489014,,Isle of Man,Europe & Central Asia,High income,Douglas,-4.47928,54.1509,False
IMN,2018,2.2133975392251,89393.8244248812,,Isle of Man,Europe & Central Asia,High income,Douglas,-4.47928,54.1509,False
IMN,2019,0.254877847398262,87127.5517977404,,Isle of Man,Europe & Central Asia,High income,Douglas,-4.47928,54.1509,False
IMN,2020,-8.83681697473475,79513.5330346598,,Isle of Man,Europe & Central Asia,High income,Douglas,-4.47928,54.1509,False
IMN,2021,3.83783632334639,94299.969348965,,Isle of Man,Europe & Central Asia,High income,Douglas,-4.47928,54.1509,False
IMN,2022,-4.16847722466753,88328.548125887,,Isle of Man,Europe & Central Asia,High income,Douglas,-4.47928,54.1509,False
IMN,2023,-2.03524496955581,90015.2074234398,,Isle of Man,Europe & Central Asia,High income,Douglas,-4.47928,54.1509,False
IND,2000,3.84099115686554,442.750218937263,0.527532449930946,India,South Asia,Lower middle income,New Delhi,77.225,28.6353,False
IND,2001,4.82396626397303,450.357900514128,0.660146377009928,India,South Asia,Lower middle income,New Delhi,77.225,28.6353,False
IND,2002,3.80397532120038,469.149928973927,1.53787558175083,India,South Asia,Lower middle income,New Delhi,77.225,28.6353,False
IND,2003,7.86038147545045,544.143133545002,1.68648997063625,India,South Asia,Lower middle income,New Delhi,77.225,28.6353,False
IND,2004,7.92293661307978,624.258826510066,1.97613649190559,India,South Asia,Lower middle income,New Delhi,77.225,28.6353,False
IND,2005,7.92343062131789,710.488080408949,2.388099909,India,South Asia,Lower middle income,New Delhi,77.225,28.6353,False
IND,2006,8.06073257305057,801.668353659022,2.80549986534254,India,South Asia,Lower middle income,New Delhi,77.225,28.6353,False
IND,2007,7.66081506510766,1021.88707706826,3.95,India,South Asia,Lower middle income,New Delhi,77.225,28.6353,False
IND,2008,3.08669805950082,992.519584923828,4.38,India,South Asia,Lower middle income,New Delhi,77.225,28.6353,False
IND,2009,7.8618888330338,1094.94974598436,5.12,India,South Asia,Lower middle income,New Delhi,77.225,28.6353,False
IND,2010,8.49758470165625,1347.51939071367,7.5,India,South Asia,Lower middle income,New Delhi,77.225,28.6353,False
IND,2011,5.24131620024293,1445.46127486037,10.07,India,South Asia,Lower middle income,New Delhi,77.225,28.6353,False
IND,2012,5.45638755164772,1429.32199520032,11.10000038,India,South Asia,Lower middle income,New Delhi,77.225,28.6353,False
IND,2013,6.38610640091713,1432.84397512195,12.30000019,India,South Asia,Lower middle income,New Delhi,77.225,28.6353,False
IND,2014,7.41022760516977,1553.88396075118,13.5,India,South Asia,Lower middle income,New Delhi,77.225,28.6353,False
IND,2015,7.99625378567987,1583.99815907985,14.89999962,India,South Asia,Lower middle income,New Delhi,77.225,28.6353,False
IND,2016,8.25630550176662,1707.50892912243,16.5,India,South Asia,Lower middle income,New Delhi,77.225,28.6353,False
IND,2017,6.79538341902422,1950.10468280866,18.20000076,India,South Asia,Lower middle income,New Delhi,77.225,28.6353,False
IND,2018,6.45385134495295,1966.25455171679,20.0813000379384,India,South Asia,Lower middle income,New Delhi,77.225,28.6353,False
IND,2019,3.87143694070524,2041.42863698585,29.52350044,India,South Asia,Lower middle income,New Delhi,77.225,28.6353,False
IND,2020,-5.77772470687303,1907.04251637669,43.40544313,India,South Asia,Lower middle income,New Delhi,77.225,28.6353,False
IND,2021,9.68959249191741,2239.61384367482,49.2580986,India,South Asia,Lower middle income,New Delhi,77.225,28.6353,False
IND,2022,7.6093649776932,2279.98145719369,55.9,India,South Asia,Lower middle income,New Delhi,77.225,28.6353,False
IND,2023,7.210224629335,2434.44826340989,60.25230026,India,South Asia,Lower middle income,New Delhi,77.225,28.6353,False
IND,2024,7.09927893176518,2591.9916607122,64.9434967,India,South Asia,Lower middle income,New Delhi,77.225,28.6353,False
IRL,2000,9.40352476399653,26334.5672050501,17.8504672405807,Ireland,Europe & Central Asia,High income,Dublin,-6.26749,53.3441,False
IRL,2001,5.30582133514299,28282.409882073,23.1388121904053,Ireland,Europe & Central Asia,High income,Dublin,-6.26749,53.3441,False
IRL,2002,5.89936506079005,32705.4345565698,25.85,Ireland,Europe & Central Asia,High income,Dublin,-6.26749,53.3441,False
IRL,2003,3.01383869396012,41203.5295847568,34.31,Ireland,Europe & Central Asia,High income,Dublin,-6.26749,53.3441,False
IRL,2004,6.78813990621356,47754.2023194244,36.99,Ireland,Europe & Central Asia,High income,Dublin,-6.26749,53.3441,False
IRL,2005,5.73978202625278,50933.0216095589,41.61,Ireland,Europe & Central Asia,High income,Dublin,-6.26749,53.3441,False
IRL,2006,4.98785364537615,54329.1618599624,54.82,Ireland,Europe & Central Asia,High income,Dublin,-6.26749,53.3441,False
IRL,2007,5.31011830898613,61396.417461176,61.158324551,Ireland,Europe & Central Asia,High income,Dublin,-6.26749,53.3441,False
IRL,2008,-4.48407081043062,61353.1065629523,65.34,Ireland,Europe & Central Asia,High income,Dublin,-6.26749,53.3441,False
IRL,2009,-5.09578277913846,52133.0906162544,67.38,Ireland,Europe & Central Asia,High income,Dublin,-6.26749,53.3441,False
IRL,2010,1.68297175486512,48623.9666422487,69.85,Ireland,Europe & Central Asia,High income,Dublin,-6.26749,53.3441,False
IRL,2011,1.60886648916944,52613.8540355689,74.8899729670944,Ireland,Europe & Central Asia,High income,Dublin,-6.26749,53.3441,False
IRL,2012,-0.40502941658977,49335.8408099555,76.919992540097,Ireland,Europe & Central Asia,High income,Dublin,-6.26749,53.3441,False
IRL,2013,2.1929375750029,52537.6108648692,78.2477,Ireland,Europe & Central Asia,High income,Dublin,-6.26749,53.3441,False
IRL,2014,9.38579335130922,57214.5379785709,83.4917223351728,Ireland,Europe & Central Asia,High income,Dublin,-6.26749,53.3441,False
IRL,2015,24.6239856364006,64250.1385181257,83.4947916666667,Ireland,Europe & Central Asia,High income,Dublin,-6.26749,53.3441,False
IRL,2016,1.22271661130947,64129.5571542383,83.5,Ireland,Europe & Central Asia,High income,Dublin,-6.26749,53.3441,False
IRL,2017,10.1088576065965,72161.4047531385,84.1140070623844,Ireland,Europe & Central Asia,High income,Dublin,-6.26749,53.3441,False
IRL,2018,7.68865937437435,80804.1123164826,87.0001401148942,Ireland,Europe & Central Asia,High income,Dublin,-6.26749,53.3441,False
IRL,2019,4.97288003766816,81827.6688873996,87.0000552425146,Ireland,Europe & Central Asia,High income,Dublin,-6.26749,53.3441,False
IRL,2020,7.15369505735335,86514.0706108754,91.99989097,Ireland,Europe & Central Asia,High income,Dublin,-6.26749,53.3441,False
IRL,2021,16.2581881158197,103783.446284479,93.50610352,Ireland,Europe & Central Asia,High income,Dublin,-6.26749,53.3441,False
IRL,2022,7.51113888415304,105190.685952731,95.03690338,Ireland,Europe & Central Asia,High income,Dublin,-6.26749,53.3441,False
IRL,2023,-2.53637409313261,106818.917130804,96.8660965,Ireland,Europe & Central Asia,High income,Dublin,-6.26749,53.3441,False
IRL,2024,2.59946721553708,112894.953240805,97.18769836,Ireland,Europe & Central Asia,High income,Dublin,-6.26749,53.3441,False
IRN,2000,5.84552747578209,1650.01385833785,0.934190019959829,"Iran, Islamic Rep.","Middle East, North Africa, Afghanistan & Pakistan",Upper middle income,Tehran,51.4447,35.6878,False
IRN,2001,2.39217271207868,1881.02266635283,1.48422133163363,"Iran, Islamic Rep.","Middle East, North Africa, Afghanistan & Pakistan",Upper middle income,Tehran,51.4447,35.6878,False
IRN,2002,8.07882927975243,1891.25756091033,4.62617511492205,"Iran, Islamic Rep.","Middle East, North Africa, Afghanistan & Pakistan",Upper middle income,Tehran,51.4447,35.6878,False
IRN,2003,8.6392983972006,2208.99636552406,6.93372195304053,"Iran, Islamic Rep.","Middle East, North Africa, Afghanistan & Pakistan",Upper middle income,Tehran,51.4447,35.6878,False
IRN,2004,4.33666597851041,2672.4226651404,7.49,"Iran, Islamic Rep.","Middle East, North Africa, Afghanistan & Pakistan",Upper middle income,Tehran,51.4447,35.6878,False
IRN,2005,3.18980408728824,3132.0508192007,8.100000381,"Iran, Islamic Rep.","Middle East, North Africa, Afghanistan & Pakistan",Upper middle income,Tehran,51.4447,35.6878,False
IRN,2006,4.99979526181222,3618.91601364428,8.760000229,"Iran, Islamic Rep.","Middle East, North Africa, Afghanistan & Pakistan",Upper middle income,Tehran,51.4447,35.6878,False
IRN,2007,8.15577352358517,4687.99166260718,9.470000267,"Iran, Islamic Rep.","Middle East, North Africa, Afghanistan & Pakistan",Upper middle income,Tehran,51.4447,35.6878,False
IRN,2008,0.250856553493634,5377.4115072957,12.02,"Iran, Islamic Rep.","Middle East, North Africa, Afghanistan & Pakistan",Upper middle income,Tehran,51.4447,35.6878,False
IRN,2009,1.00738545790475,5415.52280553446,13.80000019,"Iran, Islamic Rep.","Middle East, North Africa, Afghanistan & Pakistan",Upper middle income,Tehran,51.4447,35.6878,False
IRN,2010,5.79793830169604,6291.19443655454,15.9,"Iran, Islamic Rep.","Middle East, North Africa, Afghanistan & Pakistan",Upper middle income,Tehran,51.4447,35.6878,False
IRN,2011,2.6457179180628,8025.68743364356,19.0,"Iran, Islamic Rep.","Middle East, North Africa, Afghanistan & Pakistan",Upper middle income,Tehran,51.4447,35.6878,False
IRN,2012,-3.74717139864109,8114.08099831877,22.73,"Iran, Islamic Rep.","Middle East, North Africa, Afghanistan & Pakistan",Upper middle income,Tehran,51.4447,35.6878,False
IRN,2013,-1.52197920494184,6222.74194840326,29.95,"Iran, Islamic Rep.","Middle East, North Africa, Afghanistan & Pakistan",Upper middle income,Tehran,51.4447,35.6878,False
IRN,2014,4.98477506709476,5672.06372896319,39.353614505223,"Iran, Islamic Rep.","Middle East, North Africa, Afghanistan & Pakistan",Upper middle income,Tehran,51.4447,35.6878,False
IRN,2015,-1.42488493937503,4952.73355532178,45.3349761533285,"Iran, Islamic Rep.","Middle East, North Africa, Afghanistan & Pakistan",Upper middle income,Tehran,51.4447,35.6878,False
IRN,2016,8.8150866425182,5710.59947089104,53.2267716709857,"Iran, Islamic Rep.","Middle East, North Africa, Afghanistan & Pakistan",Upper middle income,Tehran,51.4447,35.6878,False
IRN,2017,3.02685468694025,6000.93346404409,64.0439736249513,"Iran, Islamic Rep.","Middle East, North Africa, Afghanistan & Pakistan",Upper middle income,Tehran,51.4447,35.6878,False
IRN,2018,-3.74796015711334,4783.01067340237,70.2005650008363,"Iran, Islamic Rep.","Middle East, North Africa, Afghanistan & Pakistan",Upper middle income,Tehran,51.4447,35.6878,False
IRN,2019,-2.36143538770575,3997.4935449585,72.4509047672065,"Iran, Islamic Rep.","Middle East, North Africa, Afghanistan & Pakistan",Upper middle income,Tehran,51.4447,35.6878,False
IRN,2020,4.44180865358672,3202.50003502169,75.56986637,"Iran, Islamic Rep.","Middle East, North Africa, Afghanistan & Pakistan",Upper middle income,Tehran,51.4447,35.6878,False
IRN,2021,4.13089685034471,4605.14881318992,78.5957366,"Iran, Islamic Rep.","Middle East, North Africa, Afghanistan & Pakistan",Upper middle income,Tehran,51.4447,35.6878,False
IRN,2022,4.35281087521344,4721.20437099984,81.71649933,"Iran, Islamic Rep.","Middle East, North Africa, Afghanistan & Pakistan",Upper middle income,Tehran,51.4447,35.6878,False
IRN,2023,5.33235116079808,5049.29931642754,83.71050262,"Iran, Islamic Rep.","Middle East, North Africa, Afghanistan & Pakistan",Upper middle income,Tehran,51.4447,35.6878,False
IRN,2024,3.66312057949303,5190.16959024821,85.3404007,"Iran, Islamic Rep.","Middle East, North Africa, Afghanistan & Pakistan",Upper middle income,Tehran,51.4447,35.6878,False
IRQ,2000,16.7961344439661,1980.18916038782,,Iraq,"Middle East, North Africa, Afghanistan & Pakistan",Upper middle income,Baghdad,44.394,33.3302,True
IRQ,2001,1.76660876568174,1435.695683789,0.1,Iraq,"Middle East, North Africa, Afghanistan & Pakistan",Upper middle income,Baghdad,44.394,33.3302,True
IRQ,2002,-8.20370481187175,1266.15961275094,0.5,Iraq,"Middle East, North Africa, Afghanistan & Pakistan",Upper middle income,Baghdad,44.394,33.3302,True
IRQ,2003,-36.6567804383165,817.887862499622,0.6,Iraq,"Middle East, North Africa, Afghanistan & Pakistan",Upper middle income,Baghdad,44.394,33.3302,True
IRQ,2004,53.3855472887501,1328.37157628292,0.9,Iraq,"Middle East, North Africa, Afghanistan & Pakistan",Upper middle income,Baghdad,44.394,33.3302,True
IRQ,2005,1.67522863586828,1762.39360423421,0.899999976,Iraq,"Middle East, North Africa, Afghanistan & Pakistan",Upper middle income,Baghdad,44.394,33.3302,True
IRQ,2006,5.63829915220637,2276.55435744086,0.95234424383919,Iraq,"Middle East, North Africa, Afghanistan & Pakistan",Upper middle income,Baghdad,44.394,33.3302,True
IRQ,2007,1.88853936243953,3128.99010329066,0.93,Iraq,"Middle East, North Africa, Afghanistan & Pakistan",Upper middle income,Baghdad,44.394,33.3302,True
IRQ,2008,8.22810710383277,4542.96609046032,1.0,Iraq,"Middle East, North Africa, Afghanistan & Pakistan",Upper middle income,Baghdad,44.394,33.3302,True
IRQ,2009,3.37929909442771,3714.71205987194,1.06,Iraq,"Middle East, North Africa, Afghanistan & Pakistan",Upper middle income,Baghdad,44.394,33.3302,True
IRQ,2010,6.40256484471193,4461.75196161555,2.5,Iraq,"Middle East, North Africa, Afghanistan & Pakistan",Upper middle income,Baghdad,44.394,33.3302,True
IRQ,2011,7.546471200426,5775.54229080293,5.0,Iraq,"Middle East, North Africa, Afghanistan & Pakistan",Upper middle income,Baghdad,44.394,33.3302,True
IRQ,2012,13.9364301737537,6477.59618450955,7.099999905,Iraq,"Middle East, North Africa, Afghanistan & Pakistan",Upper middle income,Baghdad,44.394,33.3302,True
IRQ,2013,7.62828592298754,6650.35282247395,9.199999809,Iraq,"Middle East, North Africa, Afghanistan & Pakistan",Upper middle income,Baghdad,44.394,33.3302,True
IRQ,2014,2.26368817563613,6249.39226978969,11.6453267304545,Iraq,"Middle East, North Africa, Afghanistan & Pakistan",Upper middle income,Baghdad,44.394,33.3302,True
IRQ,2015,2.60676642939541,4440.14189252367,15.21440029,Iraq,"Middle East, North Africa, Afghanistan & Pakistan",Upper middle income,Baghdad,44.394,33.3302,True
IRQ,2016,13.7873730187089,4334.42096404188,19.87719917,Iraq,"Middle East, North Africa, Afghanistan & Pakistan",Upper middle income,Baghdad,44.394,33.3302,True
IRQ,2017,-1.81975035118309,4759.2846435467,25.96920013,Iraq,"Middle East, North Africa, Afghanistan & Pakistan",Upper middle income,Baghdad,44.394,33.3302,True
IRQ,2018,2.63385099105624,5646.68932074742,33.92810059,Iraq,"Middle East, North Africa, Afghanistan & Pakistan",Upper middle income,Baghdad,44.394,33.3302,True
IRQ,2019,5.5137905789381,5671.8568632942,44.3263465511579,Iraq,"Middle East, North Africa, Afghanistan & Pakistan",Upper middle income,Baghdad,44.394,33.3302,True
IRQ,2020,-12.0367930960454,4295.18945121228,53.67779922,Iraq,"Middle East, North Africa, Afghanistan & Pakistan",Upper middle income,Baghdad,44.394,33.3302,True
IRQ,2021,1.5021807095434,4868.49431080783,65.00219727,Iraq,"Middle East, North Africa, Afghanistan & Pakistan",Upper middle income,Baghdad,44.394,33.3302,True
IRQ,2022,7.95904804990212,6520.73154560584,78.71560926,Iraq,"Middle East, North Africa, Afghanistan & Pakistan",Upper middle income,Baghdad,44.394,33.3302,True
IRQ,2023,0.517705525140073,5965.31835077761,81.80889893,Iraq,"Middle East, North Africa, Afghanistan & Pakistan",Upper middle income,Baghdad,44.394,33.3302,True
IRQ,2024,-1.54525198319173,6073.61032342708,81.47450256,Iraq,"Middle East, North Africa, Afghanistan & Pakistan",Upper middle income,Baghdad,44.394,33.3302,True
ISL,2000,4.90518213950493,32503.578963236,44.470533824288,Iceland,Europe & Central Asia,High income,Reykjavik,-21.8952,64.1353,False
ISL,2001,3.84093935332692,29208.1981853568,49.3929953676426,Iceland,Europe & Central Asia,High income,Reykjavik,-21.8952,64.1353,False
ISL,2002,0.542286728290463,32749.379004627,79.12,Iceland,Europe & Central Asia,High income,Reykjavik,-21.8952,64.1353,False
ISL,2003,2.28136971847135,39944.2104095591,83.14,Iceland,Europe & Central Asia,High income,Reykjavik,-21.8952,64.1353,False
ISL,2004,7.62260520494142,47809.6073050042,83.88,Iceland,Europe & Central Asia,High income,Reykjavik,-21.8952,64.1353,False
ISL,2005,7.02934061160924,57783.7745608117,87.0,Iceland,Europe & Central Asia,High income,Reykjavik,-21.8952,64.1353,False
ISL,2006,5.67161248703039,58172.1426656622,89.51,Iceland,Europe & Central Asia,High income,Reykjavik,-21.8952,64.1353,False
ISL,2007,8.74132941862472,70483.0117228535,90.6,Iceland,Europe & Central Asia,High income,Reykjavik,-21.8952,64.1353,False
ISL,2008,1.69961072411662,57489.3399795216,91.0,Iceland,Europe & Central Asia,High income,Reykjavik,-21.8952,64.1353,False
ISL,2009,-8.32146414938261,41483.7843682814,93.0,Iceland,Europe & Central Asia,High income,Reykjavik,-21.8952,64.1353,False
ISL,2010,-2.22181843777449,43776.4677400475,93.39,Iceland,Europe & Central Asia,High income,Reykjavik,-21.8952,64.1353,False
ISL,2011,1.37999669197329,48254.953927254,94.8196868008949,Iceland,Europe & Central Asia,High income,Reykjavik,-21.8952,64.1353,False
ISL,2012,1.16931174934061,46594.9869146614,96.2097995545657,Iceland,Europe & Central Asia,High income,Reykjavik,-21.8952,64.1353,False
ISL,2013,3.59695697128252,50173.3360061057,96.5468,Iceland,Europe & Central Asia,High income,Reykjavik,-21.8952,64.1353,False
ISL,2014,1.91381613095174,55140.364935793,98.1580233097118,Iceland,Europe & Central Asia,High income,Reykjavik,-21.8952,64.1353,False
ISL,2015,3.76859020213645,53505.6964079339,98.19999695,Iceland,Europe & Central Asia,High income,Reykjavik,-21.8952,64.1353,False
ISL,2016,6.21808764670307,62854.0906407932,98.23999786,Iceland,Europe & Central Asia,High income,Reykjavik,-21.8952,64.1353,False
ISL,2017,3.48506704155555,72976.3729990975,98.2552011867973,Iceland,Europe & Central Asia,High income,Reykjavik,-21.8952,64.1353,False
ISL,2018,4.66077036232377,75633.8651351915,99.0109539916991,Iceland,Europe & Central Asia,High income,Reykjavik,-21.8952,64.1353,False
ISL,2019,1.13821227336888,69296.3144361601,99.5049411693787,Iceland,Europe & Central Asia,High income,Reykjavik,-21.8952,64.1353,False
ISL,2020,-6.64587810456635,60127.9393575616,99.5327519,Iceland,Europe & Central Asia,High income,Reykjavik,-21.8952,64.1353,False
ISL,2021,5.18057190719905,70425.4064277273,99.68701957,Iceland,Europe & Central Asia,High income,Reykjavik,-21.8952,64.1353,False
ISL,2022,8.85729897856851,76376.9599334915,97.58339691,Iceland,Europe & Central Asia,High income,Reykjavik,-21.8952,64.1353,False
ISL,2023,5.0322597376242,82201.2908518078,97.94860077,Iceland,Europe & Central Asia,High income,Reykjavik,-21.8952,64.1353,False
ISL,2024,-1.2828764442695,85863.1479330343,98.209198,Iceland,Europe & Central Asia,High income,Reykjavik,-21.8952,64.1353,False
ISR,2000,8.59152200608253,21690.237340061,20.8737899981674,Israel,"Middle East, North Africa, Afghanistan & Pakistan",High income,,35.2035,31.7717,False
ISR,2001,0.270471415054473,20948.7745727671,17.3786238639049,Israel,"Middle East, North Africa, Afghanistan & Pakistan",High income,,35.2035,31.7717,False
ISR,2002,-0.152880392675172,19058.7462869465,17.7645990630493,Israel,"Middle East, North Africa, Afghanistan & Pakistan",High income,,35.2035,31.7717,False
ISR,2003,1.43455918035305,19624.0321412582,19.5933936579649,Israel,"Middle East, North Africa, Afghanistan & Pakistan",High income,,35.2035,31.7717,False
ISR,2004,4.64944459908543,20550.0694706176,22.7704855254035,Israel,"Middle East, North Africa, Afghanistan & Pakistan",High income,,35.2035,31.7717,False
ISR,2005,4.35256427740218,21261.7474251846,25.19400024,Israel,"Middle East, North Africa, Afghanistan & Pakistan",High income,,35.2035,31.7717,False
ISR,2006,5.59106550120008,22499.7541717986,27.8810997,Israel,"Middle East, North Africa, Afghanistan & Pakistan",High income,,35.2035,31.7717,False
ISR,2007,6.31307137087018,25688.901610248,48.1280621948445,Israel,"Middle East, North Africa, Afghanistan & Pakistan",High income,,35.2035,31.7717,False
ISR,2008,3.2158134842205,30231.0191013609,59.39,Israel,"Middle East, North Africa, Afghanistan & Pakistan",High income,,35.2035,31.7717,False
ISR,2009,1.22017480850096,28469.6817348489,63.12,Israel,"Middle East, North Africa, Afghanistan & Pakistan",High income,,35.2035,31.7717,False
ISR,2010,5.54470607068944,31398.9266927022,67.5,Israel,"Middle East, North Africa, Afghanistan & Pakistan",High income,,35.2035,31.7717,False
ISR,2011,5.51341969081251,34476.7252065949,68.8738779907441,Israel,"Middle East, North Africa, Afghanistan & Pakistan",High income,,35.2035,31.7717,False
ISR,2012,2.40993765217618,33268.7066672115,70.8,Israel,"Middle East, North Africa, Afghanistan & Pakistan",High income,,35.2035,31.7717,False
ISR,2013,4.09013743330735,36980.622214228,70.250311945,Israel,"Middle East, North Africa, Afghanistan & Pakistan",High income,,35.2035,31.7717,False
ISR,2014,3.718144149431,38265.3651949373,75.0177531628076,Israel,"Middle East, North Africa, Afghanistan & Pakistan",High income,,35.2035,31.7717,False
ISR,2015,2.23599889603805,36138.13561386,77.3520896572253,Israel,"Middle East, North Africa, Afghanistan & Pakistan",High income,,35.2035,31.7717,False
ISR,2016,4.53601939236572,37571.2561196275,79.6531241815281,Israel,"Middle East, North Africa, Afghanistan & Pakistan",High income,,35.2035,31.7717,False
ISR,2017,4.34394518932547,41013.2575323519,81.5811835871611,Israel,"Middle East, North Africa, Afghanistan & Pakistan",High income,,35.2035,31.7717,False
ISR,2018,4.05349952888294,42269.3770257585,83.7331569615326,Israel,"Middle East, North Africa, Afghanistan & Pakistan",High income,,35.2035,31.7717,False
ISR,2019,3.57898762923605,44091.8678022544,86.7878776180583,Israel,"Middle East, North Africa, Afghanistan & Pakistan",High income,,35.2035,31.7717,False
ISR,2020,-1.80206927953466,44590.8237253282,90.12734091,Israel,"Middle East, North Africa, Afghanistan & Pakistan",High income,,35.2035,31.7717,False
ISR,2021,9.33534690236249,52258.4693499398,90.29689758,Israel,"Middle East, North Africa, Afghanistan & Pakistan",High income,,35.2035,31.7717,False
ISR,2022,6.36407234798706,54947.2091250715,91.85079615,Israel,"Middle East, North Africa, Afghanistan & Pakistan",High income,,35.2035,31.7717,False
ISR,2023,2.06272504731618,52126.4489280033,87.03842615,Israel,"Middle East, North Africa, Afghanistan & Pakistan",High income,,35.2035,31.7717,False
ISR,2024,0.953618469238535,54216.5218142787,88.18242225,Israel,"Middle East, North Africa, Afghanistan & Pakistan",High income,,35.2035,31.7717,False
ITA,2000,3.88209885062652,20190.0035636084,23.1108742441037,Italy,Europe & Central Asia,High income,Rome,12.4823,41.8955,False
ITA,2001,2.00643329837733,20570.4385917862,27.2221169788811,Italy,Europe & Central Asia,High income,Rome,12.4823,41.8955,False
ITA,2002,0.26992966378873,22451.3964379368,28.04,Italy,Europe & Central Asia,High income,Rome,12.4823,41.8955,False
ITA,2003,0.0665538088732092,27577.5700319855,29.04,Italy,Europe & Central Asia,High income,Rome,12.4823,41.8955,False
ITA,2004,1.4740217064723,31348.1901841445,33.24,Italy,Europe & Central Asia,High income,Rome,12.4823,41.8955,False
ITA,2005,0.762410677306491,32062.723833669,35.0,Italy,Europe & Central Asia,High income,Rome,12.4823,41.8955,False
ITA,2006,1.79947992234244,33537.1286994269,37.99,Italy,Europe & Central Asia,High income,Rome,12.4823,41.8955,False
ITA,2007,1.46229205289291,37826.1754554823,40.79,Italy,Europe & Central Asia,High income,Rome,12.4823,41.8955,False
ITA,2008,-1.02313851177097,40828.5795580937,44.53,Italy,Europe & Central Asia,High income,Rome,12.4823,41.8955,False
ITA,2009,-5.30515401233991,37099.6133958219,48.83,Italy,Europe & Central Asia,High income,Rome,12.4823,41.8955,False
ITA,2010,1.52910573247101,35856.8625485539,53.68,Italy,Europe & Central Asia,High income,Rome,12.4823,41.8955,False
ITA,2011,0.695463154440176,38432.3742820019,54.3899983018814,Italy,Europe & Central Asia,High income,Rome,12.4823,41.8955,False
ITA,2012,-3.12523877282996,34854.3949441965,55.829997993283,Italy,Europe & Central Asia,High income,Rome,12.4823,41.8955,False
ITA,2013,-1.81802510749792,35701.6746002376,58.4593,Italy,Europe & Central Asia,High income,Rome,12.4823,41.8955,False
ITA,2014,-0.00138761730454462,36028.3494022349,55.6384602242293,Italy,Europe & Central Asia,High income,Rome,12.4823,41.8955,False
ITA,2015,0.885667635240807,30639.8829751432,58.1417349568747,Italy,Europe & Central Asia,High income,Rome,12.4823,41.8955,False
ITA,2016,1.23622108511661,31391.5692898108,61.3242527666303,Italy,Europe & Central Asia,High income,Rome,12.4823,41.8955,False
ITA,2017,1.60369995294101,32844.115660604,63.0773469984291,Italy,Europe & Central Asia,High income,Rome,12.4823,41.8955,False
ITA,2018,0.826646712344115,35062.3364176949,74.3871829234822,Italy,Europe & Central Asia,High income,Rome,12.4823,41.8955,False
ITA,2019,0.429162533780342,33812.788724868,67.8507102874836,Italy,Europe & Central Asia,High income,Rome,12.4823,41.8955,False
ITA,2020,-8.86822122185345,32091.4866621366,70.48342785,Italy,Europe & Central Asia,High income,Rome,12.4823,41.8955,False
ITA,2021,8.93106210800055,36852.5425414951,74.8623274,Italy,Europe & Central Asia,High income,Rome,12.4823,41.8955,False
ITA,2022,4.82117669913565,35653.9042103495,85.06074504,Italy,Europe & Central Asia,High income,Rome,12.4823,41.8955,False
ITA,2023,0.922796543670316,39279.699782164,87.0278292,Italy,Europe & Central Asia,High income,Rome,12.4823,41.8955,False
ITA,2024,0.783039135276795,40429.6224047352,89.2207202,Italy,Europe & Central Asia,High income,Rome,12.4823,41.8955,False
JAM,2000,0.87870355044231,3453.09252800226,3.11577802729967,Jamaica,Latin America & Caribbean ,Upper middle income,Kingston,-76.792,17.9927,False
JAM,2001,1.34492956615135,3503.55026688858,3.8630203874764,Jamaica,Latin America & Caribbean ,Upper middle income,Kingston,-76.792,17.9927,False
JAM,2002,1.99729094191295,3680.64551727724,6.1,Jamaica,Latin America & Caribbean ,Upper middle income,Kingston,-76.792,17.9927,False
JAM,2003,3.66631759041991,3549.70758394618,7.8,Jamaica,Latin America & Caribbean ,Upper middle income,Kingston,-76.792,17.9927,False
JAM,2004,1.32372510450574,3807.56293124552,10.0,Jamaica,Latin America & Caribbean ,Upper middle income,Kingston,-76.792,17.9927,False
JAM,2005,0.893797935409893,4184.43974867497,12.80000019,Jamaica,Latin America & Caribbean ,Upper middle income,Kingston,-76.792,17.9927,False
JAM,2006,2.89912534481287,4417.00127135363,16.39999962,Jamaica,Latin America & Caribbean ,Upper middle income,Kingston,-76.792,17.9927,False
JAM,2007,1.43195403769627,4716.48612542727,21.10000038,Jamaica,Latin America & Caribbean ,Upper middle income,Kingston,-76.792,17.9927,False
JAM,2008,-0.811736702186792,5029.80095281745,23.6,Jamaica,Latin America & Caribbean ,Upper middle income,Kingston,-76.792,17.9927,False
JAM,2009,-4.34530185828071,4428.38153333557,24.3,Jamaica,Latin America & Caribbean ,Upper middle income,Kingston,-76.792,17.9927,False
JAM,2010,-1.45714720850386,4809.977380312,27.67,Jamaica,Latin America & Caribbean ,Upper middle income,Kingston,-76.792,17.9927,False
JAM,2011,1.73037627006349,5232.63644918132,37.438613414848,Jamaica,Latin America & Caribbean ,Upper middle income,Kingston,-76.792,17.9927,False
JAM,2012,-0.613636042132399,5340.83333232158,33.79,Jamaica,Latin America & Caribbean ,Upper middle income,Kingston,-76.792,17.9927,False
JAM,2013,0.517686011311724,5124.21301411137,37.1,Jamaica,Latin America & Caribbean ,Upper middle income,Kingston,-76.792,17.9927,False
JAM,2014,0.689822359762587,4975.11325459872,40.4027351046672,Jamaica,Latin America & Caribbean ,Upper middle income,Kingston,-76.792,17.9927,False
JAM,2015,0.92148712399856,5339.30718256806,42.2212211907441,Jamaica,Latin America & Caribbean ,Upper middle income,Kingston,-76.792,17.9927,False
JAM,2016,2.76043761369557,5302.29553353854,44.3668563671334,Jamaica,Latin America & Caribbean ,Upper middle income,Kingston,-76.792,17.9927,False
JAM,2017,2.29303371291363,5605.43541173019,55.0720670507751,Jamaica,Latin America & Caribbean ,Upper middle income,Kingston,-76.792,17.9927,False
JAM,2018,2.51584458612513,5976.90362644337,68.2145170876072,Jamaica,Latin America & Caribbean ,Upper middle income,Kingston,-76.792,17.9927,False
JAM,2019,1.80943147301357,6030.68896415921,70.8410169743356,Jamaica,Latin America & Caribbean ,Upper middle income,Kingston,-76.792,17.9927,False
JAM,2020,-8.30441923583135,5299.04530804283,76.38400269,Jamaica,Latin America & Caribbean ,Upper middle income,Kingston,-76.792,17.9927,False
JAM,2021,5.70467978309095,5625.67806271236,82.36071561,Jamaica,Latin America & Caribbean ,Upper middle income,Kingston,-76.792,17.9927,False
JAM,2022,6.43930323656186,6626.47502388538,85.84329987,Jamaica,Latin America & Caribbean ,Upper middle income,Kingston,-76.792,17.9927,False
JAM,2023,2.74634433906714,7542.39855849054,89.47304282,Jamaica,Latin America & Caribbean ,Upper middle income,Kingston,-76.792,17.9927,False
JAM,2024,-0.535039063867487,7753.8119527678,90.10870361,Jamaica,Latin America & Caribbean ,Upper middle income,Kingston,-76.792,17.9927,False
JOR,2000,4.24571192079151,1570.61002940477,2.62327542156362,Jordan,"Middle East, North Africa, Afghanistan & Pakistan",Upper middle income,Amman,35.9263,31.9497,False
JOR,2001,5.26995757513606,1632.29454010563,4.70571958094159,Jordan,"Middle East, North Africa, Afghanistan & Pakistan",Upper middle income,Amman,35.9263,31.9497,False
JOR,2002,5.78380792679309,1706.26744384401,6.02553241191204,Jordan,"Middle East, North Africa, Afghanistan & Pakistan",Upper middle income,Amman,35.9263,31.9497,False
JOR,2003,4.16166755544363,1775.67625581432,8.46600501623938,Jordan,"Middle East, North Africa, Afghanistan & Pakistan",Upper middle income,Amman,35.9263,31.9497,False
JOR,2004,8.56721424236906,1940.08641342805,11.6587413706379,Jordan,"Middle East, North Africa, Afghanistan & Pakistan",Upper middle income,Amman,35.9263,31.9497,False
JOR,2005,8.1465948107994,2087.87079273635,12.93290043,Jordan,"Middle East, North Africa, Afghanistan & Pakistan",Upper middle income,Amman,35.9263,31.9497,False
JOR,2006,8.09297527811921,2342.63459574933,13.86709976,Jordan,"Middle East, North Africa, Afghanistan & Pakistan",Upper middle income,Amman,35.9263,31.9497,False
JOR,2007,8.17616995204655,2506.20599484139,20.0,Jordan,"Middle East, North Africa, Afghanistan & Pakistan",Upper middle income,Amman,35.9263,31.9497,False
JOR,2008,7.22038637280149,3669.83012701745,23.0,Jordan,"Middle East, North Africa, Afghanistan & Pakistan",Upper middle income,Amman,35.9263,31.9497,False
JOR,2009,5.11667226950634,3845.34388086274,26.0,Jordan,"Middle East, North Africa, Afghanistan & Pakistan",Upper middle income,Amman,35.9263,31.9497,False
JOR,2010,2.6377158262256,4139.04283161368,27.2,Jordan,"Middle East, North Africa, Afghanistan & Pakistan",Upper middle income,Amman,35.9263,31.9497,False
JOR,2011,2.90729315392207,4363.42800211536,34.9,Jordan,"Middle East, North Africa, Afghanistan & Pakistan",Upper middle income,Amman,35.9263,31.9497,False
JOR,2012,2.40465716535539,4593.83609729005,37.0,Jordan,"Middle East, North Africa, Afghanistan & Pakistan",Upper middle income,Amman,35.9263,31.9497,False
JOR,2013,2.72311205964112,4739.02253641778,41.4,Jordan,"Middle East, North Africa, Afghanistan & Pakistan",Upper middle income,Amman,35.9263,31.9497,False
JOR,2014,3.32287328047509,4610.60460269382,46.2,Jordan,"Middle East, North Africa, Afghanistan & Pakistan",Upper middle income,Amman,35.9263,31.9497,False
JOR,2015,2.52261671092148,4441.61896013754,54.22000122,Jordan,"Middle East, North Africa, Afghanistan & Pakistan",Upper middle income,Amman,35.9263,31.9497,False
JOR,2016,2.11166806967252,4366.06999647268,56.15000153,Jordan,"Middle East, North Africa, Afghanistan & Pakistan",Upper middle income,Amman,35.9263,31.9497,False
JOR,2017,2.50770398070352,4449.34618076611,64.5,Jordan,"Middle East, North Africa, Afghanistan & Pakistan",Upper middle income,Amman,35.9263,31.9497,False
JOR,2018,1.85383415616927,4533.97658437205,65.2,Jordan,"Middle East, North Africa, Afghanistan & Pakistan",Upper middle income,Amman,35.9263,31.9497,False
JOR,2019,1.85633006592765,4557.79334729121,70.08470154,Jordan,"Middle East, North Africa, Afghanistan & Pakistan",Upper middle income,Amman,35.9263,31.9497,False
JOR,2020,-1.15257534158022,4411.48321838396,78.4178009,Jordan,"Middle East, North Africa, Afghanistan & Pakistan",Upper middle income,Amman,35.9263,31.9497,False
JOR,2021,3.75201276755828,4581.71967230365,85.999997,Jordan,"Middle East, North Africa, Afghanistan & Pakistan",Upper middle income,Amman,35.9263,31.9497,False
JOR,2022,2.7468615450031,4754.41362207378,90.4999984,Jordan,"Middle East, North Africa, Afghanistan & Pakistan",Upper middle income,Amman,35.9263,31.9497,False
JOR,2023,3.12900102017251,4906.23543006639,92.53443944,Jordan,"Middle East, North Africa, Afghanistan & Pakistan",Upper middle income,Amman,35.9263,31.9497,False
JOR,2024,2.55605891810194,5073.92103605892,95.62244985,Jordan,"Middle East, North Africa, Afghanistan & Pakistan",Upper middle income,Amman,35.9263,31.9497,False
JPN,2000,2.97832688768516,39752.937397755,29.9907403589142,Japan,East Asia & Pacific,High income,Tokyo,139.77,35.67,False
JPN,2001,0.284608556379041,34910.166403687,38.5320608612719,Japan,East Asia & Pacific,High income,Tokyo,139.77,35.67,False
JPN,2002,0.0849888050363319,33315.9165174962,46.5942011179917,Japan,East Asia & Pacific,High income,Tokyo,139.77,35.67,False
JPN,2003,1.38010935830795,35808.6816792388,48.4352658899653,Japan,East Asia & Pacific,High income,Tokyo,139.77,35.67,False
JPN,2004,2.11294823723127,38677.5708064787,62.3939296327259,Japan,East Asia & Pacific,High income,Tokyo,139.77,35.67,False
JPN,2005,1.8482813374834,38158.6758263963,66.9210661042901,Japan,East Asia & Pacific,High income,Tokyo,139.77,35.67,False
JPN,2006,1.54630843078741,36354.4271646349,68.6852703213795,Japan,East Asia & Pacific,High income,Tokyo,139.77,35.67,False
JPN,2007,1.72837912865577,36129.9535132925,74.3,Japan,East Asia & Pacific,High income,Tokyo,139.77,35.67,False
JPN,2008,-1.16662209355141,40294.2081309702,75.4,Japan,East Asia & Pacific,High income,Tokyo,139.77,35.67,False
JPN,2009,-5.9359411383964,41678.1783063195,78.0,Japan,East Asia & Pacific,High income,Tokyo,139.77,35.67,False
JPN,2010,4.13645589222239,45378.1378109399,78.21,Japan,East Asia & Pacific,High income,Tokyo,139.77,35.67,False
JPN,2011,-0.20035785332982,49122.077634247,79.0541135244739,Japan,East Asia & Pacific,High income,Tokyo,139.77,35.67,False
JPN,2012,1.64893452981225,49626.6830327571,79.4964,Japan,East Asia & Pacific,High income,Tokyo,139.77,35.67,False
JPN,2013,1.99727653399265,41369.1948479498,88.219428911,Japan,East Asia & Pacific,High income,Tokyo,139.77,35.67,False
JPN,2014,0.905915486065865,39172.8471161948,89.1068330166075,Japan,East Asia & Pacific,High income,Tokyo,139.77,35.67,False
JPN,2015,1.79997735783475,35664.6446110613,91.0580283929962,Japan,East Asia & Pacific,High income,Tokyo,139.77,35.67,False
JPN,2016,0.704986495111257,40214.9688631562,93.1827212821617,Japan,East Asia & Pacific,High income,Tokyo,139.77,35.67,False
JPN,2017,1.62345062245441,39679.8635262948,91.7265472366635,Japan,East Asia & Pacific,High income,Tokyo,139.77,35.67,False
JPN,2018,0.834143845965585,40645.478086519,88.7463508901772,Japan,East Asia & Pacific,High income,Tokyo,139.77,35.67,False
JPN,2019,-0.308496921143259,41424.8655601543,92.7303978145525,Japan,East Asia & Pacific,High income,Tokyo,139.77,35.67,False
JPN,2020,-4.28327942675573,41098.9739004553,90.21945812,Japan,East Asia & Pacific,High income,Tokyo,139.77,35.67,False
JPN,2021,3.56419531474475,41580.739040705,82.91407928,Japan,East Asia & Pacific,High income,Tokyo,139.77,35.67,False
JPN,2022,1.33164750653741,35548.2645222433,84.92343147,Japan,East Asia & Pacific,High income,Tokyo,139.77,35.67,False
JPN,2023,0.720785304749811,35215.003535366,85.00990295,Japan,East Asia & Pacific,High income,Tokyo,139.77,35.67,False
JPN,2024,-0.240084236041696,33797.1014287876,85.54153081,Japan,East Asia & Pacific,High income,Tokyo,139.77,35.67,False
KAZ,2000,9.80000000214156,1180.0444563226,0.668594402621264,Kazakhstan,Europe & Central Asia,Upper middle income,Astana,71.4382,51.1879,False
KAZ,2001,13.4999999984358,1422.27331810957,1.00612421099739,Kazakhstan,Europe & Central Asia,Upper middle income,Astana,71.4382,51.1879,False
KAZ,2002,9.79999999960842,1573.55219932325,1.67477099516366,Kazakhstan,Europe & Central Asia,Upper middle income,Astana,71.4382,51.1879,False
KAZ,2003,9.30000000033759,1958.02050246511,2.00041475265872,Kazakhstan,Europe & Central Asia,Upper middle income,Astana,71.4382,51.1879,False
KAZ,2004,9.60000000136854,2722.47407755402,2.6503946570164,Kazakhstan,Europe & Central Asia,Upper middle income,Astana,71.4382,51.1879,False
KAZ,2005,9.69999999922682,3577.35804001782,2.961699963,Kazakhstan,Europe & Central Asia,Upper middle income,Astana,71.4382,51.1879,False
KAZ,2006,10.7,5030.13494711519,3.268399954,Kazakhstan,Europe & Central Asia,Upper middle income,Astana,71.4382,51.1879,False
KAZ,2007,8.89999999999405,6449.43931096532,4.02,Kazakhstan,Europe & Central Asia,Upper middle income,Astana,71.4382,51.1879,False
KAZ,2008,3.30000000021091,8123.54705891736,11.0,Kazakhstan,Europe & Central Asia,Upper middle income,Astana,71.4382,51.1879,False
KAZ,2009,1.19999999942873,6938.01175663001,18.2,Kazakhstan,Europe & Central Asia,Upper middle income,Astana,71.4382,51.1879,False
KAZ,2010,7.30000000329814,8793.07589980782,31.6,Kazakhstan,Europe & Central Asia,Upper middle income,Astana,71.4382,51.1879,False
KAZ,2011,7.40000000144188,11287.1464926039,50.6,Kazakhstan,Europe & Central Asia,Upper middle income,Astana,71.4382,51.1879,False
KAZ,2012,4.79999999528297,12018.7966527993,61.9066274652008,Kazakhstan,Europe & Central Asia,Upper middle income,Astana,71.4382,51.1879,False
KAZ,2013,5.99999999671084,13478.459627612,63.30422443,Kazakhstan,Europe & Central Asia,Upper middle income,Astana,71.4382,51.1879,False
KAZ,2014,4.20000000566705,12427.7094576939,66.0,Kazakhstan,Europe & Central Asia,Upper middle income,Astana,71.4382,51.1879,False
KAZ,2015,1.20000000053288,10196.1226255982,70.82993359566,Kazakhstan,Europe & Central Asia,Upper middle income,Astana,71.4382,51.1879,False
KAZ,2016,1.09999999910173,7475.56688689424,74.5877264735738,Kazakhstan,Europe & Central Asia,Upper middle income,Astana,71.4382,51.1879,False
KAZ,2017,4.10000000257358,8943.08416791984,76.4267482325439,Kazakhstan,Europe & Central Asia,Upper middle income,Astana,71.4382,51.1879,False
KAZ,2018,4.09999999309841,9472.48527327758,78.9039190578816,Kazakhstan,Europe & Central Asia,Upper middle income,Astana,71.4382,51.1879,False
KAZ,2019,4.50000000091883,9457.12614657136,81.8776204746284,Kazakhstan,Europe & Central Asia,Upper middle income,Astana,71.4382,51.1879,False
KAZ,2020,-2.49999999628,8781.50797787648,85.94259898,Kazakhstan,Europe & Central Asia,Upper middle income,Astana,71.4382,51.1879,False
KAZ,2021,4.29999999729456,9983.60103576902,90.9239507,Kazakhstan,Europe & Central Asia,Upper middle income,Astana,71.4382,51.1879,False
KAZ,2022,3.19999999970734,11255.3396437881,92.29685266,Kazakhstan,Europe & Central Asia,Upper middle income,Astana,71.4382,51.1879,False
KAZ,2023,5.09999999973641,12879.4275257974,92.87846096,Kazakhstan,Europe & Central Asia,Upper middle income,Astana,71.4382,51.1879,False
KAZ,2024,4.99999999996936,14154.6324958076,93.39167254,Kazakhstan,Europe & Central Asia,Upper middle income,Astana,71.4382,51.1879,False
KEN,2000,0.599695390807426,414.626365130846,0.318059713612037,Kenya,Sub-Saharan Africa ,Lower middle income,Nairobi,36.8126,-1.27975,False
KEN,2001,3.77990649795343,410.700452474814,0.619782266151425,Kenya,Sub-Saharan Africa ,Lower middle income,Nairobi,36.8126,-1.27975,False
KEN,2002,0.546859530175595,402.936385605382,1.20777388492125,Kenya,Sub-Saharan Africa ,Lower middle income,Nairobi,36.8126,-1.27975,False
KEN,2003,2.93247554570904,442.898457253405,2.94190286101524,Kenya,Sub-Saharan Africa ,Lower middle income,Nairobi,36.8126,-1.27975,False
KEN,2004,5.10429977629738,463.662781300121,3.0235280420962,Kenya,Sub-Saharan Africa ,Lower middle income,Nairobi,36.8126,-1.27975,False
KEN,2005,5.90666607980057,523.456312433863,3.101900101,Kenya,Sub-Saharan Africa ,Lower middle income,Nairobi,36.8126,-1.27975,False
KEN,2006,6.47249430015484,699.80237063381,3.599999905,Kenya,Sub-Saharan Africa ,Lower middle income,Nairobi,36.8126,-1.27975,False
KEN,2007,6.85072976998784,840.201439476765,4.400000095,Kenya,Sub-Saharan Africa ,Lower middle income,Nairobi,36.8126,-1.27975,False
KEN,2008,0.232282744812977,915.54435473604,5.199999809,Kenya,Sub-Saharan Africa ,Lower middle income,Nairobi,36.8126,-1.27975,False
KEN,2009,3.30693981631089,1047.9678324485,6.1,Kenya,Sub-Saharan Africa ,Lower middle income,Nairobi,36.8126,-1.27975,False
KEN,2010,8.05847360290906,1091.51873101194,7.2,Kenya,Sub-Saharan Africa ,Lower middle income,Nairobi,36.8126,-1.27975,False
KEN,2011,5.1211061197056,1096.14499807675,8.800000191,Kenya,Sub-Saharan Africa ,Lower middle income,Nairobi,36.8126,-1.27975,False
KEN,2012,4.56867961444982,1285.00536171512,10.5,Kenya,Sub-Saharan Africa ,Lower middle income,Nairobi,36.8126,-1.27975,False
KEN,2013,3.7978483925754,1370.87885214659,13.0,Kenya,Sub-Saharan Africa ,Lower middle income,Nairobi,36.8126,-1.27975,False
KEN,2014,5.02011100232484,1482.81566253497,16.5,Kenya,Sub-Saharan Africa ,Lower middle income,Nairobi,36.8126,-1.27975,False
KEN,2015,4.96772112759767,1489.11959777284,16.5878548475992,Kenya,Sub-Saharan Africa ,Lower middle income,Nairobi,36.8126,-1.27975,False
KEN,2016,4.21351706814744,1554.12610314423,16.6,Kenya,Sub-Saharan Africa ,Lower middle income,Nairobi,36.8126,-1.27975,False
KEN,2017,3.83795817364721,1667.48447230835,17.82710075,Kenya,Sub-Saharan Africa ,Lower middle income,Nairobi,36.8126,-1.27975,False
KEN,2018,5.64794640709219,1836.45275528993,19.5,Kenya,Sub-Saharan Africa ,Lower middle income,Nairobi,36.8126,-1.27975,False
KEN,2019,5.11415885767801,1960.40808854893,22.6687733618171,Kenya,Sub-Saharan Africa ,Lower middle income,Nairobi,36.8126,-1.27975,False
KEN,2020,-0.272766327438816,1927.66459027849,24.7227993,Kenya,Sub-Saharan Africa ,Lower middle income,Nairobi,36.8126,-1.27975,False
KEN,2021,7.59048947333467,2061.35622089594,26.96290016,Kenya,Sub-Saharan Africa ,Lower middle income,Nairobi,36.8126,-1.27975,False
KEN,2022,4.85998104287999,2109.56288513137,29.40589905,Kenya,Sub-Saharan Africa ,Lower middle income,Nairobi,36.8126,-1.27975,False
KEN,2023,5.71999241214208,1942.58802756191,32.07040024,Kenya,Sub-Saharan Africa ,Lower middle income,Nairobi,36.8126,-1.27975,False
KEN,2024,4.66019594571891,2133.46193404026,34.97622513,Kenya,Sub-Saharan Africa ,Lower middle income,Nairobi,36.8126,-1.27975,False
KGZ,2000,5.44333663288322,279.621738464365,1.04140114469361,Kyrgyz Republic,Europe & Central Asia,Lower middle income,Bishkek,74.6057,42.8851,False
KGZ,2001,5.32162141190466,308.41129550148,3.00294132719239,Kyrgyz Republic,Europe & Central Asia,Lower middle income,Bishkek,74.6057,42.8851,False
KGZ,2002,-0.0173246130360667,321.726775366804,2.99926518003089,Kyrgyz Republic,Europe & Central Asia,Lower middle income,Bishkek,74.6057,42.8851,False
KGZ,2003,7.03029319731168,380.505828812441,3.90876626828521,Kyrgyz Republic,Europe & Central Asia,Lower middle income,Bishkek,74.6057,42.8851,False
KGZ,2004,7.02681242497607,433.233873286,5.09038530732863,Kyrgyz Republic,Europe & Central Asia,Lower middle income,Bishkek,74.6057,42.8851,False
KGZ,2005,-0.175515404044219,476.548193640077,10.53380013,Kyrgyz Republic,Europe & Central Asia,Lower middle income,Bishkek,74.6057,42.8851,False
KGZ,2006,3.10289874199981,543.113512472219,12.30690002,Kyrgyz Republic,Europe & Central Asia,Lower middle income,Bishkek,74.6057,42.8851,False
KGZ,2007,8.54287477507607,721.771577544361,14.03,Kyrgyz Republic,Europe & Central Asia,Lower middle income,Bishkek,74.6057,42.8851,False
KGZ,2008,8.40161604861429,966.388569370494,15.69999981,Kyrgyz Republic,Europe & Central Asia,Lower middle income,Bishkek,74.6057,42.8851,False
KGZ,2009,2.88629457537731,870.198894546917,16.0,Kyrgyz Republic,Europe & Central Asia,Lower middle income,Bishkek,74.6057,42.8851,False
KGZ,2010,-0.471566596791618,876.954476440354,16.29999924,Kyrgyz Republic,Europe & Central Asia,Lower middle income,Bishkek,74.6057,42.8851,False
KGZ,2011,5.95627429693504,1117.40174350185,17.5,Kyrgyz Republic,Europe & Central Asia,Lower middle income,Bishkek,74.6057,42.8851,False
KGZ,2012,-0.0881501998439376,1168.62244675446,19.79999924,Kyrgyz Republic,Europe & Central Asia,Lower middle income,Bishkek,74.6057,42.8851,False
KGZ,2013,10.9154694528045,1269.66303464348,23.0,Kyrgyz Republic,Europe & Central Asia,Lower middle income,Bishkek,74.6057,42.8851,False
KGZ,2014,4.02403863083252,1264.52668823891,28.29999924,Kyrgyz Republic,Europe & Central Asia,Lower middle income,Bishkek,74.6057,42.8851,False
KGZ,2015,3.87582544512439,1105.65193844261,30.24699974,Kyrgyz Republic,Europe & Central Asia,Lower middle income,Bishkek,74.6057,42.8851,False
KGZ,2016,4.33585592190116,1103.27489428412,40.52619934,Kyrgyz Republic,Europe & Central Asia,Lower middle income,Bishkek,74.6057,42.8851,False
KGZ,2017,4.73993722377884,1221.39046807082,50.80530167,Kyrgyz Republic,Europe & Central Asia,Lower middle income,Bishkek,74.6057,42.8851,False
KGZ,2018,3.75791013557165,1283.5203037417,62.8,Kyrgyz Republic,Europe & Central Asia,Lower middle income,Bishkek,74.6057,42.8851,False
KGZ,2019,4.60062565707598,1421.99927504102,64.1,Kyrgyz Republic,Europe & Central Asia,Lower middle income,Bishkek,74.6057,42.8851,False
KGZ,2020,-7.14897757727955,1229.51766602907,72.0,Kyrgyz Republic,Europe & Central Asia,Lower middle income,Bishkek,74.6057,42.8851,False
KGZ,2021,5.50700762671923,1349.99730650542,77.11769867,Kyrgyz Republic,Europe & Central Asia,Lower middle income,Bishkek,74.6057,42.8851,False
KGZ,2022,8.96750520041391,1739.72018344174,84.1937027,Kyrgyz Republic,Europe & Central Asia,Lower middle income,Bishkek,74.6057,42.8851,False
KGZ,2023,9.0132928339342,2138.22210211478,91.04440308,Kyrgyz Republic,Europe & Central Asia,Lower middle income,Bishkek,74.6057,42.8851,False
KGZ,2024,11.5397119406559,2514.81066933171,92.0286026,Kyrgyz Republic,Europe & Central Asia,Lower middle income,Bishkek,74.6057,42.8851,False
KHM,2000,9.99358032292079,296.426687526334,0.047022640068885,Cambodia,East Asia & Pacific,Lower middle income,Phnom Penh,104.874,11.5556,False
KHM,2001,7.38971065070517,327.500984314444,0.0769560555527296,Cambodia,East Asia & Pacific,Lower middle income,Phnom Penh,104.874,11.5556,False
KHM,2002,6.26507280509637,350.147276634294,0.226983237666204,Cambodia,East Asia & Pacific,Lower middle income,Phnom Penh,104.874,11.5556,False
KHM,2003,10.2836813071691,386.691123931778,0.260570197574002,Cambodia,East Asia & Pacific,Lower middle income,Phnom Penh,104.874,11.5556,False
KHM,2004,9.45769481103929,444.199067529081,0.300436644360101,Cambodia,East Asia & Pacific,Lower middle income,Phnom Penh,104.874,11.5556,False
KHM,2005,13.3033338358455,525.797325120926,0.317321781089656,Cambodia,East Asia & Pacific,Lower middle income,Phnom Penh,104.874,11.5556,False
KHM,2006,10.9433600681694,612.252648550727,0.468400002,Cambodia,East Asia & Pacific,Lower middle income,Phnom Penh,104.874,11.5556,False
KHM,2007,10.398458101201,731.692295125426,0.49,Cambodia,East Asia & Pacific,Lower middle income,Phnom Penh,104.874,11.5556,False
KHM,2008,7.47636606631011,866.283999789749,0.51,Cambodia,East Asia & Pacific,Lower middle income,Phnom Penh,104.874,11.5556,False
KHM,2009,4.07477850599065,875.748936193569,0.53,Cambodia,East Asia & Pacific,Lower middle income,Phnom Penh,104.874,11.5556,False
KHM,2010,5.07691843229247,952.274616324008,1.26,Cambodia,East Asia & Pacific,Lower middle income,Phnom Penh,104.874,11.5556,False
KHM,2011,7.28665813879552,1088.98152823081,3.099999905,Cambodia,East Asia & Pacific,Lower middle income,Phnom Penh,104.874,11.5556,False
KHM,2012,7.65025657870362,1192.80263041673,4.94,Cambodia,East Asia & Pacific,Lower middle income,Phnom Penh,104.874,11.5556,False
KHM,2013,7.8574997554252,1305.6600972686,6.0,Cambodia,East Asia & Pacific,Lower middle income,Phnom Penh,104.874,11.5556,False
KHM,2014,8.00032074618566,1431.56396469993,14.0,Cambodia,East Asia & Pacific,Lower middle income,Phnom Penh,104.874,11.5556,False
KHM,2015,7.20703472529512,1547.32010444393,6.43319107021405,Cambodia,East Asia & Pacific,Lower middle income,Phnom Penh,104.874,11.5556,False
KHM,2016,7.90550116130704,1675.19555711109,32.3984517141849,Cambodia,East Asia & Pacific,Lower middle income,Phnom Penh,104.874,11.5556,False
KHM,2017,8.07503915535979,1826.35391688754,32.9002785437986,Cambodia,East Asia & Pacific,Lower middle income,Phnom Penh,104.874,11.5556,False
KHM,2018,8.77622376224463,2036.67377566578,65.0,Cambodia,East Asia & Pacific,Lower middle income,Phnom Penh,104.874,11.5556,False
KHM,2019,7.93695013588524,2225.87705485686,52.305878224498,Cambodia,East Asia & Pacific,Lower middle income,Phnom Penh,104.874,11.5556,False
KHM,2020,-3.55572193406549,2081.73914242939,56.37590027,Cambodia,East Asia & Pacific,Lower middle income,Phnom Penh,104.874,11.5556,False
KHM,2021,3.08984284148661,2167.40324198499,60.76269913,Cambodia,East Asia & Pacific,Lower middle income,Phnom Penh,104.874,11.5556,False
KHM,2022,5.12990110773977,2325.03050040841,65.49079895,Cambodia,East Asia & Pacific,Lower middle income,Phnom Penh,104.874,11.5556,False
KHM,2023,5.00733043811898,2429.74853452838,68.92549896,Cambodia,East Asia & Pacific,Lower middle income,Phnom Penh,104.874,11.5556,False
KHM,2024,6.0158145735202,2627.87969756224,68.47530365,Cambodia,East Asia & Pacific,Lower middle income,Phnom Penh,104.874,11.5556,False
KIR,2000,6.74266531257052,845.367240231973,1.78522547397736,Kiribati,East Asia & Pacific,Lower middle income,Tarawa,172.979,1.32905,True
KIR,2001,-3.14412917759699,718.833787096781,2.33745894837722,Kiribati,East Asia & Pacific,Lower middle income,Tarawa,172.979,1.32905,True
KIR,2002,1.44715494184476,810.10870037444,2.5,Kiribati,East Asia & Pacific,Lower middle income,Tarawa,172.979,1.32905,True
KIR,2003,-1.57546689217141,1020.50033851394,3.0,Kiribati,East Asia & Pacific,Lower middle income,Tarawa,172.979,1.32905,True
KIR,2004,-0.608967597152244,1083.2688987175,3.5,Kiribati,East Asia & Pacific,Lower middle income,Tarawa,172.979,1.32905,True
KIR,2005,1.29243029465849,1161.78341739977,4.0,Kiribati,East Asia & Pacific,Lower middle income,Tarawa,172.979,1.32905,True
KIR,2006,5.77693449836185,1123.19258990684,4.5,Kiribati,East Asia & Pacific,Lower middle income,Tarawa,172.979,1.32905,True
KIR,2007,3.05507981566669,1352.57814048911,6.0,Kiribati,East Asia & Pacific,Lower middle income,Tarawa,172.979,1.32905,True
KIR,2008,-2.98473121631831,1410.62246914058,7.0,Kiribati,East Asia & Pacific,Lower middle income,Tarawa,172.979,1.32905,True
KIR,2009,0.536801194648319,1316.62753853678,8.97,Kiribati,East Asia & Pacific,Lower middle income,Tarawa,172.979,1.32905,True
KIR,2010,1.2259519892488,1522.10068744154,9.07,Kiribati,East Asia & Pacific,Lower middle income,Tarawa,172.979,1.32905,True
KIR,2011,3.26372719532225,1771.12926848792,10.0,Kiribati,East Asia & Pacific,Lower middle income,Tarawa,172.979,1.32905,True
KIR,2012,5.80365974645258,1843.55336349889,10.74680042,Kiribati,East Asia & Pacific,Lower middle income,Tarawa,172.979,1.32905,True
KIR,2013,7.73092188699647,1772.08718317132,11.5,Kiribati,East Asia & Pacific,Lower middle income,Tarawa,172.979,1.32905,True
KIR,2014,1.26366268044595,1736.70535682101,12.25,Kiribati,East Asia & Pacific,Lower middle income,Tarawa,172.979,1.32905,True
KIR,2015,11.2653209431294,1639.85274740652,14.89999962,Kiribati,East Asia & Pacific,Lower middle income,Tarawa,172.979,1.32905,True
KIR,2016,7.08803465778669,1742.66799324117,19.41939926,Kiribati,East Asia & Pacific,Lower middle income,Tarawa,172.979,1.32905,True
KIR,2017,3.71200171622053,1854.3326920967,25.30960083,Kiribati,East Asia & Pacific,Lower middle income,Tarawa,172.979,1.32905,True
KIR,2018,3.42465753424656,1915.56002581991,32.9864006,Kiribati,East Asia & Pacific,Lower middle income,Tarawa,172.979,1.32905,True
KIR,2019,3.31125827814569,1750.24040333237,41.79299927,Kiribati,East Asia & Pacific,Lower middle income,Tarawa,172.979,1.32905,True
KIR,2020,-1.28205128205127,1751.87199542272,52.95090103,Kiribati,East Asia & Pacific,Lower middle income,Tarawa,172.979,1.32905,True
KIR,2021,8.44155844155846,2223.54147866465,67.08760071,Kiribati,East Asia & Pacific,Lower middle income,Tarawa,172.979,1.32905,True
KIR,2022,5.08982035928143,2078.7648751855,84.99849701,Kiribati,East Asia & Pacific,Lower middle income,Tarawa,172.979,1.32905,True
KIR,2023,3.13390313390313,2200.68918614289,88.0,Kiribati,East Asia & Pacific,Lower middle income,Tarawa,172.979,1.32905,True
KIR,2024,4.69613259668509,2550.98377226188,89.44029999,Kiribati,East Asia & Pacific,Lower middle income,Tarawa,172.979,1.32905,True
KNA,2000,10.042808415173,9319.65545093525,5.86281024037522,St. Kitts and Nevis,Latin America & Caribbean ,High income,Basseterre,-62.7309,17.3,False
KNA,2001,5.25344983010886,10022.5919235637,7.71472655580319,St. Kitts and Nevis,Latin America & Caribbean ,High income,Basseterre,-62.7309,17.3,False
KNA,2002,1.36771507253633,10453.6587064313,21.152381758186,St. Kitts and Nevis,Latin America & Caribbean ,High income,Basseterre,-62.7309,17.3,False
KNA,2003,-3.93339486032939,10175.6295449989,22.9697842928439,St. Kitts and Nevis,Latin America & Caribbean ,High income,Basseterre,-62.7309,17.3,False
KNA,2004,3.99634666125431,10944.6183741768,24.7376775443732,St. Kitts and Nevis,Latin America & Caribbean ,High income,Basseterre,-62.7309,17.3,False
KNA,2005,9.73282070298016,11783.7867154145,34.0,St. Kitts and Nevis,Latin America & Caribbean ,High income,Basseterre,-62.7309,17.3,False
KNA,2006,3.15038119968223,13837.8495311219,38.5,St. Kitts and Nevis,Latin America & Caribbean ,High income,Basseterre,-62.7309,17.3,False
KNA,2007,0.600602326543751,14757.9579751035,43.5,St. Kitts and Nevis,Latin America & Caribbean ,High income,Basseterre,-62.7309,17.3,False
KNA,2008,11.3170358267109,16604.9448615905,49.20000076,St. Kitts and Nevis,Latin America & Caribbean ,High income,Basseterre,-62.7309,17.3,False
KNA,2009,-3.40474015376245,16503.4119292794,55.70000076,St. Kitts and Nevis,Latin America & Caribbean ,High income,Basseterre,-62.7309,17.3,False
KNA,2010,-0.0541942065330545,16622.9457908577,63.0,St. Kitts and Nevis,Latin America & Caribbean ,High income,Basseterre,-62.7309,17.3,False
KNA,2011,1.61660730423688,17832.4572919975,63.20000076,St. Kitts and Nevis,Latin America & Caribbean ,High income,Basseterre,-62.7309,17.3,False
KNA,2012,-0.737636737448398,17532.0559008608,64.0,St. Kitts and Nevis,Latin America & Caribbean ,High income,Basseterre,-62.7309,17.3,False
KNA,2013,5.72728087234704,18580.1301949935,64.59999847,St. Kitts and Nevis,Latin America & Caribbean ,High income,Basseterre,-62.7309,17.3,False
KNA,2014,7.57696602328922,20219.3954237956,65.38179779,St. Kitts and Nevis,Latin America & Caribbean ,High income,Basseterre,-62.7309,17.3,False
KNA,2015,0.694135527876625,20328.8003530109,66.17310333,St. Kitts and Nevis,Latin America & Caribbean ,High income,Basseterre,-62.7309,17.3,False
KNA,2016,3.93270319273282,21387.5415511103,66.97389984,St. Kitts and Nevis,Latin America & Caribbean ,High income,Basseterre,-62.7309,17.3,False
KNA,2017,0.220941147299996,22464.9899633959,67.78440094,St. Kitts and Nevis,Latin America & Caribbean ,High income,Basseterre,-62.7309,17.3,False
KNA,2018,2.00352549800972,22901.3816403197,68.60479736,St. Kitts and Nevis,Latin America & Caribbean ,High income,Basseterre,-62.7309,17.3,False
KNA,2019,2.93824658056356,23595.4923231291,69.43499756,St. Kitts and Nevis,Latin America & Caribbean ,High income,Basseterre,-62.7309,17.3,False
KNA,2020,-15.3018891740649,18859.0190361046,70.27529907,St. Kitts and Nevis,Latin America & Caribbean ,High income,Basseterre,-62.7309,17.3,False
KNA,2021,0.367606879216311,18361.1449697886,74.37159729,St. Kitts and Nevis,Latin America & Caribbean ,High income,Basseterre,-62.7309,17.3,False
KNA,2022,10.4804941546807,21011.5744209816,75.76229858,St. Kitts and Nevis,Latin America & Caribbean ,High income,Basseterre,-62.7309,17.3,False
KNA,2023,3.02127526129283,22576.9248439166,76.58950043,St. Kitts and Nevis,Latin America & Caribbean ,High income,Basseterre,-62.7309,17.3,False
KNA,2024,0.312226855858171,23960.6534357084,76.88400269,St. Kitts and Nevis,Latin America & Caribbean ,High income,Basseterre,-62.7309,17.3,False
KOR,2000,9.2018583880479,12710.2995795579,44.7,"Korea, Rep.",East Asia & Pacific,High income,Seoul,126.957,37.5323,False
KOR,2001,4.72593560322356,11981.4828218758,56.6,"Korea, Rep.",East Asia & Pacific,High income,Seoul,126.957,37.5323,False
KOR,2002,7.74399895319569,13642.9424537101,59.4,"Korea, Rep.",East Asia & Pacific,High income,Seoul,126.957,37.5323,False
KOR,2003,3.07472661826947,15211.5483770422,65.5,"Korea, Rep.",East Asia & Pacific,High income,Seoul,126.957,37.5323,False
KOR,2004,5.1836368597334,17121.6301633201,72.7,"Korea, Rep.",East Asia & Pacific,High income,Seoul,126.957,37.5323,False
KOR,2005,4.35823667337156,20167.0474902506,73.5,"Korea, Rep.",East Asia & Pacific,High income,Seoul,126.957,37.5323,False
KOR,2006,5.24500550580342,22609.7059431449,78.1,"Korea, Rep.",East Asia & Pacific,High income,Seoul,126.957,37.5323,False
KOR,2007,5.8419633918717,25078.4853957105,78.8,"Korea, Rep.",East Asia & Pacific,High income,Seoul,126.957,37.5323,False
KOR,2008,3.00440451679569,22252.3125108061,81.0,"Korea, Rep.",East Asia & Pacific,High income,Seoul,126.957,37.5323,False
KOR,2009,0.81986175641795,19937.3029137734,81.6,"Korea, Rep.",East Asia & Pacific,High income,Seoul,126.957,37.5323,False
KOR,2010,6.98166138853071,24071.2620526362,83.7,"Korea, Rep.",East Asia & Pacific,High income,Seoul,126.957,37.5323,False
KOR,2011,3.6880320602952,26175.2398553363,83.7591201534472,"Korea, Rep.",East Asia & Pacific,High income,Seoul,126.957,37.5323,False
KOR,2012,2.54766550568242,26600.5477433903,84.07,"Korea, Rep.",East Asia & Pacific,High income,Seoul,126.957,37.5323,False
KOR,2013,3.2913959543442,28449.3591104972,84.77,"Korea, Rep.",East Asia & Pacific,High income,Seoul,126.957,37.5323,False
KOR,2014,3.21468019683108,30667.0912467447,87.5568264944747,"Korea, Rep.",East Asia & Pacific,High income,Seoul,126.957,37.5323,False
KOR,2015,2.92029267301234,30171.7906545222,89.8962557995106,"Korea, Rep.",East Asia & Pacific,High income,Seoul,126.957,37.5323,False
KOR,2016,3.17152748983935,30832.0628072516,92.8430256796075,"Korea, Rep.",East Asia & Pacific,High income,Seoul,126.957,37.5323,False
KOR,2017,3.433191763972,33296.9845439195,95.0694218761004,"Korea, Rep.",East Asia & Pacific,High income,Seoul,126.957,37.5323,False
KOR,2018,3.17611568177327,35363.9508228687,96.0228595797887,"Korea, Rep.",East Asia & Pacific,High income,Seoul,126.957,37.5323,False
KOR,2019,2.31380210595475,33826.9443301597,96.157579184239,"Korea, Rep.",East Asia & Pacific,High income,Seoul,126.957,37.5323,False
KOR,2020,-0.700242317542106,33645.7719545073,96.50506052,"Korea, Rep.",East Asia & Pacific,High income,Seoul,126.957,37.5323,False
KOR,2021,4.61296795454287,37518.4635305697,97.57132698,"Korea, Rep.",East Asia & Pacific,High income,Seoul,126.957,37.5323,False
KOR,2022,2.72756456708991,34822.4048404971,97.16855335,"Korea, Rep.",East Asia & Pacific,High income,Seoul,126.957,37.5323,False
KOR,2023,1.58301467403629,35674.095995632,97.41597478,"Korea, Rep.",East Asia & Pacific,High income,Seoul,126.957,37.5323,False
KOR,2024,2.00361101838986,36238.639908315,97.89563777,"Korea, Rep.",East Asia & Pacific,High income,Seoul,126.957,37.5323,False
KWT,2000,4.69458187079211,19296.3471698729,6.73139576837536,Kuwait,"Middle East, North Africa, Afghanistan & Pakistan",High income,Kuwait City,47.9824,29.3721,False
KWT,2001,0.213332576499354,17374.2318664227,8.55179243431475,Kuwait,"Middle East, North Africa, Afghanistan & Pakistan",High income,Kuwait City,47.9824,29.3721,False
KWT,2002,3.01428315192251,18512.7523035862,10.2489679289296,Kuwait,"Middle East, North Africa, Afghanistan & Pakistan",High income,Kuwait City,47.9824,29.3721,False
KWT,2003,17.3260204175143,22690.655175144,22.4029383804612,Kuwait,"Middle East, North Africa, Afghanistan & Pakistan",High income,Kuwait City,47.9824,29.3721,False
KWT,2004,10.2402980586354,27552.2827399787,22.9271120360078,Kuwait,"Middle East, North Africa, Afghanistan & Pakistan",High income,Kuwait City,47.9824,29.3721,False
KWT,2005,10.6090449840228,36122.6142741227,25.92609978,Kuwait,"Middle East, North Africa, Afghanistan & Pakistan",High income,Kuwait City,47.9824,29.3721,False
KWT,2006,7.51477300024021,42946.6374104066,28.79120064,Kuwait,"Middle East, North Africa, Afghanistan & Pakistan",High income,Kuwait City,47.9824,29.3721,False
KWT,2007,5.99157551059315,45709.4132876371,34.79999924,Kuwait,"Middle East, North Africa, Afghanistan & Pakistan",High income,Kuwait City,47.9824,29.3721,False
KWT,2008,2.47975694278544,55585.1889344442,42.0,Kuwait,"Middle East, North Africa, Afghanistan & Pakistan",High income,Kuwait City,47.9824,29.3721,False
KWT,2009,-7.07605643073411,37907.1001320042,50.79999924,Kuwait,"Middle East, North Africa, Afghanistan & Pakistan",High income,Kuwait City,47.9824,29.3721,False
KWT,2010,-2.37054804425912,39212.252220155,61.40000153,Kuwait,"Middle East, North Africa, Afghanistan & Pakistan",High income,Kuwait City,47.9824,29.3721,False
KWT,2011,9.62863419534361,49169.6063813095,65.7690706867398,Kuwait,"Middle East, North Africa, Afghanistan & Pakistan",High income,Kuwait City,47.9824,29.3721,False
KWT,2012,6.62587485078971,52155.2225833921,70.44999695,Kuwait,"Middle East, North Africa, Afghanistan & Pakistan",High income,Kuwait City,47.9824,29.3721,False
KWT,2013,1.14946552780648,49651.0439275077,75.45999908,Kuwait,"Middle East, North Africa, Afghanistan & Pakistan",High income,Kuwait City,47.9824,29.3721,False
KWT,2014,0.500914669444924,44368.7813457751,78.69999695,Kuwait,"Middle East, North Africa, Afghanistan & Pakistan",High income,Kuwait City,47.9824,29.3721,False
KWT,2015,0.592770817217982,29882.2126495698,82.0,Kuwait,"Middle East, North Africa, Afghanistan & Pakistan",High income,Kuwait City,47.9824,29.3721,False
KWT,2016,2.92607584256388,27323.6890735517,85.59999847,Kuwait,"Middle East, North Africa, Afghanistan & Pakistan",High income,Kuwait City,47.9824,29.3721,False
KWT,2017,-4.71222270495362,29047.6536135703,97.9999893344615,Kuwait,"Middle East, North Africa, Afghanistan & Pakistan",High income,Kuwait City,47.9824,29.3721,False
KWT,2018,2.74333045031415,32067.9623756889,99.5988495907557,Kuwait,"Middle East, North Africa, Afghanistan & Pakistan",High income,Kuwait City,47.9824,29.3721,False
KWT,2019,2.26381706595791,31707.8737443551,99.5426764518489,Kuwait,"Middle East, North Africa, Afghanistan & Pakistan",High income,Kuwait City,47.9824,29.3721,False
KWT,2020,-4.81731593381585,25236.0755848941,99.10587017,Kuwait,"Middle East, North Africa, Afghanistan & Pakistan",High income,Kuwait City,47.9824,29.3721,False
KWT,2021,1.67213054307859,34018.6342592913,99.7,Kuwait,"Middle East, North Africa, Afghanistan & Pakistan",High income,Kuwait City,47.9824,29.3721,False
KWT,2022,6.75866711966617,39981.7691035833,99.74729919,Kuwait,"Middle East, North Africa, Afghanistan & Pakistan",High income,Kuwait City,47.9824,29.3721,False
KWT,2023,-1.64087799968877,34091.9714813002,99.74731125,Kuwait,"Middle East, North Africa, Afghanistan & Pakistan",High income,Kuwait City,47.9824,29.3721,False
KWT,2024,-1.47401818168846,32855.7209688827,99.74729919,Kuwait,"Middle East, North Africa, Afghanistan & Pakistan",High income,Kuwait City,47.9824,29.3721,False
LAO,2000,5.79878232861959,318.749852236965,0.111044032290124,Lao PDR,East Asia & Pacific,Lower middle income,Vientiane,102.177,18.5826,False
LAO,2001,5.75141287983195,320.316005439568,0.181664460654566,Lao PDR,East Asia & Pacific,Lower middle income,Vientiane,102.177,18.5826,False
LAO,2002,5.91874368370564,313.350817148131,0.267899241309349,Lao PDR,East Asia & Pacific,Lower middle income,Vientiane,102.177,18.5826,False
LAO,2003,6.06700230344272,355.097216151461,0.333912466428616,Lao PDR,East Asia & Pacific,Lower middle income,Vientiane,102.177,18.5826,False
LAO,2004,6.35769548008234,409.296298284117,0.361434490258043,Lao PDR,East Asia & Pacific,Lower middle income,Vientiane,102.177,18.5826,False
LAO,2005,7.10756836811267,466.061506997741,0.850399971,Lao PDR,East Asia & Pacific,Lower middle income,Vientiane,102.177,18.5826,False
LAO,2006,8.61926620832807,579.391947440719,1.16989994,Lao PDR,East Asia & Pacific,Lower middle income,Vientiane,102.177,18.5826,False
LAO,2007,7.59682880054878,697.323013673925,1.64,Lao PDR,East Asia & Pacific,Lower middle income,Vientiane,102.177,18.5826,False
LAO,2008,7.82490276337012,885.747376088762,3.55,Lao PDR,East Asia & Pacific,Lower middle income,Vientiane,102.177,18.5826,False
LAO,2009,7.50177491225853,935.03237283283,6.0,Lao PDR,East Asia & Pacific,Lower middle income,Vientiane,102.177,18.5826,False
LAO,2010,8.52690551739717,1125.91610151261,7.0,Lao PDR,East Asia & Pacific,Lower middle income,Vientiane,102.177,18.5826,False
LAO,2011,8.03865268023725,1361.54704394913,9.0,Lao PDR,East Asia & Pacific,Lower middle income,Vientiane,102.177,18.5826,False
LAO,2012,8.02609843461283,1563.5650771337,10.74769974,Lao PDR,East Asia & Pacific,Lower middle income,Vientiane,102.177,18.5826,False
LAO,2013,8.02630022699017,1812.51774424651,12.5,Lao PDR,East Asia & Pacific,Lower middle income,Vientiane,102.177,18.5826,False
LAO,2014,7.61196343979319,1981.03910900473,14.26000023,Lao PDR,East Asia & Pacific,Lower middle income,Vientiane,102.177,18.5826,False
LAO,2015,7.27006584373785,2121.01339097363,18.20000076,Lao PDR,East Asia & Pacific,Lower middle income,Vientiane,102.177,18.5826,False
LAO,2016,7.02283625501138,2303.22156035363,21.87000084,Lao PDR,East Asia & Pacific,Lower middle income,Vientiane,102.177,18.5826,False
LAO,2017,6.8925308726989,2432.43059478511,25.51040077,Lao PDR,East Asia & Pacific,Lower middle income,Vientiane,102.177,18.5826,False
LAO,2018,6.24796000755872,2545.1075420815,36.27130127,Lao PDR,East Asia & Pacific,Lower middle income,Vientiane,102.177,18.5826,False
LAO,2019,5.4577350924848,2589.32081035237,47.03229904,Lao PDR,East Asia & Pacific,Lower middle income,Vientiane,102.177,18.5826,False
LAO,2020,0.503031829018681,2583.77730696131,54.0,Lao PDR,East Asia & Pacific,Lower middle income,Vientiane,102.177,18.5826,False
LAO,2021,2.52835100486102,2526.05105018529,62.0,Lao PDR,East Asia & Pacific,Lower middle income,Vientiane,102.177,18.5826,False
LAO,2022,2.70742652643155,2046.40440255621,64.54000092,Lao PDR,East Asia & Pacific,Lower middle income,Vientiane,102.177,18.5826,False
LAO,2023,3.74568140158232,2066.94979776957,64.39800262,Lao PDR,East Asia & Pacific,Lower middle income,Vientiane,102.177,18.5826,False
LAO,2024,4.13019264438475,2123.97909415109,65.59269714,Lao PDR,East Asia & Pacific,Lower middle income,Vientiane,102.177,18.5826,False
LBN,2000,1.34187161970405,3986.83513941026,7.95274373635276,Lebanon,"Middle East, North Africa, Afghanistan & Pakistan",Lower middle income,Beirut,35.5134,33.8872,True
LBN,2001,3.83966927702973,4009.55929751102,6.78321977527715,Lebanon,"Middle East, North Africa, Afghanistan & Pakistan",Lower middle income,Beirut,35.5134,33.8872,True
LBN,2002,3.42314982843781,4290.85283803266,7.0,Lebanon,"Middle East, North Africa, Afghanistan & Pakistan",Lower middle income,Beirut,35.5134,33.8872,True
LBN,2003,3.22709826879041,4437.71588507526,8.0,Lebanon,"Middle East, North Africa, Afghanistan & Pakistan",Lower middle income,Beirut,35.5134,33.8872,True
LBN,2004,6.67944461641103,4600.68371412993,9.0,Lebanon,"Middle East, North Africa, Afghanistan & Pakistan",Lower middle income,Beirut,35.5134,33.8872,True
LBN,2005,2.68577931016345,4602.19804637945,10.14000034,Lebanon,"Middle East, North Africa, Afghanistan & Pakistan",Lower middle income,Beirut,35.5134,33.8872,True
LBN,2006,1.54951500083213,4635.2514117486,15.0,Lebanon,"Middle East, North Africa, Afghanistan & Pakistan",Lower middle income,Beirut,35.5134,33.8872,True
LBN,2007,9.31062252641144,5125.25809960149,18.74,Lebanon,"Middle East, North Africa, Afghanistan & Pakistan",Lower middle income,Beirut,35.5134,33.8872,True
LBN,2008,9.06912826789082,5912.04532820842,22.53,Lebanon,"Middle East, North Africa, Afghanistan & Pakistan",Lower middle income,Beirut,35.5134,33.8872,True
LBN,2009,10.232155577776,7090.85493856621,30.13999939,Lebanon,"Middle East, North Africa, Afghanistan & Pakistan",Lower middle income,Beirut,35.5134,33.8872,True
LBN,2010,7.97513555844932,7625.81051551165,43.68000031,Lebanon,"Middle East, North Africa, Afghanistan & Pakistan",Lower middle income,Beirut,35.5134,33.8872,True
LBN,2011,0.86733987855277,7834.96257108993,52.0,Lebanon,"Middle East, North Africa, Afghanistan & Pakistan",Lower middle income,Beirut,35.5134,33.8872,True
LBN,2012,2.56479133680038,8406.98405608118,61.24980164,Lebanon,"Middle East, North Africa, Afghanistan & Pakistan",Lower middle income,Beirut,35.5134,33.8872,True
LBN,2013,3.8278734986016,8162.37929361396,70.5,Lebanon,"Middle East, North Africa, Afghanistan & Pakistan",Lower middle income,Beirut,35.5134,33.8872,True
LBN,2014,2.48406010500743,7577.6413302369,73.0,Lebanon,"Middle East, North Africa, Afghanistan & Pakistan",Lower middle income,Beirut,35.5134,33.8872,True
LBN,2015,0.462320792597581,7714.1099998804,74.0,Lebanon,"Middle East, North Africa, Afghanistan & Pakistan",Lower middle income,Beirut,35.5134,33.8872,True
LBN,2016,1.55454940856943,8089.012088155,76.11000061,Lebanon,"Middle East, North Africa, Afghanistan & Pakistan",Lower middle income,Beirut,35.5134,33.8872,True
LBN,2017,0.903028464073813,8608.21084982387,78.18080139,Lebanon,"Middle East, North Africa, Afghanistan & Pakistan",Lower middle income,Beirut,35.5134,33.8872,True
LBN,2018,-1.88470575631651,9174.53666204759,80.90000153,Lebanon,"Middle East, North Africa, Afghanistan & Pakistan",Lower middle income,Beirut,35.5134,33.8872,True
LBN,2019,-6.91492472851026,8905.88005497437,81.48120117,Lebanon,"Middle East, North Africa, Afghanistan & Pakistan",Lower middle income,Beirut,35.5134,33.8872,True
LBN,2020,-21.3998996914321,5561.19166950397,82.0664978,Lebanon,"Middle East, North Africa, Afghanistan & Pakistan",Lower middle income,Beirut,35.5134,33.8872,True
LBN,2021,-7.00123862514116,4045.37391066234,82.65599823,Lebanon,"Middle East, North Africa, Afghanistan & Pakistan",Lower middle income,Beirut,35.5134,33.8872,True
LBN,2022,-0.621678970663112,3654.35845534878,81.46479797,Lebanon,"Middle East, North Africa, Afghanistan & Pakistan",Lower middle income,Beirut,35.5134,33.8872,True
LBN,2023,-0.760584470257314,3477.72489842684,81.7059021,Lebanon,"Middle East, North Africa, Afghanistan & Pakistan",Lower middle income,Beirut,35.5134,33.8872,True
LBN,2024,-7.07989192861814,4473.27134441128,80.63400269,Lebanon,"Middle East, North Africa, Afghanistan & Pakistan",Lower middle income,Beirut,35.5134,33.8872,True
LBR,2000,28.6159342546183,298.485340578945,0.0177027057169472,Liberia,Sub-Saharan Africa ,Low income,Monrovia,-10.7957,6.30039,False
LBR,2001,2.92027476569781,300.463828598983,0.033812227177592,Liberia,Sub-Saharan Africa ,Low income,Monrovia,-10.7957,6.30039,False
LBR,2002,3.76301761700071,299.536445539621,0.0327133071190699,Liberia,Sub-Saharan Africa ,Low income,Monrovia,-10.7957,6.30039,False
LBR,2003,-30.145132727942,239.779556677091,0.0318689345450327,Liberia,Sub-Saharan Africa ,Low income,Monrovia,-10.7957,6.30039,False
LBR,2004,2.61984689477413,284.140223992458,0.0310111848040233,Liberia,Sub-Saharan Africa ,Low income,Monrovia,-10.7957,6.30039,False
LBR,2005,5.28121245309295,287.487333441381,0.551400006,Liberia,Sub-Saharan Africa ,Low income,Monrovia,-10.7957,6.30039,False
LBR,2006,8.04390997190059,320.55808618515,0.529999971,Liberia,Sub-Saharan Africa ,Low income,Monrovia,-10.7957,6.30039,False
LBR,2007,9.53527536282282,374.211308104278,0.551400006,Liberia,Sub-Saharan Africa ,Low income,Monrovia,-10.7957,6.30039,False
LBR,2008,7.14569112811476,451.713856283285,0.529999971,Liberia,Sub-Saharan Africa ,Low income,Monrovia,-10.7957,6.30039,False
LBR,2009,5.30054050291531,448.386367025545,2.0,Liberia,Sub-Saharan Africa ,Low income,Monrovia,-10.7957,6.30039,False
LBR,2010,6.09982524004147,492.252808033724,2.3,Liberia,Sub-Saharan Africa ,Low income,Monrovia,-10.7957,6.30039,False
LBR,2011,8.20076822497064,568.087865520004,2.5,Liberia,Sub-Saharan Africa ,Low income,Monrovia,-10.7957,6.30039,False
LBR,2012,7.99381444555367,638.368751462083,2.599999905,Liberia,Sub-Saharan Africa ,Low income,Monrovia,-10.7957,6.30039,False
LBR,2013,8.68728781639683,710.744570927863,3.200000048,Liberia,Sub-Saharan Africa ,Low income,Monrovia,-10.7957,6.30039,False
LBR,2014,0.701393100287518,706.714490064507,5.409999847,Liberia,Sub-Saharan Africa ,Low income,Monrovia,-10.7957,6.30039,False
LBR,2015,-0.0185649695590939,692.590082351257,10.0,Liberia,Sub-Saharan Africa ,Low income,Monrovia,-10.7957,6.30039,False
LBR,2016,-1.5549586174878,714.613063145659,15.69999981,Liberia,Sub-Saharan Africa ,Low income,Monrovia,-10.7957,6.30039,False
LBR,2017,2.45515592012239,699.269095727404,16.29999924,Liberia,Sub-Saharan Africa ,Low income,Monrovia,-10.7957,6.30039,False
LBR,2018,1.15757512207355,692.203127129794,17.27770042,Liberia,Sub-Saharan Africa ,Low income,Monrovia,-10.7957,6.30039,False
LBR,2019,-2.46729763532686,658.164180770507,19.89579964,Liberia,Sub-Saharan Africa ,Low income,Monrovia,-10.7957,6.30039,False
LBR,2020,-2.98249127649473,616.787867006715,22.91069984,Liberia,Sub-Saharan Africa ,Low income,Monrovia,-10.7957,6.30039,False
LBR,2021,4.98671283481617,667.96610514319,26.38229942,Liberia,Sub-Saharan Africa ,Low income,Monrovia,-10.7957,6.30039,False
LBR,2022,4.80810517290655,744.617175237387,30.38010025,Liberia,Sub-Saharan Africa ,Low income,Monrovia,-10.7957,6.30039,False
LBR,2023,4.68375688761311,799.194470229642,31.22410011,Liberia,Sub-Saharan Africa ,Low income,Monrovia,-10.7957,6.30039,False
LBR,2024,4.02185464964835,851.497723870206,32.23360062,Liberia,Sub-Saharan Africa ,Low income,Monrovia,-10.7957,6.30039,False
LBY,2000,3.6792704082,7214.10040377084,0.187042622337565,Libya,"Middle East, North Africa, Afghanistan & Pakistan",Upper middle income,Tripoli,13.1072,32.8578,True
LBY,2001,-1.76283887062603,6312.80030498965,0.366533175284228,Libya,"Middle East, North Africa, Afghanistan & Pakistan",Upper middle income,Tripoli,13.1072,32.8578,True
LBY,2002,-0.958897332849631,3718.29434696755,2.24441822165946,Libya,"Middle East, North Africa, Afghanistan & Pakistan",Upper middle income,Tripoli,13.1072,32.8578,True
LBY,2003,13.0160372478013,4674.09943200321,2.81451798740855,Libya,"Middle East, North Africa, Afghanistan & Pakistan",Upper middle income,Tripoli,13.1072,32.8578,True
LBY,2004,4.46163899648637,5773.76333234281,3.53283816154549,Libya,"Middle East, North Africa, Afghanistan & Pakistan",Upper middle income,Tripoli,13.1072,32.8578,True
LBY,2005,11.8707565226151,8079.24957329001,3.91779995,Libya,"Middle East, North Africa, Afghanistan & Pakistan",Upper middle income,Tripoli,13.1072,32.8578,True
LBY,2006,6.50052541959279,10048.8480434289,4.301099777,Libya,"Middle East, North Africa, Afghanistan & Pakistan",Upper middle income,Tripoli,13.1072,32.8578,True
LBY,2007,6.22998278561838,11144.9448413435,4.72199937850513,Libya,"Middle East, North Africa, Afghanistan & Pakistan",Upper middle income,Tripoli,13.1072,32.8578,True
LBY,2008,-0.162048238799883,13906.1407818125,9.0,Libya,"Middle East, North Africa, Afghanistan & Pakistan",Upper middle income,Tripoli,13.1072,32.8578,True
LBY,2009,-4.4001817631021,9551.05403869755,10.80000019,Libya,"Middle East, North Africa, Afghanistan & Pakistan",Upper middle income,Tripoli,13.1072,32.8578,True
LBY,2010,5.0272476723775,11600.9068649472,14.0,Libya,"Middle East, North Africa, Afghanistan & Pakistan",Upper middle income,Tripoli,13.1072,32.8578,True
LBY,2011,-50.3385151384986,7593.8391525702,14.0,Libya,"Middle East, North Africa, Afghanistan & Pakistan",Upper middle income,Tripoli,13.1072,32.8578,True
LBY,2012,86.8267484395784,14975.8902795144,15.19999981,Libya,"Middle East, North Africa, Afghanistan & Pakistan",Upper middle income,Tripoli,13.1072,32.8578,True
LBY,2013,-17.9979615745681,11951.7134126011,16.5,Libya,"Middle East, North Africa, Afghanistan & Pakistan",Upper middle income,Tripoli,13.1072,32.8578,True
LBY,2014,-23.0428058282215,8926.42074591474,17.76000023,Libya,"Middle East, North Africa, Afghanistan & Pakistan",Upper middle income,Tripoli,13.1072,32.8578,True
LBY,2015,-0.842656252118843,7458.48917756374,25.0,Libya,"Middle East, North Africa, Afghanistan & Pakistan",Upper middle income,Tripoli,13.1072,32.8578,True
LBY,2016,-1.4909411172622,7525.80299308216,35.0,Libya,"Middle East, North Africa, Afghanistan & Pakistan",Upper middle income,Tripoli,13.1072,32.8578,True
LBY,2017,32.4918021862688,9965.83236729757,47.5,Libya,"Middle East, North Africa, Afghanistan & Pakistan",Upper middle income,Tripoli,13.1072,32.8578,True
LBY,2018,7.9413678529104,11196.5854810844,47.5,Libya,"Middle East, North Africa, Afghanistan & Pakistan",Upper middle income,Tripoli,13.1072,32.8578,True
LBY,2019,-11.1960828853386,9963.19489084483,71.40409851,Libya,"Middle East, North Africa, Afghanistan & Pakistan",Upper middle income,Tripoli,13.1072,32.8578,True
LBY,2020,-29.4552967282824,6650.33810585348,74.35810089,Libya,"Middle East, North Africa, Afghanistan & Pakistan",Upper middle income,Tripoli,13.1072,32.8578,True
LBY,2021,28.2996823429147,4935.82787349801,77.438797,Libya,"Middle East, North Africa, Afghanistan & Pakistan",Upper middle income,Tripoli,13.1072,32.8578,True
LBY,2022,-8.29981811198795,5986.63694851258,80.64720154,Libya,"Middle East, North Africa, Afghanistan & Pakistan",Upper middle income,Tripoli,13.1072,32.8578,True
LBY,2023,10.2000497852517,6026.51518708812,82.10469818,Libya,"Middle East, North Africa, Afghanistan & Pakistan",Upper middle income,Tripoli,13.1072,32.8578,True
LBY,2024,1.89995052025442,6569.16408678648,81.95449829,Libya,"Middle East, North Africa, Afghanistan & Pakistan",Upper middle income,Tripoli,13.1072,32.8578,True
LCA,2000,0.0487485535201131,5879.56191426207,5.09048334139327,St. Lucia,Latin America & Caribbean ,Upper middle income,Castries,-60.9832,14,False
LCA,2001,-3.40806396189404,5570.45247098106,8.18186395448366,St. Lucia,Latin America & Caribbean ,Upper middle income,Castries,-60.9832,14,False
LCA,2002,0.416450493043214,5567.89428424719,14.6418357746777,St. Lucia,Latin America & Caribbean ,Upper middle income,Castries,-60.9832,14,False
LCA,2003,4.26461148738223,6058.60622059326,20.9824734633424,St. Lucia,Latin America & Caribbean ,Upper middle income,Castries,-60.9832,14,False
LCA,2004,7.2674088699471,6494.60034867886,21.395212362765,St. Lucia,Latin America & Caribbean ,Upper middle income,Castries,-60.9832,14,False
LCA,2005,-0.410304726290235,6863.43641919345,21.5675829464215,St. Lucia,Latin America & Caribbean ,Upper middle income,Castries,-60.9832,14,False
LCA,2006,6.19525729141048,7611.17856675319,24.5,St. Lucia,Latin America & Caribbean ,Upper middle income,Castries,-60.9832,14,False
LCA,2007,1.69161857433913,7964.38211480117,27.89999962,St. Lucia,Latin America & Caribbean ,Upper middle income,Castries,-60.9832,14,False
LCA,2008,4.94932194028057,8516.96075488787,30.0,St. Lucia,Latin America & Caribbean ,Upper middle income,Castries,-60.9832,14,False
LCA,2009,-2.82889954830628,8250.52180732734,31.0,St. Lucia,Latin America & Caribbean ,Upper middle income,Castries,-60.9832,14,False
LCA,2010,0.330018546071486,8673.68720340529,32.5,St. Lucia,Latin America & Caribbean ,Upper middle income,Castries,-60.9832,14,False
LCA,2011,4.32694280532142,9128.99442011613,34.0,St. Lucia,Latin America & Caribbean ,Upper middle income,Castries,-60.9832,14,False
LCA,2012,-0.108756148262358,9260.30006551714,45.865,St. Lucia,Latin America & Caribbean ,Upper middle income,Castries,-60.9832,14,False
LCA,2013,-1.81877603735991,9577.21733754358,49.3871994,St. Lucia,Latin America & Caribbean ,Upper middle income,Castries,-60.9832,14,False
LCA,2014,1.32809022110105,10044.8218377677,53.17969894,St. Lucia,Latin America & Caribbean ,Upper middle income,Castries,-60.9832,14,False
LCA,2015,0.101917836412952,10334.9860823918,57.26330185,St. Lucia,Latin America & Caribbean ,Upper middle income,Castries,-60.9832,14,False
LCA,2016,3.42787214525211,10638.1269396653,58.22259903,St. Lucia,Latin America & Caribbean ,Upper middle income,Castries,-60.9832,14,False
LCA,2017,3.37982617272246,11333.1123822102,59.16009903,St. Lucia,Latin America & Caribbean ,Upper middle income,Castries,-60.9832,14,False
LCA,2018,2.88677902171601,11642.6984727769,60.11259842,St. Lucia,Latin America & Caribbean ,Upper middle income,Castries,-60.9832,14,False
LCA,2019,-1.0293678947917,11764.3944032403,61.08050156,St. Lucia,Latin America & Caribbean ,Upper middle income,Castries,-60.9832,14,False
LCA,2020,-22.9005138634176,8537.11495506727,62.06399918,St. Lucia,Latin America & Caribbean ,Upper middle income,Castries,-60.9832,14,False
LCA,2021,11.1466993240856,10481.1233971786,63.06330109,St. Lucia,Latin America & Caribbean ,Upper middle income,Castries,-60.9832,14,False
LCA,2022,19.3456795355342,12976.1489693474,66.95159912,St. Lucia,Latin America & Caribbean ,Upper middle income,Castries,-60.9832,14,False
LCA,2023,3.90774802925928,13616.6397593734,67.44390106,St. Lucia,Latin America & Caribbean ,Upper middle income,Castries,-60.9832,14,False
LCA,2024,4.76890217855616,14493.658470648,68.20500183,St. Lucia,Latin America & Caribbean ,Upper middle income,Castries,-60.9832,14,False
LIE,2000,3.22019308239609,76087.911114202,36.5152298938015,Liechtenstein,Europe & Central Asia,High income,Vaduz,9.52148,47.1411,False
LIE,2001,-0.733092455297992,75067.8001680043,45.1168526483592,Liechtenstein,Europe & Central Asia,High income,Vaduz,9.52148,47.1411,False
LIE,2002,-0.993919947159299,79795.1785891101,59.4707106749926,Liechtenstein,Europe & Central Asia,High income,Vaduz,9.52148,47.1411,False
LIE,2003,-1.93756534125014,90108.3673647008,58.8096918372148,Liechtenstein,Europe & Central Asia,High income,Vaduz,9.52148,47.1411,False
LIE,2004,3.03917210306501,100280.831356705,64.0074481394199,Liechtenstein,Europe & Central Asia,High income,Vaduz,9.52148,47.1411,False
LIE,2005,4.82807677743524,105295.057027611,63.37139893,Liechtenstein,Europe & Central Asia,High income,Vaduz,9.52148,47.1411,False
LIE,2006,8.64496857267281,114167.939211301,64.21420288,Liechtenstein,Europe & Central Asia,High income,Vaduz,9.52148,47.1411,False
LIE,2007,3.325963509369,130492.595349517,65.0802002,Liechtenstein,Europe & Central Asia,High income,Vaduz,9.52148,47.1411,False
LIE,2008,1.79808847836411,143249.227302093,70.0,Liechtenstein,Europe & Central Asia,High income,Vaduz,9.52148,47.1411,False
LIE,2009,-1.15748291975636,126024.714567466,75.0,Liechtenstein,Europe & Central Asia,High income,Vaduz,9.52148,47.1411,False
LIE,2010,,141089.812849014,80.0,Liechtenstein,Europe & Central Asia,High income,Vaduz,9.52148,47.1411,False
LIE,2011,,158066.369379163,85.0,Liechtenstein,Europe & Central Asia,High income,Vaduz,9.52148,47.1411,False
LIE,2012,,148842.035144342,89.40769958,Liechtenstein,Europe & Central Asia,High income,Vaduz,9.52148,47.1411,False
LIE,2013,,172823.607794648,93.80000305,Liechtenstein,Europe & Central Asia,High income,Vaduz,9.52148,47.1411,False
LIE,2014,,178735.153020908,95.20999908,Liechtenstein,Europe & Central Asia,High income,Vaduz,9.52148,47.1411,False
LIE,2015,,167187.15730982,96.6411972,Liechtenstein,Europe & Central Asia,High income,Vaduz,9.52148,47.1411,False
LIE,2016,,165375.491396259,98.09390259,Liechtenstein,Europe & Central Asia,High income,Vaduz,9.52148,47.1411,False
LIE,2017,,170547.092298954,99.54660034,Liechtenstein,Europe & Central Asia,High income,Vaduz,9.52148,47.1411,False
LIE,2018,,174988.775083446,,Liechtenstein,Europe & Central Asia,High income,Vaduz,9.52148,47.1411,False
LIE,2019,,166907.839305016,93.14610291,Liechtenstein,Europe & Central Asia,High income,Vaduz,9.52148,47.1411,False
LIE,2020,,164671.093553454,94.34999847,Liechtenstein,Europe & Central Asia,High income,Vaduz,9.52148,47.1411,False
LIE,2021,,201944.830335076,95.56939697,Liechtenstein,Europe & Central Asia,High income,Vaduz,9.52148,47.1411,False
LIE,2022,,188055.003235348,97.88069916,Liechtenstein,Europe & Central Asia,High income,Vaduz,9.52148,47.1411,False
LIE,2023,,206780.590353385,98.13230133,Liechtenstein,Europe & Central Asia,High income,Vaduz,9.52148,47.1411,False
LIE,2024,,220167.225473557,98.2641983,Liechtenstein,Europe & Central Asia,High income,Vaduz,9.52148,47.1411,False
LKA,2000,6.00003315828934,860.199884304769,0.647410010940963,Sri Lanka,South Asia,Upper middle income,Colombo,79.8528,6.92148,False
LKA,2001,-1.54540813366026,803.544026627385,0.793821864362622,Sri Lanka,South Asia,Upper middle income,Colombo,79.8528,6.92148,False
LKA,2002,3.96467568513113,834.936014905338,1.05042270585318,Sri Lanka,South Asia,Upper middle income,Colombo,79.8528,6.92148,False
LKA,2003,5.9402690780223,946.382255128072,1.45858022842408,Sri Lanka,South Asia,Upper middle income,Colombo,79.8528,6.92148,False
LKA,2004,5.44506127885352,1028.62068132555,1.44615998041486,Sri Lanka,South Asia,Upper middle income,Colombo,79.8528,6.92148,False
LKA,2005,6.24174804376447,1207.21994764165,1.792000055,Sri Lanka,South Asia,Upper middle income,Colombo,79.8528,6.92148,False
LKA,2006,7.66829190107919,1388.89739119932,2.53756612897332,Sri Lanka,South Asia,Upper middle income,Colombo,79.8528,6.92148,False
LKA,2007,6.79682611892866,1578.63451125392,3.88,Sri Lanka,South Asia,Upper middle income,Colombo,79.8528,6.92148,False
LKA,2008,5.95008814473897,1973.58476901287,4.824500084,Sri Lanka,South Asia,Upper middle income,Colombo,79.8528,6.92148,False
LKA,2009,3.53891205317842,2026.65939950702,5.868500233,Sri Lanka,South Asia,Upper middle income,Colombo,79.8528,6.92148,False
LKA,2010,8.01596737040464,2808.36245207687,6.912399769,Sri Lanka,South Asia,Upper middle income,Colombo,79.8528,6.92148,False
LKA,2011,8.66948301160571,3224.95745082305,7.956399918,Sri Lanka,South Asia,Upper middle income,Colombo,79.8528,6.92148,False
LKA,2012,8.6321813769906,3327.77612404326,9.00039959,Sri Lanka,South Asia,Upper middle income,Colombo,79.8528,6.92148,False
LKA,2013,4.0517463303875,3739.43182292825,10.04440022,Sri Lanka,South Asia,Upper middle income,Colombo,79.8528,6.92148,False
LKA,2014,6.37797889684965,3972.04377042271,10.5000026214106,Sri Lanka,South Asia,Upper middle income,Colombo,79.8528,6.92148,False
LKA,2015,4.20595547501601,4057.71582716521,15.26249981,Sri Lanka,South Asia,Upper middle income,Colombo,79.8528,6.92148,False
LKA,2016,5.05362488993089,4149.19189391879,22.19,Sri Lanka,South Asia,Upper middle income,Colombo,79.8528,6.92148,False
LKA,2017,6.46068127080994,4398.88828786059,25.07550049,Sri Lanka,South Asia,Upper middle income,Colombo,79.8528,6.92148,False
LKA,2018,2.31008425504933,4358.56095905888,28.33620071,Sri Lanka,South Asia,Upper middle income,Colombo,79.8528,6.92148,False
LKA,2019,-0.220483886824823,4081.94772178134,32.02090073,Sri Lanka,South Asia,Upper middle income,Colombo,79.8528,6.92148,False
LKA,2020,-4.62451503712715,3847.60136741182,36.18473435,Sri Lanka,South Asia,Upper middle income,Colombo,79.8528,6.92148,False
LKA,2021,4.2074764950026,3996.96240531688,44.45308724,Sri Lanka,South Asia,Upper middle income,Colombo,79.8528,6.92148,False
LKA,2022,-7.34919311146656,3342.63650438046,48.3,Sri Lanka,South Asia,Upper middle income,Colombo,79.8528,6.92148,False
LKA,2023,-2.0289296690344,3815.41531767474,51.2,Sri Lanka,South Asia,Upper middle income,Colombo,79.8528,6.92148,False
LKA,2024,4.99241614398109,4545.36006870612,54.59,Sri Lanka,South Asia,Upper middle income,Colombo,79.8528,6.92148,False
LSO,2000,3.87554677576694,442.779545779081,0.211806070361977,Lesotho,Sub-Saharan Africa ,Lower middle income,Maseru,27.7167,-29.5208,False
LSO,2001,3.56158183392093,412.677473676821,0.261150063093855,Lesotho,Sub-Saharan Africa ,Lower middle income,Maseru,27.7167,-29.5208,False
LSO,2002,0.723836067167127,388.92334985135,1.08394313737534,Lesotho,Sub-Saharan Africa ,Lower middle income,Maseru,27.7167,-29.5208,False
LSO,2003,4.55977716384528,583.270036200288,1.53249659019509,Lesotho,Sub-Saharan Africa ,Lower middle income,Maseru,27.7167,-29.5208,False
LSO,2004,1.69237417358596,766.685820928242,2.17552433931097,Lesotho,Sub-Saharan Africa ,Lower middle income,Maseru,27.7167,-29.5208,False
LSO,2005,3.46612222755311,861.381496414995,2.580199957,Lesotho,Sub-Saharan Africa ,Lower middle income,Maseru,27.7167,-29.5208,False
LSO,2006,4.23009522805209,925.467485502842,2.97970818724486,Lesotho,Sub-Saharan Africa ,Lower middle income,Maseru,27.7167,-29.5208,False
LSO,2007,4.18791409957151,861.188420899563,3.44543125970873,Lesotho,Sub-Saharan Africa ,Lower middle income,Maseru,27.7167,-29.5208,False
LSO,2008,5.52341966978646,898.482517882593,3.58,Lesotho,Sub-Saharan Africa ,Lower middle income,Maseru,27.7167,-29.5208,False
LSO,2009,-1.25375779920832,878.847950537772,3.72,Lesotho,Sub-Saharan Africa ,Lower middle income,Maseru,27.7167,-29.5208,False
LSO,2010,5.26967078056286,1119.47557793042,3.859999895,Lesotho,Sub-Saharan Africa ,Lower middle income,Maseru,27.7167,-29.5208,False
LSO,2011,4.61641394528752,1280.73390931581,7.0,Lesotho,Sub-Saharan Africa ,Lower middle income,Maseru,27.7167,-29.5208,False
LSO,2012,6.33408374679448,1217.93071228944,10.0,Lesotho,Sub-Saharan Africa ,Lower middle income,Maseru,27.7167,-29.5208,False
LSO,2013,1.79252555575545,1151.03735837227,15.0,Lesotho,Sub-Saharan Africa ,Lower middle income,Maseru,27.7167,-29.5208,False
LSO,2014,1.71054990545476,1173.5377928819,22.0,Lesotho,Sub-Saharan Africa ,Lower middle income,Maseru,27.7167,-29.5208,False
LSO,2015,3.12406678044546,1121.19851342518,25.0,Lesotho,Sub-Saharan Africa ,Lower middle income,Maseru,27.7167,-29.5208,False
LSO,2016,3.60890731687714,992.491840678465,32.4538569477365,Lesotho,Sub-Saharan Africa ,Lower middle income,Maseru,27.7167,-29.5208,False
LSO,2017,-3.13817493733471,1069.36673247542,39.0,Lesotho,Sub-Saharan Africa ,Lower middle income,Maseru,27.7167,-29.5208,False
LSO,2018,-1.48063315848241,1170.65569702819,40.79999924,Lesotho,Sub-Saharan Africa ,Lower middle income,Maseru,27.7167,-29.5208,False
LSO,2019,-1.41799383085205,1082.05706777516,42.301733569273,Lesotho,Sub-Saharan Africa ,Lower middle income,Maseru,27.7167,-29.5208,False
LSO,2020,-8.15595785459911,918.582574704447,43.65750122,Lesotho,Sub-Saharan Africa ,Lower middle income,Maseru,27.7167,-29.5208,False
LSO,2021,2.26670961833291,1066.58645143823,45.05670166,Lesotho,Sub-Saharan Africa ,Lower middle income,Maseru,27.7167,-29.5208,False
LSO,2022,2.38778020186284,1030.12582947757,48.06959915,Lesotho,Sub-Saharan Africa ,Lower middle income,Maseru,27.7167,-29.5208,False
LSO,2023,1.69433177608774,921.435141557056,48.98590088,Lesotho,Sub-Saharan Africa ,Lower middle income,Maseru,27.7167,-29.5208,False
LSO,2024,5.22503380336101,1023.04227681523,51.79660034,Lesotho,Sub-Saharan Africa ,Lower middle income,Maseru,27.7167,-29.5208,False
LTU,2000,3.41862206571636,3300.63634928559,6.42706749477765,Lithuania,Europe & Central Asia,High income,Vilnius,25.2799,54.6896,False
LTU,2001,6.48412665187908,3532.52787363242,7.17935699381369,Lithuania,Europe & Central Asia,High income,Vilnius,25.2799,54.6896,False
LTU,2002,6.71983945103626,4148.13091485015,17.69,Lithuania,Europe & Central Asia,High income,Vilnius,25.2799,54.6896,False
LTU,2003,10.5518959629574,5507.47434187652,25.91,Lithuania,Europe & Central Asia,High income,Vilnius,25.2799,54.6896,False
LTU,2004,6.50203536075556,6734.57487061946,31.23,Lithuania,Europe & Central Asia,High income,Vilnius,25.2799,54.6896,False
LTU,2005,7.7314467577492,7857.03148786492,36.22,Lithuania,Europe & Central Asia,High income,Vilnius,25.2799,54.6896,False
LTU,2006,7.39548122468629,9210.10118229413,43.9,Lithuania,Europe & Central Asia,High income,Vilnius,25.2799,54.6896,False
LTU,2007,11.0779282578673,12295.1212779366,49.9,Lithuania,Europe & Central Asia,High income,Vilnius,25.2799,54.6896,False
LTU,2008,2.59946154605602,14955.5345462921,55.22,Lithuania,Europe & Central Asia,High income,Vilnius,25.2799,54.6896,False
LTU,2009,-14.8386117894848,11854.3711053096,59.76,Lithuania,Europe & Central Asia,High income,Vilnius,25.2799,54.6896,False
LTU,2010,0.427199566550769,11829.122609457,62.12,Lithuania,Europe & Central Asia,High income,Vilnius,25.2799,54.6896,False
LTU,2011,6.32363664821298,14261.8433787325,63.6399774002179,Lithuania,Europe & Central Asia,High income,Vilnius,25.2799,54.6896,False
LTU,2012,4.38290584355157,14288.1853493139,67.2299893276414,Lithuania,Europe & Central Asia,High income,Vilnius,25.2799,54.6896,False
LTU,2013,4.04691318575325,15636.5252586048,68.4529,Lithuania,Europe & Central Asia,High income,Vilnius,25.2799,54.6896,False
LTU,2014,3.7725437958099,16446.1647181663,72.1335378644566,Lithuania,Europe & Central Asia,High income,Vilnius,25.2799,54.6896,False
LTU,2015,2.83280643343234,14269.8039878287,71.3780590101754,Lithuania,Europe & Central Asia,High income,Vilnius,25.2799,54.6896,False
LTU,2016,2.67192215053329,14934.2702840428,74.3766455618662,Lithuania,Europe & Central Asia,High income,Vilnius,25.2799,54.6896,False
LTU,2017,4.61224310312809,16800.1510246099,77.6152565124514,Lithuania,Europe & Central Asia,High income,Vilnius,25.2799,54.6896,False
LTU,2018,4.91836780106811,19247.2315367967,79.7225827680518,Lithuania,Europe & Central Asia,High income,Vilnius,25.2799,54.6896,False
LTU,2019,4.67735183530451,19608.7943945553,81.5818683764046,Lithuania,Europe & Central Asia,High income,Vilnius,25.2799,54.6896,False
LTU,2020,0.0428158336981426,20428.6478157394,83.05554724,Lithuania,Europe & Central Asia,High income,Vilnius,25.2799,54.6896,False
LTU,2021,6.39481772930206,23882.8668916753,86.93054425,Lithuania,Europe & Central Asia,High income,Vilnius,25.2799,54.6896,False
LTU,2022,2.46532013155011,24946.5724005188,87.72420219,Lithuania,Europe & Central Asia,High income,Vilnius,25.2799,54.6896,False
LTU,2023,0.739537398185803,27983.3658256887,88.50287484,Lithuania,Europe & Central Asia,High income,Vilnius,25.2799,54.6896,False
LTU,2024,3.03019543767596,29603.7772588256,89.16116293,Lithuania,Europe & Central Asia,High income,Vilnius,25.2799,54.6896,False
LUX,2000,6.93809504692074,48659.6390968187,22.8873279731211,Luxembourg,Europe & Central Asia,High income,Luxembourg,6.1296,49.61,False
LUX,2001,3.07427520210337,48440.1805564662,36.163422506306,Luxembourg,Europe & Central Asia,High income,Luxembourg,6.1296,49.61,False
LUX,2002,3.22528846998354,53005.731801629,39.84,Luxembourg,Europe & Central Asia,High income,Luxembourg,6.1296,49.61,False
LUX,2003,2.6192502126754,65689.3214536911,54.55,Luxembourg,Europe & Central Asia,High income,Luxembourg,6.1296,49.61,False
LUX,2004,4.23067892192488,76544.9170868473,65.88,Luxembourg,Europe & Central Asia,High income,Luxembourg,6.1296,49.61,False
LUX,2005,2.48250499371829,80988.2044869403,70.0,Luxembourg,Europe & Central Asia,High income,Luxembourg,6.1296,49.61,False
LUX,2006,6.01662739677904,90788.8164271049,72.51,Luxembourg,Europe & Central Asia,High income,Luxembourg,6.1296,49.61,False
LUX,2007,8.09852098069817,107475.320297978,78.92,Luxembourg,Europe & Central Asia,High income,Luxembourg,6.1296,49.61,False
LUX,2008,-0.302272983306707,120422.137934157,82.23,Luxembourg,Europe & Central Asia,High income,Luxembourg,6.1296,49.61,False
LUX,2009,-3.23895268839308,109419.746953106,87.31,Luxembourg,Europe & Central Asia,High income,Luxembourg,6.1296,49.61,False
LUX,2010,3.76040578658925,110885.991378721,90.62,Luxembourg,Europe & Central Asia,High income,Luxembourg,6.1296,49.61,False
LUX,2011,1.0442860057217,119025.057203467,90.0298585646936,Luxembourg,Europe & Central Asia,High income,Luxembourg,6.1296,49.61,False
LUX,2012,1.64971134354685,112584.676270958,91.9499237417387,Luxembourg,Europe & Central Asia,High income,Luxembourg,6.1296,49.61,False
LUX,2013,3.17168513780955,120000.140729859,93.7765,Luxembourg,Europe & Central Asia,High income,Luxembourg,6.1296,49.61,False
LUX,2014,2.62308838097542,123678.706919314,94.6702052774766,Luxembourg,Europe & Central Asia,High income,Luxembourg,6.1296,49.61,False
LUX,2015,2.26836572735107,105462.012584423,96.3767141704759,Luxembourg,Europe & Central Asia,High income,Luxembourg,6.1296,49.61,False
LUX,2016,4.97819047122638,106899.293549552,98.1366986657616,Luxembourg,Europe & Central Asia,High income,Luxembourg,6.1296,49.61,False
LUX,2017,1.31711942298405,110193.213797228,97.3629603241751,Luxembourg,Europe & Central Asia,High income,Luxembourg,6.1296,49.61,False
LUX,2018,1.61129891211624,116926.759593905,97.061298705829,Luxembourg,Europe & Central Asia,High income,Luxembourg,6.1296,49.61,False
LUX,2019,2.74932091920692,112696.649059674,97.120635693272,Luxembourg,Europe & Central Asia,High income,Luxembourg,6.1296,49.61,False
LUX,2020,-0.510051634039826,116860.02817236,98.45962893,Luxembourg,Europe & Central Asia,High income,Luxembourg,6.1296,49.61,False
LUX,2021,6.92973270801744,134965.815442152,98.66086333,Luxembourg,Europe & Central Asia,High income,Luxembourg,6.1296,49.61,False
LUX,2022,-1.09741256293819,123719.658915996,98.24203749,Luxembourg,Europe & Central Asia,High income,Luxembourg,6.1296,49.61,False
LUX,2023,0.0994370594039111,133230.619178899,99.34785707,Luxembourg,Europe & Central Asia,High income,Luxembourg,6.1296,49.61,False
LUX,2024,0.358614003982225,137781.681659123,98.7606147,Luxembourg,Europe & Central Asia,High income,Luxembourg,6.1296,49.61,False
LVA,2000,5.84102642353959,3278.17896440803,6.31906208267861,Latvia,Europe & Central Asia,High income,Riga,24.1048,56.9465,False
LVA,2001,6.46057826727287,3504.61829462397,7.21934580836289,Latvia,Europe & Central Asia,High income,Riga,24.1048,56.9465,False
LVA,2002,7.66548778586991,4003.60935783538,21.94,Latvia,Europe & Central Asia,High income,Riga,24.1048,56.9465,False
LVA,2003,8.42913257059108,4914.57992829302,26.98,Latvia,Europe & Central Asia,High income,Riga,24.1048,56.9465,False
LVA,2004,8.72514341727928,6109.73265186817,38.58,Latvia,Europe & Central Asia,High income,Riga,24.1048,56.9465,False
LVA,2005,11.6153178557457,7283.78738127622,46.0,Latvia,Europe & Central Asia,High income,Riga,24.1048,56.9465,False
LVA,2006,12.825017846905,9211.7374468148,53.63,Latvia,Europe & Central Asia,High income,Riga,24.1048,56.9465,False
LVA,2007,10.4145372792714,13370.9789452508,59.17,Latvia,Europe & Central Asia,High income,Riga,24.1048,56.9465,False
LVA,2008,-3.38871665849958,15677.6080864506,63.41,Latvia,Europe & Central Asia,High income,Riga,24.1048,56.9465,False
LVA,2009,-16.0400195313042,11996.0322729773,66.84,Latvia,Europe & Central Asia,High income,Riga,24.1048,56.9465,False
LVA,2010,-3.66125859554762,11188.4191700977,68.42,Latvia,Europe & Central Asia,High income,Riga,24.1048,56.9465,False
LVA,2011,3.03634482668815,12902.574053337,69.7499545592245,Latvia,Europe & Central Asia,High income,Riga,24.1048,56.9465,False
LVA,2012,7.30524057200897,13329.3499931271,73.1199437663748,Latvia,Europe & Central Asia,High income,Riga,24.1048,56.9465,False
LVA,2013,2.09609028156248,14484.4715282132,75.2344,Latvia,Europe & Central Asia,High income,Riga,24.1048,56.9465,False
LVA,2014,2.0949597710559,15185.814581236,75.8261041383556,Latvia,Europe & Central Asia,High income,Riga,24.1048,56.9465,False
LVA,2015,3.78336712084972,13321.9753140616,79.2005829239344,Latvia,Europe & Central Asia,High income,Riga,24.1048,56.9465,False
LVA,2016,2.55168601974034,13838.5266823272,79.8420977843089,Latvia,Europe & Central Asia,High income,Riga,24.1048,56.9465,False
LVA,2017,3.39894872623931,15132.4958333982,80.1140770037369,Latvia,Europe & Central Asia,High income,Riga,24.1048,56.9465,False
LVA,2018,4.30971286294503,17252.1710428626,83.5771748630956,Latvia,Europe & Central Asia,High income,Riga,24.1048,56.9465,False
LVA,2019,0.675372771884227,17294.9751600969,86.13545644343,Latvia,Europe & Central Asia,High income,Riga,24.1048,56.9465,False
LVA,2020,-3.46922750780554,17564.2321549354,88.89796078,Latvia,Europe & Central Asia,High income,Riga,24.1048,56.9465,False
LVA,2021,6.94254173062592,20261.8887788916,91.17964988,Latvia,Europe & Central Asia,High income,Riga,24.1048,56.9465,False
LVA,2022,1.90853419029801,20221.103686109,91.03009059,Latvia,Europe & Central Asia,High income,Riga,24.1048,56.9465,False
LVA,2023,-0.941606068823631,22710.2637544197,92.18791291,Latvia,Europe & Central Asia,High income,Riga,24.1048,56.9465,False
LVA,2024,-0.0370556648288982,23578.9663562625,92.70757011,Latvia,Europe & Central Asia,High income,Riga,24.1048,56.9465,False
MAC,2000,5.74714593475937,15731.4081633771,13.6085897418451,"Macao SAR, China",East Asia & Pacific,High income,,113.55,22.1667,False
MAC,2001,2.88824010651439,15810.7227666562,22.5212167700561,"Macao SAR, China",East Asia & Pacific,High income,,113.55,22.1667,False
MAC,2002,8.90480904902596,16814.9926424134,25.1718801643395,"Macao SAR, China",East Asia & Pacific,High income,,113.55,22.1667,False
MAC,2003,11.6433551416587,18589.8998330534,25.7421239826498,"Macao SAR, China",East Asia & Pacific,High income,,113.55,22.1667,False
MAC,2004,26.6368742306114,23407.1993692194,31.4840973824121,"Macao SAR, China",East Asia & Pacific,High income,,113.55,22.1667,False
MAC,2005,8.07794929953978,25681.2167315221,34.86289978,"Macao SAR, China",East Asia & Pacific,High income,,113.55,22.1667,False
MAC,2006,13.3921711919351,29813.7877167933,46.4,"Macao SAR, China",East Asia & Pacific,High income,,113.55,22.1667,False
MAC,2007,14.4817728129028,35400.2334659409,47.32699966,"Macao SAR, China",East Asia & Pacific,High income,,113.55,22.1667,False
MAC,2008,3.39251560752048,38888.5118044503,49.24,"Macao SAR, China",East Asia & Pacific,High income,,113.55,22.1667,False
MAC,2009,1.29837946885112,40354.2810293673,54.0,"Macao SAR, China",East Asia & Pacific,High income,,113.55,22.1667,False
MAC,2010,25.1031075246958,52596.2250160214,55.198,"Macao SAR, China",East Asia & Pacific,High income,,113.55,22.1667,False
MAC,2011,21.6223064381087,67046.7284292101,60.2036967182195,"Macao SAR, China",East Asia & Pacific,High income,,113.55,22.1667,False
MAC,2012,9.21747479596735,76058.0224963659,61.31,"Macao SAR, China",East Asia & Pacific,High income,,113.55,22.1667,False
MAC,2013,10.7816711590297,87107.8313063626,65.8,"Macao SAR, China",East Asia & Pacific,High income,,113.55,22.1667,False
MAC,2014,-2.03874227961819,88355.3181764446,69.7809492200465,"Macao SAR, China",East Asia & Pacific,High income,,113.55,22.1667,False
MAC,2015,-21.7540078753246,69902.9605741233,77.6001318608868,"Macao SAR, China",East Asia & Pacific,High income,,113.55,22.1667,False
MAC,2016,-0.701510212552961,68911.6755919628,81.6429854646415,"Macao SAR, China",East Asia & Pacific,High income,,113.55,22.1667,False
MAC,2017,9.91855844513513,77570.9876166977,83.1740890688259,"Macao SAR, China",East Asia & Pacific,High income,,113.55,22.1667,False
MAC,2018,6.35917030567686,83588.2875009014,83.7940896091516,"Macao SAR, China",East Asia & Pacific,High income,,113.55,22.1667,False
MAC,2019,-2.4609094006739,81882.6964523869,86.4679257062588,"Macao SAR, China",East Asia & Pacific,High income,,113.55,22.1667,False
MAC,2020,-54.4020925789353,36883.6652578543,87.46230316,"Macao SAR, China",East Asia & Pacific,High income,,113.55,22.1667,False
MAC,2021,22.4622020023362,44884.8961602393,88.46810492,"Macao SAR, China",East Asia & Pacific,High income,,113.55,22.1667,False
MAC,2022,-18.956941494497,36806.891255461,89.48549652,"Macao SAR, China",East Asia & Pacific,High income,,113.55,22.1667,False
MAC,2023,75.3084184293413,67216.3631112124,89.82640076,"Macao SAR, China",East Asia & Pacific,High income,,113.55,22.1667,False
MAC,2024,7.84960207010525,72004.7437020733,89.82640076,"Macao SAR, China",East Asia & Pacific,High income,,113.55,22.1667,False
MAF,2011,,20930.5821177758,,St. Martin (French part),Latin America & Caribbean ,High income,Marigot,,,False
MAF,2014,,20638.7705882379,,St. Martin (French part),Latin America & Caribbean ,High income,Marigot,,,False
MAF,2015,1.0,,,St. Martin (French part),Latin America & Caribbean ,High income,Marigot,,,False
MAF,2016,5.0,,,St. Martin (French part),Latin America & Caribbean ,High income,Marigot,,,False
MAF,2017,-8.00000324038295,,,St. Martin (French part),Latin America & Caribbean ,High income,Marigot,,,False
MAF,2018,-7.99999506898229,,,St. Martin (French part),Latin America & Caribbean ,High income,Marigot,,,False
MAF,2019,6.50000363700821,19033.0649634889,,St. Martin (French part),Latin America & Caribbean ,High income,Marigot,,,False
MAF,2020,-12.500002246731,,,St. Martin (French part),Latin America & Caribbean ,High income,Marigot,,,False
MAF,2021,4.89999967133534,21668.3776525323,,St. Martin (French part),Latin America & Caribbean ,High income,Marigot,,,False
MAR,2000,2.58218091499747,1499.107421875,0.693791244805455,Morocco,"Middle East, North Africa, Afghanistan & Pakistan",Lower middle income,Rabat,-6.8704,33.9905,False
MAR,2001,7.72182519577728,1506.24523925781,1.37143810096418,Morocco,"Middle East, North Africa, Afghanistan & Pakistan",Lower middle income,Rabat,-6.8704,33.9905,False
MAR,2002,3.73019737485745,1596.02062988281,2.37325319241544,Morocco,"Middle East, North Africa, Afghanistan & Pakistan",Lower middle income,Rabat,-6.8704,33.9905,False
MAR,2003,6.17110214953244,1941.87255859375,3.35336668122363,Morocco,"Middle East, North Africa, Afghanistan & Pakistan",Lower middle income,Rabat,-6.8704,33.9905,False
MAR,2004,4.57138016516208,2183.55541992188,11.6079347729582,Morocco,"Middle East, North Africa, Afghanistan & Pakistan",Lower middle income,Rabat,-6.8704,33.9905,False
MAR,2005,3.19224973015831,2242.98828125,15.0844445240204,Morocco,"Middle East, North Africa, Afghanistan & Pakistan",Lower middle income,Rabat,-6.8704,33.9905,False
MAR,2006,7.7908200104027,2438.12646484375,19.7711915653115,Morocco,"Middle East, North Africa, Afghanistan & Pakistan",Lower middle income,Rabat,-6.8704,33.9905,False
MAR,2007,3.44106776690418,2755.5859375,21.5,Morocco,"Middle East, North Africa, Afghanistan & Pakistan",Lower middle income,Rabat,-6.8704,33.9905,False
MAR,2008,5.68453936284732,3183.20043945313,33.1,Morocco,"Middle East, North Africa, Afghanistan & Pakistan",Lower middle income,Rabat,-6.8704,33.9905,False
MAR,2009,3.74576940136258,3119.58862304688,41.3,Morocco,"Middle East, North Africa, Afghanistan & Pakistan",Lower middle income,Rabat,-6.8704,33.9905,False
MAR,2010,3.49955709403216,3067.9853515625,52.0,Morocco,"Middle East, North Africa, Afghanistan & Pakistan",Lower middle income,Rabat,-6.8704,33.9905,False
MAR,2011,5.52464523319847,3301.98876953125,46.107482597,Morocco,"Middle East, North Africa, Afghanistan & Pakistan",Lower middle income,Rabat,-6.8704,33.9905,False
MAR,2012,3.06234368502997,3164.17724609375,55.4160531914894,Morocco,"Middle East, North Africa, Afghanistan & Pakistan",Lower middle income,Rabat,-6.8704,33.9905,False
MAR,2013,4.12221286860944,3379.7431640625,56.0,Morocco,"Middle East, North Africa, Afghanistan & Pakistan",Lower middle income,Rabat,-6.8704,33.9905,False
MAR,2014,2.7192440802029,3435.40698242188,56.7746379160074,Morocco,"Middle East, North Africa, Afghanistan & Pakistan",Lower middle income,Rabat,-6.8704,33.9905,False
MAR,2015,4.34458297635238,3146.24780273438,57.0799993486116,Morocco,"Middle East, North Africa, Afghanistan & Pakistan",Lower middle income,Rabat,-6.8704,33.9905,False
MAR,2016,0.52118550608968,3140.85546875,58.271236420398,Morocco,"Middle East, North Africa, Afghanistan & Pakistan",Lower middle income,Rabat,-6.8704,33.9905,False
MAR,2017,5.05789816173446,3296.52661132813,61.7622120123071,Morocco,"Middle East, North Africa, Afghanistan & Pakistan",Lower middle income,Rabat,-6.8704,33.9905,False
MAR,2018,3.06564133025955,3501.69799804688,64.8038651924043,Morocco,"Middle East, North Africa, Afghanistan & Pakistan",Lower middle income,Rabat,-6.8704,33.9905,False
MAR,2019,2.89097476137077,3508.09765625,84.1203630467602,Morocco,"Middle East, North Africa, Afghanistan & Pakistan",Lower middle income,Rabat,-6.8704,33.9905,False
MAR,2020,-7.17820744246774,3268.0302734375,84.12036305,Morocco,"Middle East, North Africa, Afghanistan & Pakistan",Lower middle income,Rabat,-6.8704,33.9905,False
MAR,2021,8.15473889823681,3785.93627929688,88.13031937,Morocco,"Middle East, North Africa, Afghanistan & Pakistan",Lower middle income,Rabat,-6.8704,33.9905,False
MAR,2022,1.81269242194809,3463.1376953125,89.9,Morocco,"Middle East, North Africa, Afghanistan & Pakistan",Lower middle income,Rabat,-6.8704,33.9905,False
MAR,2023,3.65564411017931,3813.72607421875,91.0,Morocco,"Middle East, North Africa, Afghanistan & Pakistan",Lower middle income,Rabat,-6.8704,33.9905,False
MAR,2024,3.79336515978963,4153.1943359375,91.2,Morocco,"Middle East, North Africa, Afghanistan & Pakistan",Lower middle income,Rabat,-6.8704,33.9905,False
MCO,2000,3.91022992758094,81789.014508777,42.1848634460346,Monaco,Europe & Central Asia,High income,Monaco,7.41891,43.7325,False
MCO,2001,2.18773369040099,82402.7746362391,46.6461423640265,Monaco,Europe & Central Asia,High income,Monaco,7.41891,43.7325,False
MCO,2002,1.02649757327522,90051.4463079416,48.0471171729696,Monaco,Europe & Central Asia,High income,Monaco,7.41891,43.7325,False
MCO,2003,1.08753654746801,111110.460463916,49.4911689195459,Monaco,Europe & Central Asia,High income,Monaco,7.41891,43.7325,False
MCO,2004,2.47048260499609,125160.282928751,52.4901966838546,Monaco,Europe & Central Asia,High income,Monaco,7.41891,43.7325,False
MCO,2005,1.89541410859198,130538.711379722,55.46480179,Monaco,Europe & Central Asia,High income,Monaco,7.41891,43.7325,False
MCO,2006,5.81764849670007,143083.509443656,61.47600174,Monaco,Europe & Central Asia,High income,Monaco,7.41891,43.7325,False
MCO,2007,14.4375144375144,184558.455423983,64.37770081,Monaco,Europe & Central Asia,High income,Monaco,7.41891,43.7325,False
MCO,2008,0.746871215179652,204263.893236529,67.25,Monaco,Europe & Central Asia,High income,Monaco,7.41891,43.7325,False
MCO,2009,-11.3369865758365,169150.337647299,70.1,Monaco,Europe & Central Asia,High income,Monaco,7.41891,43.7325,False
MCO,2010,2.06521962654098,161853.922745228,75.0,Monaco,Europe & Central Asia,High income,Monaco,7.41891,43.7325,False
MCO,2011,7.02235694617619,179364.009524397,80.30000305,Monaco,Europe & Central Asia,High income,Monaco,7.41891,43.7325,False
MCO,2012,1.01221841230461,165444.625782803,87.0,Monaco,Europe & Central Asia,High income,Monaco,7.41891,43.7325,False
MCO,2013,9.57709832354816,184940.633666281,90.69999695,Monaco,Europe & Central Asia,High income,Monaco,7.41891,43.7325,False
MCO,2014,7.18702777537968,195693.519540544,92.40000153,Monaco,Europe & Central Asia,High income,Monaco,7.41891,43.7325,False
MCO,2015,4.91037176536236,170437.021128628,93.36329651,Monaco,Europe & Central Asia,High income,Monaco,7.41891,43.7325,False
MCO,2016,3.00844358752744,173604.669723126,95.20819855,Monaco,Europe & Central Asia,High income,Monaco,7.41891,43.7325,False
MCO,2017,-3.20618323813213,170663.470051177,97.0530014,Monaco,Europe & Central Asia,High income,Monaco,7.41891,43.7325,False
MCO,2018,5.69790121192926,188298.389694191,,Monaco,Europe & Central Asia,High income,Monaco,7.41891,43.7325,False
MCO,2019,7.12088951975396,193746.729890885,98.0,Monaco,Europe & Central Asia,High income,Monaco,7.41891,43.7325,False
MCO,2020,-13.2391048292108,176891.806328966,98.57080078,Monaco,Europe & Central Asia,High income,Monaco,7.41891,43.7325,False
MCO,2021,22.2322155851208,223823.327192464,99.07759857,Monaco,Europe & Central Asia,High income,Monaco,7.41891,43.7325,False
MCO,2022,11.2662955198601,226052.060664649,98.75189972,Monaco,Europe & Central Asia,High income,Monaco,7.41891,43.7325,False
MCO,2023,5.44395088840088,256799.911212051,98.87049866,Monaco,Europe & Central Asia,High income,Monaco,7.41891,43.7325,False
MCO,2024,8.51053758860212,288001.574856495,99.04489899,Monaco,Europe & Central Asia,High income,Monaco,7.41891,43.7325,False
MDA,2000,2.10771608200733,440.538683980372,1.28284641670022,Moldova,Europe & Central Asia,Upper middle income,Chisinau,28.8497,47.0167,False
MDA,2001,6.10000039929173,507.404076252819,1.48781295215565,Moldova,Europe & Central Asia,Upper middle income,Chisinau,28.8497,47.0167,False
MDA,2002,7.79999965773833,570.799866188293,3.78724279887342,Moldova,Europe & Central Asia,Upper middle income,Chisinau,28.8497,47.0167,False
MDA,2003,6.59999995777716,682.319095965299,7.40754458415897,Moldova,Europe & Central Asia,Upper middle income,Chisinau,28.8497,47.0167,False
MDA,2004,7.39999973358189,897.178494749468,10.629390841654,Moldova,Europe & Central Asia,Upper middle income,Chisinau,28.8497,47.0167,False
MDA,2005,7.5000001493726,1034.39197746993,14.6302704551796,Moldova,Europe & Central Asia,Upper middle income,Chisinau,28.8497,47.0167,False
MDA,2006,4.79999983670831,1183.02481442894,19.6206477051634,Moldova,Europe & Central Asia,Upper middle income,Chisinau,28.8497,47.0167,False
MDA,2007,3.00000022585525,1531.21618590748,20.45,Moldova,Europe & Central Asia,Upper middle income,Chisinau,28.8497,47.0167,False
MDA,2008,7.80000014541523,2110.55305353857,23.39,Moldova,Europe & Central Asia,Upper middle income,Chisinau,28.8497,47.0167,False
MDA,2009,-6.00000026352828,1898.43975710988,27.5,Moldova,Europe & Central Asia,Upper middle income,Chisinau,28.8497,47.0167,False
MDA,2010,7.10000010705836,2436.79935102421,29.68000031,Moldova,Europe & Central Asia,Upper middle income,Chisinau,28.8497,47.0167,False
MDA,2011,5.81816614684824,2941.36224066021,32.06999969,Moldova,Europe & Central Asia,Upper middle income,Chisinau,28.8497,47.0167,False
MDA,2012,-0.589733954762579,3044.8084324815,34.65000153,Moldova,Europe & Central Asia,Upper middle income,Chisinau,28.8497,47.0167,False
MDA,2013,9.0438656074181,3321.04397795719,37.43999863,Moldova,Europe & Central Asia,Upper middle income,Chisinau,28.8497,47.0167,False
MDA,2014,4.99962585407656,3289.95758568777,66.9999982002077,Moldova,Europe & Central Asia,Upper middle income,Chisinau,28.8497,47.0167,False
MDA,2015,-0.338235622387202,2749.55137054338,69.0000044661932,Moldova,Europe & Central Asia,Upper middle income,Chisinau,28.8497,47.0167,False
MDA,2016,4.64601436259409,2847.08794770479,70.9999991066624,Moldova,Europe & Central Asia,Upper middle income,Chisinau,28.8497,47.0167,False
MDA,2017,4.17561205106279,3453.26727720294,71.76709747,Moldova,Europe & Central Asia,Upper middle income,Chisinau,28.8497,47.0167,False
MDA,2018,4.07559546585034,4156.44981956646,72.54239655,Moldova,Europe & Central Asia,Upper middle income,Chisinau,28.8497,47.0167,False
MDA,2019,3.5523140853476,4405.33418162155,73.32610321,Moldova,Europe & Central Asia,Upper middle income,Chisinau,28.8497,47.0167,False
MDA,2020,-8.27597831976949,4375.7788930524,74.11830139,Moldova,Europe & Central Asia,Upper middle income,Chisinau,28.8497,47.0167,False
MDA,2021,13.9299997889786,5274.60582195352,74.91899872,Moldova,Europe & Central Asia,Upper middle income,Chisinau,28.8497,47.0167,False
MDA,2022,-4.64785101037361,5744.29618434435,74.91899872,Moldova,Europe & Central Asia,Upper middle income,Chisinau,28.8497,47.0167,False
MDA,2023,1.18802067937429,6799.58594644576,76.50330353,Moldova,Europe & Central Asia,Upper middle income,Chisinau,28.8497,47.0167,False
MDA,2024,0.270670455512573,7578.90216348853,77.3687973,Moldova,Europe & Central Asia,Upper middle income,Chisinau,28.8497,47.0167,False
MDG,2000,4.45685893956946,280.282905559649,0.196394691006341,Madagascar,Sub-Saharan Africa ,Low income,Antananarivo,45.7167,-20.4667,False
MDG,2001,5.98023576982733,319.283278235657,0.222511586178292,Madagascar,Sub-Saharan Africa ,Low income,Antananarivo,45.7167,-20.4667,False
MDG,2002,-12.4079711055149,304.941777398445,0.339720154596142,Madagascar,Sub-Saharan Africa ,Low income,Antananarivo,45.7167,-20.4667,False
MDG,2003,9.78489212474175,352.620095849925,0.423252419277809,Madagascar,Sub-Saharan Africa ,Low income,Antananarivo,45.7167,-20.4667,False
MDG,2004,5.25700362208742,272.20074858856,0.525353654946669,Madagascar,Sub-Saharan Africa ,Low income,Antananarivo,45.7167,-20.4667,False
MDG,2005,4.75584509499119,305.812074924388,0.567700028,Madagascar,Sub-Saharan Africa ,Low income,Antananarivo,45.7167,-20.4667,False
MDG,2006,5.3985084485368,324.146874882604,0.607599974,Madagascar,Sub-Saharan Africa ,Low income,Antananarivo,45.7167,-20.4667,False
MDG,2007,5.71056419885052,419.548001431865,0.649999976,Madagascar,Sub-Saharan Africa ,Low income,Antananarivo,45.7167,-20.4667,False
MDG,2008,6.71263253913001,512.579800058444,1.649999976,Madagascar,Sub-Saharan Africa ,Low income,Antananarivo,45.7167,-20.4667,False
MDG,2009,-3.9787086116544,446.315238370592,1.629999995,Madagascar,Sub-Saharan Africa ,Low income,Antananarivo,45.7167,-20.4667,False
MDG,2010,0.619239744622121,450.009391645726,1.700000048,Madagascar,Sub-Saharan Africa ,Low income,Antananarivo,45.7167,-20.4667,False
MDG,2011,1.57842705366555,506.163691559309,1.899999976,Madagascar,Sub-Saharan Africa ,Low income,Antananarivo,45.7167,-20.4667,False
MDG,2012,3.01114811621208,493.511162904211,2.299999952,Madagascar,Sub-Saharan Africa ,Low income,Antananarivo,45.7167,-20.4667,False
MDG,2013,2.30037622800727,515.301589361832,3.0,Madagascar,Sub-Saharan Africa ,Low income,Antananarivo,45.7167,-20.4667,False
MDG,2014,3.33920311195367,505.684922503435,3.700000048,Madagascar,Sub-Saharan Africa ,Low income,Antananarivo,45.7167,-20.4667,False
MDG,2015,3.13229807490305,445.320069480568,4.173999786,Madagascar,Sub-Saharan Africa ,Low income,Antananarivo,45.7167,-20.4667,False
MDG,2016,3.99314606199499,453.970714522463,4.713699818,Madagascar,Sub-Saharan Africa ,Low income,Antananarivo,45.7167,-20.4667,False
MDG,2017,3.93330759462793,491.866848718929,6.406000137,Madagascar,Sub-Saharan Africa ,Low income,Antananarivo,45.7167,-20.4667,False
MDG,2018,3.19435651744398,500.45718552916,7.747799873,Madagascar,Sub-Saharan Africa ,Low income,Antananarivo,45.7167,-20.4667,False
MDG,2019,4.41123212909589,499.818837622534,9.379400253,Madagascar,Sub-Saharan Africa ,Low income,Antananarivo,45.7167,-20.4667,False
MDG,2020,-7.13767162064489,450.771615205157,11.35470009,Madagascar,Sub-Saharan Africa ,Low income,Antananarivo,45.7167,-20.4667,False
MDG,2021,4.65068343174309,483.469463351195,13.74590015,Madagascar,Sub-Saharan Africa ,Low income,Antananarivo,45.7167,-20.4667,False
MDG,2022,4.13753534956307,504.059106969168,17.81170082,Madagascar,Sub-Saharan Africa ,Low income,Antananarivo,45.7167,-20.4667,False
MDG,2023,4.23086580696344,514.064076551927,18.24080086,Madagascar,Sub-Saharan Africa ,Low income,Antananarivo,45.7167,-20.4667,False
MDG,2024,4.32283728087992,550.37875528856,18.67790031,Madagascar,Sub-Saharan Africa ,Low income,Antananarivo,45.7167,-20.4667,False
MDV,2000,3.84581040832157,2213.81235053178,2.2038729393788,Maldives,South Asia,Upper middle income,Male,73.5109,4.1742,False
MDV,2001,-3.94363452271253,3033.93234507036,3.61729064930367,Maldives,South Asia,Upper middle income,Male,73.5109,4.1742,False
MDV,2002,7.26838656139654,3076.07007160101,5.3477651689359,Maldives,South Asia,Upper middle income,Male,73.5109,4.1742,False
MDV,2003,13.7500496410836,3548.5767011056,5.97659284988557,Maldives,South Asia,Upper middle income,Male,73.5109,4.1742,False
MDV,2004,5.92489251113133,4070.2609459446,6.58825487530861,Maldives,South Asia,Upper middle income,Male,73.5109,4.1742,False
MDV,2005,-11.1773097061784,3796.51546524644,6.86960506696215,Maldives,South Asia,Upper middle income,Male,73.5109,4.1742,False
MDV,2006,23.6302719852686,5018.94335409159,11.0363527828647,Maldives,South Asia,Upper middle income,Male,73.5109,4.1742,False
MDV,2007,7.13338024717898,5758.10286933053,16.3,Maldives,South Asia,Upper middle income,Male,73.5109,4.1742,False
MDV,2008,8.97645459033633,6757.43280929292,23.2,Maldives,South Asia,Upper middle income,Male,73.5109,4.1742,False
MDV,2009,-8.34069861571051,6734.03165601895,24.8,Maldives,South Asia,Upper middle income,Male,73.5109,4.1742,False
MDV,2010,6.7854678229144,7173.59601844692,26.53,Maldives,South Asia,Upper middle income,Male,73.5109,4.1742,False
MDV,2011,8.84342600490342,7424.520410971,34.0,Maldives,South Asia,Upper middle income,Male,73.5109,4.1742,False
MDV,2012,2.38928797963442,7461.29703686309,38.93009949,Maldives,South Asia,Upper middle income,Male,73.5109,4.1742,False
MDV,2013,6.97496226412528,8236.08177944126,44.09999847,Maldives,South Asia,Upper middle income,Male,73.5109,4.1742,False
MDV,2014,7.86068643108074,8939.07416571472,49.27999878,Maldives,South Asia,Upper middle income,Male,73.5109,4.1742,False
MDV,2015,3.86813536494475,9644.90655028145,54.4620018,Maldives,South Asia,Upper middle income,Male,73.5109,4.1742,False
MDV,2016,6.37528306716864,9947.80744731739,59.47750092,Maldives,South Asia,Upper middle income,Male,73.5109,4.1742,False
MDV,2017,7.07442863215275,10509.628805812,64.95500183,Maldives,South Asia,Upper middle income,Male,73.5109,4.1742,False
MDV,2018,8.5689555834747,11423.2838427029,70.93689728,Maldives,South Asia,Upper middle income,Male,73.5109,4.1742,False
MDV,2019,6.92305989050099,11740.2724029785,77.46970367,Maldives,South Asia,Upper middle income,Male,73.5109,4.1742,False
MDV,2020,-32.9088287752921,7393.8886543933,79.09780121,Maldives,South Asia,Upper middle income,Male,73.5109,4.1742,False
MDV,2021,37.507870124321,10176.143882547,81.95760345,Maldives,South Asia,Upper middle income,Male,73.5109,4.1742,False
MDV,2022,13.8260895184139,11786.0191492983,83.91189054,Maldives,South Asia,Upper middle income,Male,73.5109,4.1742,False
MDV,2023,4.94286301229583,12587.6126038651,84.55290222,Maldives,South Asia,Upper middle income,Male,73.5109,4.1742,False
MDV,2024,3.49440422654285,13379.3513577224,85.23999786,Maldives,South Asia,Upper middle income,Male,73.5109,4.1742,False
MEX,2000,5.02928399378261,7524.0271380091,5.08138415338066,Mexico,Latin America & Caribbean ,Upper middle income,Mexico City,-99.1276,19.427,False
MEX,2001,-0.450845253215945,7952.76479510706,7.0380231165045,Mexico,Latin America & Caribbean ,Upper middle income,Mexico City,-99.1276,19.427,False
MEX,2002,-0.236588001922641,7983.03398381759,11.9,Mexico,Latin America & Caribbean ,Upper middle income,Mexico City,-99.1276,19.427,False
MEX,2003,1.18554486709559,7434.07465031562,12.9,Mexico,Latin America & Caribbean ,Upper middle income,Mexico City,-99.1276,19.427,False
MEX,2004,3.56544102622887,7849.66759649565,14.1,Mexico,Latin America & Caribbean ,Upper middle income,Mexico City,-99.1276,19.427,False
MEX,2005,2.11324711473297,8671.75891798441,17.20999908,Mexico,Latin America & Caribbean ,Upper middle income,Mexico City,-99.1276,19.427,False
MEX,2006,4.80501351664901,9512.63575346699,19.52000046,Mexico,Latin America & Caribbean ,Upper middle income,Mexico City,-99.1276,19.427,False
MEX,2007,2.0778639395329,10134.3327129706,20.81,Mexico,Latin America & Caribbean ,Upper middle income,Mexico City,-99.1276,19.427,False
MEX,2008,0.943331872912935,10523.7685427665,21.71,Mexico,Latin America & Caribbean ,Upper middle income,Mexico City,-99.1276,19.427,False
MEX,2009,-6.29525056697287,8423.56933148639,26.34,Mexico,Latin America & Caribbean ,Upper middle income,Mexico City,-99.1276,19.427,False
MEX,2010,4.9713345832195,9728.80078307432,31.05,Mexico,Latin America & Caribbean ,Upper middle income,Mexico City,-99.1276,19.427,False
MEX,2011,3.44404505297089,10664.4944032313,37.1762954125184,Mexico,Latin America & Caribbean ,Upper middle income,Mexico City,-99.1276,19.427,False
MEX,2012,3.55321076010608,10744.1335236186,39.75,Mexico,Latin America & Caribbean ,Upper middle income,Mexico City,-99.1276,19.427,False
MEX,2013,0.852101550164704,11216.800851866,43.46,Mexico,Latin America & Caribbean ,Upper middle income,Mexico City,-99.1276,19.427,False
MEX,2014,2.50376350783593,11391.3773503964,44.3856962723411,Mexico,Latin America & Caribbean ,Upper middle income,Mexico City,-99.1276,19.427,False
MEX,2015,2.70232343024026,10021.2386113616,57.4310429923633,Mexico,Latin America & Caribbean ,Upper middle income,Mexico City,-99.1276,19.427,False
MEX,2016,1.7724932254128,9097.92397674769,59.5404459967255,Mexico,Latin America & Caribbean ,Upper middle income,Mexico City,-99.1276,19.427,False
MEX,2017,1.87172854648381,9649.27816729586,53.0317886110982,Mexico,Latin America & Caribbean ,Upper middle income,Mexico City,-99.1276,19.427,False
MEX,2018,1.97208211101069,10084.7937570364,56.6595667981289,Mexico,Latin America & Caribbean ,Upper middle income,Mexico City,-99.1276,19.427,False
MEX,2019,-0.392690513290532,10369.5553593527,69.6321092705209,Mexico,Latin America & Caribbean ,Upper middle income,Mexico City,-99.1276,19.427,False
MEX,2020,-8.35403459379062,8841.27074929751,71.49017499,Mexico,Latin America & Caribbean ,Upper middle income,Mexico City,-99.1276,19.427,False
MEX,2021,6.04848347173572,10314.0506733708,75.62650476,Mexico,Latin America & Caribbean ,Upper middle income,Mexico City,-99.1276,19.427,False
MEX,2022,3.70975708309098,11405.7940469896,78.63217894,Mexico,Latin America & Caribbean ,Upper middle income,Mexico City,-99.1276,19.427,False
MEX,2023,3.1067964131456,13830.843848864,81.18318755,Mexico,Latin America & Caribbean ,Upper middle income,Mexico City,-99.1276,19.427,False
MEX,2024,1.35057631384696,13988.0423745241,83.12233799,Mexico,Latin America & Caribbean ,Upper middle income,Mexico City,-99.1276,19.427,False
MHL,2000,2.45443006851272,2264.79114897645,1.53427179624871,Marshall Islands,East Asia & Pacific,Upper middle income,Majuro,171.135,7.11046,True
MHL,2001,6.93004446202892,2394.34501105178,1.7066140776699,Marshall Islands,East Asia & Pacific,Upper middle income,Majuro,171.135,7.11046,True
MHL,2002,3.63579015049041,2566.06708799222,2.33544457522934,Marshall Islands,East Asia & Pacific,Upper middle income,Majuro,171.135,7.11046,True
MHL,2003,-1.56167510462087,2539.3307383954,2.5697503671072,Marshall Islands,East Asia & Pacific,Upper middle income,Majuro,171.135,7.11046,True
MHL,2004,-0.408355471416314,2566.08291015814,3.59977681383754,Marshall Islands,East Asia & Pacific,Upper middle income,Majuro,171.135,7.11046,True
MHL,2005,1.79104477611941,2658.65217893885,3.8787023977433,Marshall Islands,East Asia & Pacific,Upper middle income,Majuro,171.135,7.11046,True
MHL,2006,0.175953079178882,2754.26988767503,3.79559021427832,Marshall Islands,East Asia & Pacific,Upper middle income,Majuro,171.135,7.11046,True
MHL,2007,3.68852459016394,2892.28403958874,3.950000048,Marshall Islands,East Asia & Pacific,Upper middle income,Majuro,171.135,7.11046,True
MHL,2008,-7.56634669678148,2817.60522775322,4.599999905,Marshall Islands,East Asia & Pacific,Upper middle income,Majuro,171.135,7.11046,True
MHL,2009,3.66524129505193,2906.63026970914,5.599999905,Marshall Islands,East Asia & Pacific,Upper middle income,Majuro,171.135,7.11046,True
MHL,2010,5.53918680023571,3095.45768964722,7.0,Marshall Islands,East Asia & Pacific,Upper middle income,Majuro,171.135,7.11046,True
MHL,2011,-0.502512562814076,3319.39815439151,10.0,Marshall Islands,East Asia & Pacific,Upper middle income,Majuro,171.135,7.11046,True
MHL,2012,-1.29068462401796,3514.26515490383,12.5,Marshall Islands,East Asia & Pacific,Upper middle income,Majuro,171.135,7.11046,True
MHL,2013,3.80898237635019,3677.90690791421,14.0,Marshall Islands,East Asia & Pacific,Upper middle income,Majuro,171.135,7.11046,True
MHL,2014,-1.25958378970427,3735.23977829545,16.79999924,Marshall Islands,East Asia & Pacific,Upper middle income,Majuro,171.135,7.11046,True
MHL,2015,1.88574597892401,3764.34426229508,19.28240013,Marshall Islands,East Asia & Pacific,Upper middle income,Majuro,171.135,7.11046,True
MHL,2016,2.5040827436037,4229.80988911945,29.78779984,Marshall Islands,East Asia & Pacific,Upper middle income,Majuro,171.135,7.11046,True
MHL,2017,3.55815188528943,4592.83457628576,38.70119858,Marshall Islands,East Asia & Pacific,Upper middle income,Majuro,171.135,7.11046,True
MHL,2018,5.48717948717949,4858.12079054875,43.88249969,Marshall Islands,East Asia & Pacific,Upper middle income,Majuro,171.135,7.11046,True
MHL,2019,10.4521147301896,5292.33985502306,49.75749969,Marshall Islands,East Asia & Pacific,Upper middle income,Majuro,171.135,7.11046,True
MHL,2020,-2.77288732394366,5661.96787336674,56.41910172,Marshall Islands,East Asia & Pacific,Upper middle income,Majuro,171.135,7.11046,True
MHL,2021,2.15939339067452,6315.31172190393,63.97259903,Marshall Islands,East Asia & Pacific,Upper middle income,Majuro,171.135,7.11046,True
MHL,2022,-0.700580183196621,6455.6603538189,64.26719666,Marshall Islands,East Asia & Pacific,Upper middle income,Majuro,171.135,7.11046,True
MHL,2023,-5.39477377525279,6799.39217554794,64.07589722,Marshall Islands,East Asia & Pacific,Upper middle income,Majuro,171.135,7.11046,True
MHL,2024,3.30188679245282,7590.28443592202,65.915802,Marshall Islands,East Asia & Pacific,Upper middle income,Majuro,171.135,7.11046,True
MKD,2000,4.54913578288874,1861.89899780644,2.48556631640066,North Macedonia,Europe & Central Asia,Upper middle income,Skopje,21.4361,42.0024,False
MKD,2001,-3.06725662451662,1823.02267682636,3.46818460849398,North Macedonia,Europe & Central Asia,Upper middle income,Skopje,21.4361,42.0024,False
MKD,2002,1.49366547202928,1989.13537265159,17.33,North Macedonia,Europe & Central Asia,Upper middle income,Skopje,21.4361,42.0024,False
MKD,2003,2.22260165732409,2445.36286400013,19.07,North Macedonia,Europe & Central Asia,Upper middle income,Skopje,21.4361,42.0024,False
MKD,2004,4.67408957960916,2818.5814561242,24.44,North Macedonia,Europe & Central Asia,Upper middle income,Skopje,21.4361,42.0024,False
MKD,2005,4.72408864201974,3120.98401394233,26.45000076,North Macedonia,Europe & Central Asia,Upper middle income,Skopje,21.4361,42.0024,False
MKD,2006,5.13702516153505,3440.4411057968,28.62,North Macedonia,Europe & Central Asia,Upper middle income,Skopje,21.4361,42.0024,False
MKD,2007,6.47348685752347,4204.11328760452,36.29999924,North Macedonia,Europe & Central Asia,Upper middle income,Skopje,21.4361,42.0024,False
MKD,2008,5.47200139015595,5026.4202989873,46.04,North Macedonia,Europe & Central Asia,Upper middle income,Skopje,21.4361,42.0024,False
MKD,2009,-0.358614856979671,4799.78722768888,51.77,North Macedonia,Europe & Central Asia,Upper middle income,Skopje,21.4361,42.0024,False
MKD,2010,3.35875085773812,4833.36586759968,51.9,North Macedonia,Europe & Central Asia,Upper middle income,Skopje,21.4361,42.0024,False
MKD,2011,2.33988604520331,5416.86672931659,56.7,North Macedonia,Europe & Central Asia,Upper middle income,Skopje,21.4361,42.0024,False
MKD,2012,-0.456183223607937,5049.8265386157,57.449947312961,North Macedonia,Europe & Central Asia,Upper middle income,Skopje,21.4361,42.0024,False
MKD,2013,2.92525766450484,5626.26115664893,65.24,North Macedonia,Europe & Central Asia,Upper middle income,Skopje,21.4361,42.0024,False
MKD,2014,3.62912351276373,5925.38592218015,68.0584815397496,North Macedonia,Europe & Central Asia,Upper middle income,Skopje,21.4361,42.0024,False
MKD,2015,3.85586514041738,5262.68671928674,70.3802030766689,North Macedonia,Europe & Central Asia,Upper middle income,Skopje,21.4361,42.0024,False
MKD,2016,2.84820519363306,5598.48622617967,72.1568144676058,North Macedonia,Europe & Central Asia,Upper middle income,Skopje,21.4361,42.0024,False
MKD,2017,1.08177273813243,5955.2973863451,74.5168241807954,North Macedonia,Europe & Central Asia,Upper middle income,Skopje,21.4361,42.0024,False
MKD,2018,2.88059670964267,6713.98925398989,79.1677551850871,North Macedonia,Europe & Central Asia,Upper middle income,Skopje,21.4361,42.0024,False
MKD,2019,3.91041953840173,6718.85826635458,81.4128827618364,North Macedonia,Europe & Central Asia,Upper middle income,Skopje,21.4361,42.0024,False
MKD,2020,-4.68845000956652,6659.59651070776,81.40553811,North Macedonia,Europe & Central Asia,Upper middle income,Skopje,21.4361,42.0024,False
MKD,2021,4.51067949038222,7620.80296977508,81.873703,North Macedonia,Europe & Central Asia,Upper middle income,Skopje,21.4361,42.0024,False
MKD,2022,2.75888415332967,7606.2375253797,83.85030365,North Macedonia,Europe & Central Asia,Upper middle income,Skopje,21.4361,42.0024,False
MKD,2023,2.554965253403,8674.35846327485,88.5,North Macedonia,Europe & Central Asia,Upper middle income,Skopje,21.4361,42.0024,False
MKD,2024,2.99373536567732,9291.8566035502,93.6,North Macedonia,Europe & Central Asia,Upper middle income,Skopje,21.4361,42.0024,False
MLI,2000,-0.736019992224286,304.652870189314,0.142545755049184,Mali,Sub-Saharan Africa ,Low income,Bamako,-7.50034,13.5667,True
MLI,2001,15.806031742271,346.224554248587,0.185897413256084,Mali,Sub-Saharan Africa ,Low income,Bamako,-7.50034,13.5667,True
MLI,2002,3.03627540738884,378.191678628068,0.2270455784917,Mali,Sub-Saharan Africa ,Low income,Bamako,-7.50034,13.5667,True
MLI,2003,9.79712256086644,441.910358475171,0.310364443230575,Mali,Sub-Saharan Africa ,Low income,Bamako,-7.50034,13.5667,True
MLI,2004,1.47732490290102,495.006294675661,0.432819639900985,Mali,Sub-Saharan Africa ,Low income,Bamako,-7.50034,13.5667,True
MLI,2005,2.53837834888921,548.730382848879,0.507099986,Mali,Sub-Saharan Africa ,Low income,Bamako,-7.50034,13.5667,True
MLI,2006,3.68960265255278,586.985415512593,0.729600012,Mali,Sub-Saharan Africa ,Low income,Bamako,-7.50034,13.5667,True
MLI,2007,1.76004607852802,670.853394978069,0.81,Mali,Sub-Saharan Africa ,Low income,Bamako,-7.50034,13.5667,True
MLI,2008,3.63871070923719,767.194838946144,1.57,Mali,Sub-Saharan Africa ,Low income,Bamako,-7.50034,13.5667,True
MLI,2009,5.45473562683669,787.48256428259,1.799999952,Mali,Sub-Saharan Africa ,Low income,Bamako,-7.50034,13.5667,True
MLI,2010,5.57678859793515,797.151541141189,2.0,Mali,Sub-Saharan Africa ,Low income,Bamako,-7.50034,13.5667,True
MLI,2011,2.93537897118415,938.292902579598,2.2,Mali,Sub-Saharan Africa ,Low income,Bamako,-7.50034,13.5667,True
MLI,2012,-1.07239924147837,872.506092463946,2.799999952,Mali,Sub-Saharan Africa ,Low income,Bamako,-7.50034,13.5667,True
MLI,2013,3.29068742053545,901.920957649814,3.5,Mali,Sub-Saharan Africa ,Low income,Bamako,-7.50034,13.5667,True
MLI,2014,6.50263878386326,947.915033293219,7.0,Mali,Sub-Saharan Africa ,Low income,Bamako,-7.50034,13.5667,True
MLI,2015,6.23887890181064,838.11986940103,10.32999992,Mali,Sub-Saharan Africa ,Low income,Bamako,-7.50034,13.5667,True
MLI,2016,6.00506308559498,872.468587171653,14.0,Mali,Sub-Saharan Africa ,Low income,Bamako,-7.50034,13.5667,True
MLI,2017,5.37554769647939,924.057531692284,18.89999962,Mali,Sub-Saharan Africa ,Low income,Bamako,-7.50034,13.5667,True
MLI,2018,4.86784999935264,996.379292136901,21.39999962,Mali,Sub-Saharan Africa ,Low income,Bamako,-7.50034,13.5667,True
MLI,2019,4.99999911699705,971.949318638092,24.96030045,Mali,Sub-Saharan Africa ,Low income,Bamako,-7.50034,13.5667,True
MLI,2020,-1.16910834857605,953.242943290974,29.11300087,Mali,Sub-Saharan Africa ,Low income,Bamako,-7.50034,13.5667,True
MLI,2021,3.10094124463507,1027.27345365357,33.95650101,Mali,Sub-Saharan Africa ,Low income,Bamako,-7.50034,13.5667,True
MLI,2022,3.70319027585386,976.914116406452,35.19919968,Mali,Sub-Saharan Africa ,Low income,Bamako,-7.50034,13.5667,True
MLI,2023,4.76394100040932,1042.44223444837,36.03879929,Mali,Sub-Saharan Africa ,Low income,Bamako,-7.50034,13.5667,True
MLI,2024,5.01653579205785,1093.2523323649,36.80149841,Mali,Sub-Saharan Africa ,Low income,Bamako,-7.50034,13.5667,True
MLT,2000,19.6812693530689,10348.485765125,13.1137087111024,Malta,"Middle East, North Africa, Afghanistan & Pakistan",High income,Valletta,14.5189,35.9042,False
MLT,2001,-0.757203651807174,10357.7026407269,17.8778483243348,Malta,"Middle East, North Africa, Afghanistan & Pakistan",High income,Valletta,14.5189,35.9042,False
MLT,2002,2.74113503379645,11251.2024877398,28.92,Malta,"Middle East, North Africa, Afghanistan & Pakistan",High income,Valletta,14.5189,35.9042,False
MLT,2003,3.69331066307235,13593.9787182902,31.64,Malta,"Middle East, North Africa, Afghanistan & Pakistan",High income,Valletta,14.5189,35.9042,False
MLT,2004,0.407354423655889,15212.1312964883,34.62,Malta,"Middle East, North Africa, Afghanistan & Pakistan",High income,Valletta,14.5189,35.9042,False
MLT,2005,2.88123652429068,15831.3439802756,41.24,Malta,"Middle East, North Africa, Afghanistan & Pakistan",High income,Valletta,14.5189,35.9042,False
MLT,2006,2.33618870316785,16653.6038312389,40.41,Malta,"Middle East, North Africa, Afghanistan & Pakistan",High income,Valletta,14.5189,35.9042,False
MLT,2007,5.03640177981643,19444.1743635565,46.9,Malta,"Middle East, North Africa, Afghanistan & Pakistan",High income,Valletta,14.5189,35.9042,False
MLT,2008,4.41059689827608,22405.6426266551,50.08,Malta,"Middle East, North Africa, Afghanistan & Pakistan",High income,Valletta,14.5189,35.9042,False
MLT,2009,-1.39524956144803,21261.5428699817,58.86,Malta,"Middle East, North Africa, Afghanistan & Pakistan",High income,Valletta,14.5189,35.9042,False
MLT,2010,6.19734978656928,21946.6073066905,63.0,Malta,"Middle East, North Africa, Afghanistan & Pakistan",High income,Valletta,14.5189,35.9042,False
MLT,2011,0.992201768011597,23516.972445816,68.0198237885462,Malta,"Middle East, North Africa, Afghanistan & Pakistan",High income,Valletta,14.5189,35.9042,False
MLT,2012,4.10167460261891,22878.3095862582,68.1998742928975,Malta,"Middle East, North Africa, Afghanistan & Pakistan",High income,Valletta,14.5189,35.9042,False
MLT,2013,6.29233378116625,25415.5525389054,68.9138,Malta,"Middle East, North Africa, Afghanistan & Pakistan",High income,Valletta,14.5189,35.9042,False
MLT,2014,7.6313628225042,27424.5693619702,73.1141157845193,Malta,"Middle East, North Africa, Afghanistan & Pakistan",High income,Valletta,14.5189,35.9042,False
MLT,2015,9.62070302842181,25529.6693210673,75.9600189752747,Malta,"Middle East, North Africa, Afghanistan & Pakistan",High income,Valletta,14.5189,35.9042,False
MLT,2016,4.07800422216982,26459.0644285369,78.0751488032182,Malta,"Middle East, North Africa, Afghanistan & Pakistan",High income,Valletta,14.5189,35.9042,False
MLT,2017,12.9713425287845,30317.2611769875,81.0119110762945,Malta,"Middle East, North Africa, Afghanistan & Pakistan",High income,Valletta,14.5189,35.9042,False
MLT,2018,7.18921425536917,33382.280781103,81.6580442928014,Malta,"Middle East, North Africa, Afghanistan & Pakistan",High income,Valletta,14.5189,35.9042,False
MLT,2019,4.0850557312243,32421.9087471186,85.7785963798031,Malta,"Middle East, North Africa, Afghanistan & Pakistan",High income,Valletta,14.5189,35.9042,False
MLT,2020,-3.45728232537419,31823.422001724,86.85876183,Malta,"Middle East, North Africa, Afghanistan & Pakistan",High income,Valletta,14.5189,35.9042,False
MLT,2021,13.3509818925498,38078.0064279067,87.46977742,Malta,"Middle East, North Africa, Afghanistan & Pakistan",High income,Valletta,14.5189,35.9042,False
MLT,2022,2.59276776884379,35658.8318250199,91.54062209,Malta,"Middle East, North Africa, Afghanistan & Pakistan",High income,Valletta,14.5189,35.9042,False
MLT,2023,10.6340558017004,40932.5238774461,92.07266941,Malta,"Middle East, North Africa, Afghanistan & Pakistan",High income,Valletta,14.5189,35.9042,False
MLT,2024,6.21275996991034,44023.6341078148,93.86029816,Malta,"Middle East, North Africa, Afghanistan & Pakistan",High income,Valletta,14.5189,35.9042,False
MMR,2000,13.7459305561226,196.619580625284,,Myanmar,East Asia & Pacific,Lower middle income,Naypyidaw,95.9562,21.914,True
MMR,2001,11.3439970699605,141.525660705722,0.000289277380848561,Myanmar,East Asia & Pacific,Lower middle income,Naypyidaw,95.9562,21.914,True
MMR,2002,12.0255134340315,146.598390364449,0.00042649350636189,Myanmar,East Asia & Pacific,Lower middle income,Naypyidaw,95.9562,21.914,True
MMR,2003,13.8439968903798,224.292688912409,0.0240641491408465,Myanmar,East Asia & Pacific,Lower middle income,Naypyidaw,95.9562,21.914,True
MMR,2004,13.5646616163416,224.508811413327,0.024337392002823,Myanmar,East Asia & Pacific,Lower middle income,Naypyidaw,95.9562,21.914,True
MMR,2005,13.5689500216456,252.685193060728,0.065200001,Myanmar,East Asia & Pacific,Lower middle income,Naypyidaw,95.9562,21.914,True
MMR,2006,13.0761013792372,303.495087119254,0.18204833106115,Myanmar,East Asia & Pacific,Lower middle income,Naypyidaw,95.9562,21.914,True
MMR,2007,11.9914352402146,419.375780725042,0.217128445069958,Myanmar,East Asia & Pacific,Lower middle income,Naypyidaw,95.9562,21.914,True
MMR,2008,10.2553053929808,658.442487229705,0.22,Myanmar,East Asia & Pacific,Lower middle income,Naypyidaw,95.9562,21.914,True
MMR,2009,10.5500090961932,758.442935789255,0.219999999,Myanmar,East Asia & Pacific,Lower middle income,Naypyidaw,95.9562,21.914,True
MMR,2010,9.6344394520444,1010.53417343401,0.25,Myanmar,East Asia & Pacific,Lower middle income,Naypyidaw,95.9562,21.914,True
MMR,2011,5.59148237823661,1213.62898703376,0.98,Myanmar,East Asia & Pacific,Lower middle income,Naypyidaw,95.9562,21.914,True
MMR,2012,7.33267044704149,1202.6658960055,1.399999976,Myanmar,East Asia & Pacific,Lower middle income,Naypyidaw,95.9562,21.914,True
MMR,2013,8.42600102501767,1199.09561597055,1.799999952,Myanmar,East Asia & Pacific,Lower middle income,Naypyidaw,95.9562,21.914,True
MMR,2014,8.16990745558277,1293.00042298688,7.400000095,Myanmar,East Asia & Pacific,Lower middle income,Naypyidaw,95.9562,21.914,True
MMR,2015,6.99284029026121,1166.73305546337,10.89999962,Myanmar,East Asia & Pacific,Lower middle income,Naypyidaw,95.9562,21.914,True
MMR,2016,5.86247291518572,1229.19713515893,16.0,Myanmar,East Asia & Pacific,Lower middle income,Naypyidaw,95.9562,21.914,True
MMR,2017,6.13610824360305,1272.82241830603,23.621081950267,Myanmar,East Asia & Pacific,Lower middle income,Naypyidaw,95.9562,21.914,True
MMR,2018,6.26886221471075,1298.21310320785,29.37899971,Myanmar,East Asia & Pacific,Lower middle income,Naypyidaw,95.9562,21.914,True
MMR,2019,6.57911006765414,1425.98954211903,36.54050064,Myanmar,East Asia & Pacific,Lower middle income,Naypyidaw,95.9562,21.914,True
MMR,2020,-9.04834717984643,1490.21683548367,45.4477005,Myanmar,East Asia & Pacific,Lower middle income,Naypyidaw,95.9562,21.914,True
MMR,2021,-12.0163724829177,1242.72134419599,,Myanmar,East Asia & Pacific,Lower middle income,Naypyidaw,95.9562,21.914,True
MMR,2022,4.0374934360085,1158.05005034332,,Myanmar,East Asia & Pacific,Lower middle income,Naypyidaw,95.9562,21.914,True
MMR,2023,0.958446625126115,1233.19666209269,,Myanmar,East Asia & Pacific,Lower middle income,Naypyidaw,95.9562,21.914,True
MMR,2024,-0.97204641363362,1359.05001560107,,Myanmar,East Asia & Pacific,Lower middle income,Naypyidaw,95.9562,21.914,True
MNE,2000,3.09999666280245,1627.06511911987,,Montenegro,Europe & Central Asia,Upper middle income,Podgorica,19.2595,42.4602,False
MNE,2001,1.09984092979461,1909.59870186179,,Montenegro,Europe & Central Asia,Upper middle income,Podgorica,19.2595,42.4602,False
MNE,2002,1.90393612601383,2109.30631947331,,Montenegro,Europe & Central Asia,Upper middle income,Podgorica,19.2595,42.4602,False
MNE,2003,2.48265891351525,2789.95435110345,,Montenegro,Europe & Central Asia,Upper middle income,Podgorica,19.2595,42.4602,False
MNE,2004,4.42605147138921,3386.38099417981,25.3500686036232,Montenegro,Europe & Central Asia,Upper middle income,Podgorica,19.2595,42.4602,False
MNE,2005,4.18060206704946,3675.98851272723,27.10000038,Montenegro,Europe & Central Asia,Upper middle income,Podgorica,19.2595,42.4602,False
MNE,2006,8.56641991756757,4422.55172559508,28.89999962,Montenegro,Europe & Central Asia,Upper middle income,Podgorica,19.2595,42.4602,False
MNE,2007,7.13755016459636,5979.43813180981,30.79999924,Montenegro,Europe & Central Asia,Upper middle income,Podgorica,19.2595,42.4602,False
MNE,2008,6.89860030860218,7390.01481290503,32.90000153,Montenegro,Europe & Central Asia,Upper middle income,Podgorica,19.2595,42.4602,False
MNE,2009,-5.99444862538753,6726.67589734408,35.09999847,Montenegro,Europe & Central Asia,Upper middle income,Podgorica,19.2595,42.4602,False
MNE,2010,2.77559782547836,6678.63939560908,37.5,Montenegro,Europe & Central Asia,Upper middle income,Podgorica,19.2595,42.4602,False
MNE,2011,3.40978812497193,7265.51771176628,35.6115412460109,Montenegro,Europe & Central Asia,Upper middle income,Podgorica,19.2595,42.4602,False
MNE,2012,-2.48732882965353,6552.47970337373,56.8387825490631,Montenegro,Europe & Central Asia,Upper middle income,Podgorica,19.2595,42.4602,False
MNE,2013,3.38612548540247,7102.7776714702,60.31,Montenegro,Europe & Central Asia,Upper middle income,Podgorica,19.2595,42.4602,False
MNE,2014,2.37030892464516,7342.17147363741,63.8868840056697,Montenegro,Europe & Central Asia,Upper middle income,Podgorica,19.2595,42.4602,False
MNE,2015,2.52306333975571,6421.00005731419,68.1197860085679,Montenegro,Europe & Central Asia,Upper middle income,Podgorica,19.2595,42.4602,False
MNE,2016,3.4393056210999,6968.01202883651,69.8816468416779,Montenegro,Europe & Central Asia,Upper middle income,Podgorica,19.2595,42.4602,False
MNE,2017,3.21668504736274,7674.2856571219,71.2723325399382,Montenegro,Europe & Central Asia,Upper middle income,Podgorica,19.2595,42.4602,False
MNE,2018,4.73292113433965,8673.59469069858,71.5171004874886,Montenegro,Europe & Central Asia,Upper middle income,Podgorica,19.2595,42.4602,False
MNE,2019,4.39391565821528,8749.25629734676,73.4766657478691,Montenegro,Europe & Central Asia,Upper middle income,Podgorica,19.2595,42.4602,False
MNE,2020,-14.9926187023533,7555.48699036321,77.60879306,Montenegro,Europe & Central Asia,Upper middle income,Podgorica,19.2595,42.4602,False
MNE,2021,13.0462607426359,9315.86435643142,82.21969752,Montenegro,Europe & Central Asia,Upper middle income,Podgorica,19.2595,42.4602,False
MNE,2022,7.73954689516201,10038.1849482517,88.22192026,Montenegro,Europe & Central Asia,Upper middle income,Podgorica,19.2595,42.4602,False
MNE,2023,6.47836283518564,12258.1600477339,88.5515976,Montenegro,Europe & Central Asia,Upper middle income,Podgorica,19.2595,42.4602,False
MNE,2024,3.16409886329913,13270.1824401005,88.88258428,Montenegro,Europe & Central Asia,Upper middle income,Podgorica,19.2595,42.4602,False
MNG,2000,1.14606213709108,476.02755082717,1.25565200358112,Mongolia,East Asia & Pacific,Upper middle income,Ulaanbaatar,106.937,47.9129,False
MNG,2001,2.95271054338117,524.453483552485,1.65323823906982,Mongolia,East Asia & Pacific,Upper middle income,Ulaanbaatar,106.937,47.9129,False
MNG,2002,4.73297846590111,570.249213248399,2.0395726034818,Mongolia,East Asia & Pacific,Upper middle income,Ulaanbaatar,106.937,47.9129,False
MNG,2003,7.00463457384886,643.168068921658,,Mongolia,East Asia & Pacific,Upper middle income,Ulaanbaatar,106.937,47.9129,False
MNG,2004,10.6254059599309,794.154552001815,,Mongolia,East Asia & Pacific,Upper middle income,Ulaanbaatar,106.937,47.9129,False
MNG,2005,7.25366543796015,994.90010913241,9.0,Mongolia,East Asia & Pacific,Upper middle income,Ulaanbaatar,106.937,47.9129,False
MNG,2006,8.55623481664365,1329.89179579053,9.0,Mongolia,East Asia & Pacific,Upper middle income,Ulaanbaatar,106.937,47.9129,False
MNG,2007,10.2480163590057,1627.68787743359,9.0,Mongolia,East Asia & Pacific,Upper middle income,Ulaanbaatar,106.937,47.9129,False
MNG,2008,8.90036794067551,2127.42678594737,9.800000191,Mongolia,East Asia & Pacific,Upper middle income,Ulaanbaatar,106.937,47.9129,False
MNG,2009,-1.26859893608282,1703.32756790019,10.0,Mongolia,East Asia & Pacific,Upper middle income,Ulaanbaatar,106.937,47.9129,False
MNG,2010,6.3651616786311,2625.21881402433,10.2,Mongolia,East Asia & Pacific,Upper middle income,Ulaanbaatar,106.937,47.9129,False
MNG,2011,17.2907775869555,3736.04201455077,12.4999911084745,Mongolia,East Asia & Pacific,Upper middle income,Ulaanbaatar,106.937,47.9129,False
MNG,2012,12.3198198494032,4328.89001905655,16.4,Mongolia,East Asia & Pacific,Upper middle income,Ulaanbaatar,106.937,47.9129,False
MNG,2013,11.6489161878925,4340.14310544449,17.699984237,Mongolia,East Asia & Pacific,Upper middle income,Ulaanbaatar,106.937,47.9129,False
MNG,2014,7.88522548204762,4126.23975800524,19.9424474349209,Mongolia,East Asia & Pacific,Upper middle income,Ulaanbaatar,106.937,47.9129,False
MNG,2015,2.37983580731722,3838.92126989984,22.5000041337688,Mongolia,East Asia & Pacific,Upper middle income,Ulaanbaatar,106.937,47.9129,False
MNG,2016,1.48978448679577,3619.90026383792,22.2657705007562,Mongolia,East Asia & Pacific,Upper middle income,Ulaanbaatar,106.937,47.9129,False
MNG,2017,5.63687638694772,3645.96708669551,23.71430016,Mongolia,East Asia & Pacific,Upper middle income,Ulaanbaatar,106.937,47.9129,False
MNG,2018,7.74488062024881,4107.64288528468,47.1300018848989,Mongolia,East Asia & Pacific,Upper middle income,Ulaanbaatar,106.937,47.9129,False
MNG,2019,5.60224422064255,4347.54610314873,51.079994082603,Mongolia,East Asia & Pacific,Upper middle income,Ulaanbaatar,106.937,47.9129,False
MNG,2020,-4.55775197583431,4001.25193077703,62.50002848,Mongolia,East Asia & Pacific,Upper middle income,Ulaanbaatar,106.937,47.9129,False
MNG,2021,1.63676957736662,4517.61578018785,81.60682285,Mongolia,East Asia & Pacific,Upper middle income,Ulaanbaatar,106.937,47.9129,False
MNG,2022,5.0327096366527,4993.51487463495,81.07720184,Mongolia,East Asia & Pacific,Upper middle income,Ulaanbaatar,106.937,47.9129,False
MNG,2023,7.4221127615025,5838.63108083902,83.74320221,Mongolia,East Asia & Pacific,Upper middle income,Ulaanbaatar,106.937,47.9129,False
MNG,2024,5.12204539122661,6750.6301157724,85.12349701,Mongolia,East Asia & Pacific,Upper middle income,Ulaanbaatar,106.937,47.9129,False
MNP,2002,,19227.8894246608,,Northern Mariana Islands,East Asia & Pacific,High income,Saipan,145.765,15.1935,False
MNP,2003,0.343170899107761,18938.8728389967,,Northern Mariana Islands,East Asia & Pacific,High income,Saipan,145.765,15.1935,False
MNP,2004,-3.07797537619699,18924.5831899653,,Northern Mariana Islands,East Asia & Pacific,High income,Saipan,145.765,15.1935,False
MNP,2005,-12.7028934368384,17015.7487891715,,Northern Mariana Islands,East Asia & Pacific,High income,Saipan,145.765,15.1935,False
MNP,2006,-6.87146321746161,16314.5578590027,,Northern Mariana Islands,East Asia & Pacific,High income,Saipan,145.765,15.1935,False
MNP,2007,-6.68402777777779,15914.2193040498,,Northern Mariana Islands,East Asia & Pacific,High income,Saipan,145.765,15.1935,False
MNP,2008,-11.0697674418605,16430.4461942257,,Northern Mariana Islands,East Asia & Pacific,High income,Saipan,145.765,15.1935,False
MNP,2009,-17.5732217573222,14369.6339810212,,Northern Mariana Islands,East Asia & Pacific,High income,Saipan,145.765,15.1935,False
MNP,2010,1.3959390862944,14771.4037455399,,Northern Mariana Islands,East Asia & Pacific,High income,Saipan,145.765,15.1935,False
MNP,2011,-7.38423028785982,13598.7166094613,,Northern Mariana Islands,East Asia & Pacific,High income,Saipan,145.765,15.1935,False
MNP,2012,0.810810810810807,14013.6003306158,,Northern Mariana Islands,East Asia & Pacific,High income,Saipan,145.765,15.1935,False
MNP,2013,2.68096514745308,14632.8518897608,,Northern Mariana Islands,East Asia & Pacific,High income,Saipan,145.765,15.1935,False
MNP,2014,4.177545691906,15945.417608954,,Northern Mariana Islands,East Asia & Pacific,High income,Saipan,145.765,15.1935,False
MNP,2015,3.38345864661653,17665.1007493109,,Northern Mariana Islands,East Asia & Pacific,High income,Saipan,145.765,15.1935,False
MNP,2016,29.2121212121212,24225.474169342,,Northern Mariana Islands,East Asia & Pacific,High income,Saipan,145.765,15.1935,False
MNP,2017,23.1707317073171,31225.6049960968,,Northern Mariana Islands,East Asia & Pacific,High income,Saipan,145.765,15.1935,False
MNP,2018,-19.4973343488195,26509.3628379893,,Northern Mariana Islands,East Asia & Pacific,High income,Saipan,145.765,15.1935,False
MNP,2019,-11.4474929044465,24496.6652122421,,Northern Mariana Islands,East Asia & Pacific,High income,Saipan,145.765,15.1935,False
MNP,2020,-29.0598290598291,18220.8382427201,,Northern Mariana Islands,East Asia & Pacific,High income,Saipan,145.765,15.1935,False
MNP,2021,4.96987951807229,19455.50139424,,Northern Mariana Islands,East Asia & Pacific,High income,Saipan,145.765,15.1935,False
MNP,2022,16.6427546628408,23785.754590043,,Northern Mariana Islands,East Asia & Pacific,High income,Saipan,145.765,15.1935,False
MOZ,2000,0.766234955773442,327.12623979157,0.109592530041641,Mozambique,Sub-Saharan Africa ,Low income,Maputo,32.5713,-25.9664,True
MOZ,2001,12.8516820207736,304.792138621913,0.160031946644069,Mozambique,Sub-Saharan Africa ,Low income,Maputo,32.5713,-25.9664,True
MOZ,2002,9.66850534669427,313.886661721198,0.259612611253739,Mozambique,Sub-Saharan Africa ,Low income,Maputo,32.5713,-25.9664,True
MOZ,2003,7.21770086569656,339.488737800648,0.419538843913707,Mozambique,Sub-Saharan Africa ,Low income,Maputo,32.5713,-25.9664,True
MOZ,2004,8.20470494788577,400.056973161545,0.679447835392438,Mozambique,Sub-Saharan Africa ,Low income,Maputo,32.5713,-25.9664,True
MOZ,2005,6.31202378023193,436.773856167384,0.854399979,Mozambique,Sub-Saharan Africa ,Low income,Maputo,32.5713,-25.9664,True
MOZ,2006,9.91067756782915,457.487647833183,0.842954488044236,Mozambique,Sub-Saharan Africa ,Low income,Maputo,32.5713,-25.9664,True
MOZ,2007,7.64935393795867,507.874923914304,0.91,Mozambique,Sub-Saharan Africa ,Low income,Maputo,32.5713,-25.9664,True
MOZ,2008,6.87802942560995,592.159111184122,1.56,Mozambique,Sub-Saharan Africa ,Low income,Maputo,32.5713,-25.9664,True
MOZ,2009,5.92897187460815,547.697144193651,2.68,Mozambique,Sub-Saharan Africa ,Low income,Maputo,32.5713,-25.9664,True
MOZ,2010,6.67972935662864,496.185839392659,4.17,Mozambique,Sub-Saharan Africa ,Low income,Maputo,32.5713,-25.9664,True
MOZ,2011,7.13405842300445,618.17649286789,4.599999905,Mozambique,Sub-Saharan Africa ,Low income,Maputo,32.5713,-25.9664,True
MOZ,2012,7.9945031610722,685.685748199513,5.0,Mozambique,Sub-Saharan Africa ,Low income,Maputo,32.5713,-25.9664,True
MOZ,2013,6.57141389665537,686.505672517351,5.5,Mozambique,Sub-Saharan Africa ,Low income,Maputo,32.5713,-25.9664,True
MOZ,2014,7.70256844839309,697.142680444123,6.0,Mozambique,Sub-Saharan Africa ,Low income,Maputo,32.5713,-25.9664,True
MOZ,2015,7.3930936986377,610.563774706589,6.5,Mozambique,Sub-Saharan Africa ,Low income,Maputo,32.5713,-25.9664,True
MOZ,2016,4.69699024225795,441.489734819071,7.0,Mozambique,Sub-Saharan Africa ,Low income,Maputo,32.5713,-25.9664,True
MOZ,2017,2.63820737310658,470.93856305196,7.7963266079129,Mozambique,Sub-Saharan Africa ,Low income,Maputo,32.5713,-25.9664,True
MOZ,2018,3.48493202422782,517.507260258101,10.89999962,Mozambique,Sub-Saharan Africa ,Low income,Maputo,32.5713,-25.9664,True
MOZ,2019,2.31781394821475,519.09255091362,12.47929955,Mozambique,Sub-Saharan Africa ,Low income,Maputo,32.5713,-25.9664,True
MOZ,2020,-1.21952250011192,462.433876479921,14.28740025,Mozambique,Sub-Saharan Africa ,Low income,Maputo,32.5713,-25.9664,True
MOZ,2021,2.37743572761507,509.907829475551,16.35759926,Mozambique,Sub-Saharan Africa ,Low income,Maputo,32.5713,-25.9664,True
MOZ,2022,4.3693080193804,578.273222184503,18.96220016,Mozambique,Sub-Saharan Africa ,Low income,Maputo,32.5713,-25.9664,True
MOZ,2023,5.50384456650241,622.191133245967,19.94560051,Mozambique,Sub-Saharan Africa ,Low income,Maputo,32.5713,-25.9664,True
MOZ,2024,2.14892499135355,656.976148587772,20.52729988,Mozambique,Sub-Saharan Africa ,Low income,Maputo,32.5713,-25.9664,True
MRT,2000,-3.91802587923293,680.911061879778,0.192031462434805,Mauritania,Sub-Saharan Africa ,Lower middle income,Nouakchott,-15.9824,18.2367,False
MRT,2001,-0.799493815789347,651.817840199777,0.261448551967195,Mauritania,Sub-Saharan Africa ,Lower middle income,Nouakchott,-15.9824,18.2367,False
MRT,2002,1.38148396199058,648.879643934862,0.363229414608579,Mauritania,Sub-Saharan Africa ,Lower middle income,Nouakchott,-15.9824,18.2367,False
MRT,2003,6.92826955106302,732.017820812675,0.424004895843197,Mauritania,Sub-Saharan Africa ,Lower middle income,Nouakchott,-15.9824,18.2367,False
MRT,2004,4.7327579245203,823.554457141893,0.481470438230954,Mauritania,Sub-Saharan Africa ,Lower middle income,Nouakchott,-15.9824,18.2367,False
MRT,2005,8.56628724906668,998.96583416747,0.670000017,Mauritania,Sub-Saharan Africa ,Lower middle income,Nouakchott,-15.9824,18.2367,False
MRT,2006,18.3331987597713,1300.60367988659,0.979700029,Mauritania,Sub-Saharan Africa ,Lower middle income,Nouakchott,-15.9824,18.2367,False
MRT,2007,-1.96942275160761,1405.15016203368,1.433599949,Mauritania,Sub-Saharan Africa ,Lower middle income,Nouakchott,-15.9824,18.2367,False
MRT,2008,-0.331079195278377,1635.5630623124,1.870000005,Mauritania,Sub-Saharan Africa ,Lower middle income,Nouakchott,-15.9824,18.2367,False
MRT,2009,0.0978758719728035,1435.43010811893,2.279999971,Mauritania,Sub-Saharan Africa ,Lower middle income,Nouakchott,-15.9824,18.2367,False
MRT,2010,2.62022952055378,1659.96369705455,4.0,Mauritania,Sub-Saharan Africa ,Lower middle income,Nouakchott,-15.9824,18.2367,False
MRT,2011,4.17278328304418,1931.19975525465,4.5,Mauritania,Sub-Saharan Africa ,Lower middle income,Nouakchott,-15.9824,18.2367,False
MRT,2012,4.47001318233693,1859.11733247641,5.0,Mauritania,Sub-Saharan Africa ,Lower middle income,Nouakchott,-15.9824,18.2367,False
MRT,2013,4.15081318627171,1936.26950446101,6.199999809,Mauritania,Sub-Saharan Africa ,Lower middle income,Nouakchott,-15.9824,18.2367,False
MRT,2014,4.27482327130284,1718.97089374709,11.80000019,Mauritania,Sub-Saharan Africa ,Lower middle income,Nouakchott,-15.9824,18.2367,False
MRT,2015,5.37633923694936,1558.84205473416,17.60000038,Mauritania,Sub-Saharan Africa ,Lower middle income,Nouakchott,-15.9824,18.2367,False
MRT,2016,1.26090922448303,1568.00551190332,19.23279953,Mauritania,Sub-Saharan Africa ,Lower middle income,Nouakchott,-15.9824,18.2367,False
MRT,2017,6.27054569386574,1617.93401542267,21.01720047,Mauritania,Sub-Saharan Africa ,Lower middle income,Nouakchott,-15.9824,18.2367,False
MRT,2018,4.77217363890155,1723.37809442655,22.96699905,Mauritania,Sub-Saharan Africa ,Lower middle income,Nouakchott,-15.9824,18.2367,False
MRT,2019,3.14100489264639,1767.072710621,25.0977993,Mauritania,Sub-Saharan Africa ,Lower middle income,Nouakchott,-15.9824,18.2367,False
MRT,2020,-0.36065738652286,1795.72437324423,29.90649986,Mauritania,Sub-Saharan Africa ,Lower middle income,Nouakchott,-15.9824,18.2367,False
MRT,2021,0.7427154981402,1947.47413907209,35.63660049,Mauritania,Sub-Saharan Africa ,Lower middle income,Nouakchott,-15.9824,18.2367,False
MRT,2022,6.7960049994761,1961.28166648869,42.46450043,Mauritania,Sub-Saharan Africa ,Lower middle income,Nouakchott,-15.9824,18.2367,False
MRT,2023,6.80949002457973,2127.9576285973,44.95629883,Mauritania,Sub-Saharan Africa ,Lower middle income,Nouakchott,-15.9824,18.2367,False
MRT,2024,6.3076021190402,2104.54260769051,45.77939987,Mauritania,Sub-Saharan Africa ,Lower middle income,Nouakchott,-15.9824,18.2367,False
MUS,2000,8.20279174865273,3981.98343249582,7.28153511499385,Mauritius,Sub-Saharan Africa ,Upper middle income,Port Louis,57.4977,-20.1605,False
MUS,2001,3.3475407273143,3908.55694927435,8.78090401892036,Mauritius,Sub-Saharan Africa ,Upper middle income,Port Louis,57.4977,-20.1605,False
MUS,2002,1.61491865862438,4073.06053055903,10.252624671916,Mauritius,Sub-Saharan Africa ,Upper middle income,Port Louis,57.4977,-20.1605,False
MUS,2003,5.9254454894774,4858.26575549747,12.1871062041308,Mauritius,Sub-Saharan Africa ,Upper middle income,Port Louis,57.4977,-20.1605,False
MUS,2004,4.33001985464323,5460.60800184198,13.6890885885342,Mauritius,Sub-Saharan Africa ,Upper middle income,Port Louis,57.4977,-20.1605,False
MUS,2005,1.77754302034465,5354.02974260642,15.1722002,Mauritius,Sub-Saharan Africa ,Upper middle income,Port Louis,57.4977,-20.1605,False
MUS,2006,4.86554460775534,5784.22491883026,16.7,Mauritius,Sub-Saharan Africa ,Upper middle income,Port Louis,57.4977,-20.1605,False
MUS,2007,5.76380219453068,6677.37538616398,20.22,Mauritius,Sub-Saharan Africa ,Upper middle income,Port Louis,57.4977,-20.1605,False
MUS,2008,5.4630565042284,8140.47983639243,21.81,Mauritius,Sub-Saharan Africa ,Upper middle income,Port Louis,57.4977,-20.1605,False
MUS,2009,3.36352090607312,7426.86137313939,22.51,Mauritius,Sub-Saharan Africa ,Upper middle income,Port Louis,57.4977,-20.1605,False
MUS,2010,4.39672657214976,8113.17670740212,28.33,Mauritius,Sub-Saharan Africa ,Upper middle income,Port Louis,57.4977,-20.1605,False
MUS,2011,4.14555262561014,9324.24232310496,34.95000076,Mauritius,Sub-Saharan Africa ,Upper middle income,Port Louis,57.4977,-20.1605,False
MUS,2012,3.51062090167264,9421.52514098225,35.42,Mauritius,Sub-Saharan Africa ,Upper middle income,Port Louis,57.4977,-20.1605,False
MUS,2013,3.39755085220649,9877.13865958834,40.116825135,Mauritius,Sub-Saharan Africa ,Upper middle income,Port Louis,57.4977,-20.1605,False
MUS,2014,3.85773905280689,10490.3315563853,44.8032753683379,Mauritius,Sub-Saharan Africa ,Upper middle income,Port Louis,57.4977,-20.1605,False
MUS,2015,3.71766362108832,9630.5437837507,50.1393184766711,Mauritius,Sub-Saharan Africa ,Upper middle income,Port Louis,57.4977,-20.1605,False
MUS,2016,3.88576121076034,10095.1225574156,52.19129944,Mauritius,Sub-Saharan Africa ,Upper middle income,Port Louis,57.4977,-20.1605,False
MUS,2017,3.95441730960265,10986.7034093005,55.4032403002657,Mauritius,Sub-Saharan Africa ,Upper middle income,Port Louis,57.4977,-20.1605,False
MUS,2018,4.11669369456492,11818.7480619272,58.596169704299,Mauritius,Sub-Saharan Africa ,Upper middle income,Port Louis,57.4977,-20.1605,False
MUS,2019,2.86394938684734,11568.2533399824,61.7299551453346,Mauritius,Sub-Saharan Africa ,Upper middle income,Port Louis,57.4977,-20.1605,False
MUS,2020,-14.1974358137792,9135.84773751062,67.73290684,Mauritius,Sub-Saharan Africa ,Upper middle income,Port Louis,57.4977,-20.1605,False
MUS,2021,3.33809084057279,9177.71195973013,71.59999847,Mauritius,Sub-Saharan Africa ,Upper middle income,Port Louis,57.4977,-20.1605,False
MUS,2022,8.3424438025047,10246.5017455553,75.5,Mauritius,Sub-Saharan Africa ,Upper middle income,Port Louis,57.4977,-20.1605,False
MUS,2023,4.69918189687444,11269.9684462139,79.5,Mauritius,Sub-Saharan Africa ,Upper middle income,Port Louis,57.4977,-20.1605,False
MUS,2024,4.94844235250574,11990.9355434317,73.30793533,Mauritius,Sub-Saharan Africa ,Upper middle income,Port Louis,57.4977,-20.1605,False
MWI,2000,1.57607762616895,224.22415918428,0.126780944756387,Malawi,Sub-Saharan Africa ,Low income,Lilongwe,33.7703,-13.9899,False
MWI,2001,-4.97496361892476,215.474524898357,0.164020725330811,Malawi,Sub-Saharan Africa ,Low income,Lilongwe,33.7703,-13.9899,False
MWI,2002,1.70000003078317,428.210439838398,0.21509472652259,Malawi,Sub-Saharan Africa ,Low income,Lilongwe,33.7703,-13.9899,False
MWI,2003,5.70563940467414,383.348596852642,0.278815116302304,Malawi,Sub-Saharan Africa ,Low income,Lilongwe,33.7703,-13.9899,False
MWI,2004,5.42049754993828,404.674248445428,0.347505334967577,Malawi,Sub-Saharan Africa ,Low income,Lilongwe,33.7703,-13.9899,False
MWI,2005,3.26872602317066,414.361121984475,0.384499997,Malawi,Sub-Saharan Africa ,Low income,Lilongwe,33.7703,-13.9899,False
MWI,2006,4.69999976404691,440.822149023873,0.425099999,Malawi,Sub-Saharan Africa ,Low income,Lilongwe,33.7703,-13.9899,False
MWI,2007,9.59999987683469,475.180261659331,0.965864736553132,Malawi,Sub-Saharan Africa ,Low income,Lilongwe,33.7703,-13.9899,False
MWI,2008,7.63973639944591,554.048820396119,0.7,Malawi,Sub-Saharan Africa ,Low income,Lilongwe,33.7703,-13.9899,False
MWI,2009,8.3281098524038,625.869729869625,1.07,Malawi,Sub-Saharan Africa ,Low income,Lilongwe,33.7703,-13.9899,False
MWI,2010,6.87406585416142,683.124694716799,2.26,Malawi,Sub-Saharan Africa ,Low income,Lilongwe,33.7703,-13.9899,False
MWI,2011,4.93266999813729,763.061000394572,3.33,Malawi,Sub-Saharan Africa ,Low income,Lilongwe,33.7703,-13.9899,False
MWI,2012,1.90000000072909,558.46208832772,4.350599766,Malawi,Sub-Saharan Africa ,Low income,Lilongwe,33.7703,-13.9899,False
MWI,2013,5.41034999817167,496.947368267313,5.050000191,Malawi,Sub-Saharan Africa ,Low income,Lilongwe,33.7703,-13.9899,False
MWI,2014,5.62527000105139,529.5133440206,5.829999924,Malawi,Sub-Saharan Africa ,Low income,Lilongwe,33.7703,-13.9899,False
MWI,2015,2.80000000003355,539.605363240686,6.0,Malawi,Sub-Saharan Africa ,Low income,Lilongwe,33.7703,-13.9899,False
MWI,2016,2.49999999914311,450.506105510719,6.300000191,Malawi,Sub-Saharan Africa ,Low income,Lilongwe,33.7703,-13.9899,False
MWI,2017,4.00000000089172,495.769683367165,7.0,Malawi,Sub-Saharan Africa ,Low income,Lilongwe,33.7703,-13.9899,False
MWI,2018,4.35356471619211,533.202567189331,8.798299789,Malawi,Sub-Saharan Africa ,Low income,Lilongwe,33.7703,-13.9899,False
MWI,2019,5.71682519194337,580.889139762475,11.05860043,Malawi,Sub-Saharan Africa ,Low income,Lilongwe,33.7703,-13.9899,False
MWI,2020,0.793596429787286,602.507478176106,13.89949989,Malawi,Sub-Saharan Africa ,Low income,Lilongwe,33.7703,-13.9899,False
MWI,2021,4.55829212016083,617.446994451007,15.30300045,Malawi,Sub-Saharan Africa ,Low income,Lilongwe,33.7703,-13.9899,False
MWI,2022,0.921115069005936,604.269740360317,16.84830093,Malawi,Sub-Saharan Africa ,Low income,Lilongwe,33.7703,-13.9899,False
MWI,2023,1.94575281675984,633.214767978695,17.98810346,Malawi,Sub-Saharan Africa ,Low income,Lilongwe,33.7703,-13.9899,False
MWI,2024,1.6734340852915,522.365366146003,18.96159935,Malawi,Sub-Saharan Africa ,Low income,Lilongwe,33.7703,-13.9899,False
MYS,2000,8.85886816969386,4083.52874483605,21.3847311644538,Malaysia,East Asia & Pacific,Upper middle income,Kuala Lumpur,101.684,3.12433,False
MYS,2001,0.517675319192861,3943.79943910239,26.6959725007084,Malaysia,East Asia & Pacific,Upper middle income,Kuala Lumpur,101.684,3.12433,False
MYS,2002,5.39098830692797,4184.03163773539,32.3382043389359,Malaysia,East Asia & Pacific,Upper middle income,Kuala Lumpur,101.684,3.12433,False
MYS,2003,5.7884992858875,4465.32194567208,34.9711523397291,Malaysia,East Asia & Pacific,Upper middle income,Kuala Lumpur,101.684,3.12433,False
MYS,2004,6.78343772370305,4939.24851854427,42.2522656295248,Malaysia,East Asia & Pacific,Upper middle income,Kuala Lumpur,101.684,3.12433,False
MYS,2005,5.33213916141486,5555.58179951206,48.6291702459839,Malaysia,East Asia & Pacific,Upper middle income,Kuala Lumpur,101.684,3.12433,False
MYS,2006,5.5848470671515,6158.40785533236,51.6379889864403,Malaysia,East Asia & Pacific,Upper middle income,Kuala Lumpur,101.684,3.12433,False
MYS,2007,6.29878592740947,7168.93031942508,55.7,Malaysia,East Asia & Pacific,Upper middle income,Kuala Lumpur,101.684,3.12433,False
MYS,2008,4.83176988913097,8371.82156086005,55.8,Malaysia,East Asia & Pacific,Upper middle income,Kuala Lumpur,101.684,3.12433,False
MYS,2009,-1.51352871598714,7191.43287234626,55.9,Malaysia,East Asia & Pacific,Upper middle income,Kuala Lumpur,101.684,3.12433,False
MYS,2010,7.42484738326097,8899.34505544675,56.3,Malaysia,East Asia & Pacific,Upper middle income,Kuala Lumpur,101.684,3.12433,False
MYS,2011,5.29391283414003,10217.1068585031,61.0,Malaysia,East Asia & Pacific,Upper middle income,Kuala Lumpur,101.684,3.12433,False
MYS,2012,5.47345419253853,10600.5744240026,65.8,Malaysia,East Asia & Pacific,Upper middle income,Kuala Lumpur,101.684,3.12433,False
MYS,2013,4.69372252557893,10713.6407638899,57.05751226,Malaysia,East Asia & Pacific,Upper middle income,Kuala Lumpur,101.684,3.12433,False
MYS,2014,6.00672194558203,11013.3107334403,63.6654258813225,Malaysia,East Asia & Pacific,Upper middle income,Kuala Lumpur,101.684,3.12433,False
MYS,2015,5.09153242155011,9648.6797937523,71.0640678111957,Malaysia,East Asia & Pacific,Upper middle income,Kuala Lumpur,101.684,3.12433,False
MYS,2016,4.44978139761541,9476.53409809923,78.7883099275229,Malaysia,East Asia & Pacific,Upper middle income,Kuala Lumpur,101.684,3.12433,False
MYS,2017,5.81272240983328,9862.54806612235,80.1404790103961,Malaysia,East Asia & Pacific,Upper middle income,Kuala Lumpur,101.684,3.12433,False
MYS,2018,4.84308697634881,10901.8019954421,81.2010486181174,Malaysia,East Asia & Pacific,Upper middle income,Kuala Lumpur,101.684,3.12433,False
MYS,2019,4.41318742129586,10920.191763972,84.1871450078281,Malaysia,East Asia & Pacific,Upper middle income,Kuala Lumpur,101.684,3.12433,False
MYS,2020,-5.45684658426701,9957.52626697613,89.55501192,Malaysia,East Asia & Pacific,Upper middle income,Kuala Lumpur,101.684,3.12433,False
MYS,2021,3.31534954399166,10903.1037480772,96.7514278,Malaysia,East Asia & Pacific,Upper middle income,Kuala Lumpur,101.684,3.12433,False
MYS,2022,9.03173723044451,11754.5678336248,97.3986404,Malaysia,East Asia & Pacific,Upper middle income,Kuala Lumpur,101.684,3.12433,False
MYS,2023,3.5370638041057,11386.0395636528,97.69272633,Malaysia,East Asia & Pacific,Upper middle income,Kuala Lumpur,101.684,3.12433,False
MYS,2024,5.10545921024041,11874.4273684245,98.0206059,Malaysia,East Asia & Pacific,Upper middle income,Kuala Lumpur,101.684,3.12433,False
NAM,2000,3.49218336365178,2156.67590512714,1.64473954726899,Namibia,Sub-Saharan Africa ,Lower middle income,Windhoek,17.0931,-22.5648,False
NAM,2001,1.17794869467917,1915.58926594875,2.41697944170998,Namibia,Sub-Saharan Africa ,Lower middle income,Windhoek,17.0931,-22.5648,False
NAM,2002,4.7886612188211,1772.07565537493,2.63369976876116,Namibia,Sub-Saharan Africa ,Lower middle income,Windhoek,17.0931,-22.5648,False
NAM,2003,4.23979429582137,2569.24739317883,3.35983988553801,Namibia,Sub-Saharan Africa ,Lower middle income,Windhoek,17.0931,-22.5648,False
NAM,2004,12.2695481036769,3403.15496192955,3.8047156152631,Namibia,Sub-Saharan Africa ,Lower middle income,Windhoek,17.0931,-22.5648,False
NAM,2005,2.52926265819022,3685.77299991587,4.010000229,Namibia,Sub-Saharan Africa ,Lower middle income,Windhoek,17.0931,-22.5648,False
NAM,2006,7.07317531845825,4017.1834716928,4.39887064732726,Namibia,Sub-Saharan Africa ,Lower middle income,Windhoek,17.0931,-22.5648,False
NAM,2007,5.37404415167634,4379.04313682732,4.83561077833704,Namibia,Sub-Saharan Africa ,Lower middle income,Windhoek,17.0931,-22.5648,False
NAM,2008,2.64981203780268,4204.78555422749,5.32900377208954,Namibia,Sub-Saharan Africa ,Lower middle income,Windhoek,17.0931,-22.5648,False
NAM,2009,0.295970914001089,4302.91374148376,6.5,Namibia,Sub-Saharan Africa ,Lower middle income,Windhoek,17.0931,-22.5648,False
NAM,2010,6.03924947955858,5418.21633365814,11.6,Namibia,Sub-Saharan Africa ,Lower middle income,Windhoek,17.0931,-22.5648,False
NAM,2011,5.09133813864338,5834.7917675794,12.0,Namibia,Sub-Saharan Africa ,Lower middle income,Windhoek,17.0931,-22.5648,False
NAM,2012,5.0616820696264,5942.64680978673,12.94139957,Namibia,Sub-Saharan Africa ,Lower middle income,Windhoek,17.0931,-22.5648,False
NAM,2013,5.61471962254485,5346.62131149967,13.89999962,Namibia,Sub-Saharan Africa ,Lower middle income,Windhoek,17.0931,-22.5648,False
NAM,2014,6.09251915977956,5378.32326241205,14.84000015,Namibia,Sub-Saharan Africa ,Lower middle income,Windhoek,17.0931,-22.5648,False
NAM,2015,4.26417453763675,4774.10650865775,25.68790054,Namibia,Sub-Saharan Africa ,Lower middle income,Windhoek,17.0931,-22.5648,False
NAM,2016,0.0337944502063294,4395.68776162376,31.0333004,Namibia,Sub-Saharan Africa ,Lower middle income,Windhoek,17.0931,-22.5648,False
NAM,2017,-1.02724808856709,5143.96072323076,36.83739853,Namibia,Sub-Saharan Africa ,Lower middle income,Windhoek,17.0931,-22.5648,False
NAM,2018,1.05993949860752,5308.60813408705,42.8207016,Namibia,Sub-Saharan Africa ,Lower middle income,Windhoek,17.0931,-22.5648,False
NAM,2019,-0.839152163419357,4731.9210318831,49.77590179,Namibia,Sub-Saharan Africa ,Lower middle income,Windhoek,17.0931,-22.5648,False
NAM,2020,-8.10140201443319,3878.58982993966,57.8608017,Namibia,Sub-Saharan Africa ,Lower middle income,Windhoek,17.0931,-22.5648,False
NAM,2021,3.60382919248703,4412.8355693052,60.25999832,Namibia,Sub-Saharan Africa ,Lower middle income,Windhoek,17.0931,-22.5648,False
NAM,2022,5.3987247803654,4349.79908493314,62.99720001,Namibia,Sub-Saharan Africa ,Lower middle income,Windhoek,17.0931,-22.5648,False
NAM,2023,4.32498048866805,4225.99102418102,63.69549942,Namibia,Sub-Saharan Africa ,Lower middle income,Windhoek,17.0931,-22.5648,False
NAM,2024,3.77851723267591,4501.84849548225,64.87460327,Namibia,Sub-Saharan Africa ,Lower middle income,Windhoek,17.0931,-22.5648,False
NCL,2000,2.10010882688805,15329.7297200058,13.9395488232698,New Caledonia,East Asia & Pacific,High income,Noum'ea,166.464,-22.2677,False
NCL,2001,,14482.3606263602,18.2371097828416,New Caledonia,East Asia & Pacific,High income,Noum'ea,166.464,-22.2677,False
NCL,2002,,16104.5520406819,22.389797417113,New Caledonia,East Asia & Pacific,High income,Noum'ea,166.464,-22.2677,False
NCL,2003,,20768.1061488848,26.4083344703588,New Caledonia,East Asia & Pacific,High income,Noum'ea,166.464,-22.2677,False
NCL,2004,,24475.6488547037,30.2980462088488,New Caledonia,East Asia & Pacific,High income,Noum'ea,166.464,-22.2677,False
NCL,2005,,25528.2918353444,32.3590147531561,New Caledonia,East Asia & Pacific,High income,Noum'ea,166.464,-22.2677,False
NCL,2006,,28193.2537573387,33.5157146807209,New Caledonia,East Asia & Pacific,High income,Noum'ea,166.464,-22.2677,False
NCL,2007,,35177.6535261448,35.05,New Caledonia,East Asia & Pacific,High income,Noum'ea,166.464,-22.2677,False
NCL,2008,,35723.9033194947,34.51,New Caledonia,East Asia & Pacific,High income,Noum'ea,166.464,-22.2677,False
NCL,2009,,33836.494080472,33.99,New Caledonia,East Asia & Pacific,High income,Noum'ea,166.464,-22.2677,False
NCL,2010,,35798.9084757829,42.0,New Caledonia,East Asia & Pacific,High income,Noum'ea,166.464,-22.2677,False
NCL,2011,,38835.9401851385,50.0,New Caledonia,East Asia & Pacific,High income,Noum'ea,166.464,-22.2677,False
NCL,2012,,35559.5672006157,58.0,New Caledonia,East Asia & Pacific,High income,Noum'ea,166.464,-22.2677,False
NCL,2013,,36671.1566752621,66.0,New Caledonia,East Asia & Pacific,High income,Noum'ea,166.464,-22.2677,False
NCL,2014,,37816.9558599295,70.0,New Caledonia,East Asia & Pacific,High income,Noum'ea,166.464,-22.2677,False
NCL,2015,,30858.7237060533,74.00175279141,New Caledonia,East Asia & Pacific,High income,Noum'ea,166.464,-22.2677,False
NCL,2016,,30782.8544433514,,New Caledonia,East Asia & Pacific,High income,Noum'ea,166.464,-22.2677,False
NCL,2017,,32354.7102832901,82.0058408035186,New Caledonia,East Asia & Pacific,High income,Noum'ea,166.464,-22.2677,False
NCL,2018,0.400000000000006,34902.8968780031,,New Caledonia,East Asia & Pacific,High income,Noum'ea,166.464,-22.2677,False
NCL,2019,-1.39999999506659,33411.3358835672,,New Caledonia,East Asia & Pacific,High income,Noum'ea,166.464,-22.2677,False
NCL,2020,-2.40000000692145,33270.330597637,,New Caledonia,East Asia & Pacific,High income,Noum'ea,166.464,-22.2677,False
NCL,2021,-2.0999999972552,35311.5543551452,,New Caledonia,East Asia & Pacific,High income,Noum'ea,166.464,-22.2677,False
NCL,2022,3.50000000289097,33516.363085906,,New Caledonia,East Asia & Pacific,High income,Noum'ea,166.464,-22.2677,False
NCL,2023,2.79999999603682,33701.8923322781,,New Caledonia,East Asia & Pacific,High income,Noum'ea,166.464,-22.2677,False
NCL,2024,-13.4999999989747,29213.1923192946,,New Caledonia,East Asia & Pacific,High income,Noum'ea,166.464,-22.2677,False
NER,2000,-1.20847774100575,194.771959898935,0.0362612938065891,Niger,Sub-Saharan Africa ,Low income,Niamey,2.1073,13.514,True
NER,2001,7.26813490213235,205.417936120931,0.10518543139701,Niger,Sub-Saharan Africa ,Low income,Niamey,2.1073,13.514,True
NER,2002,4.91847057594622,225.294391147438,0.127152468779619,Niger,Sub-Saharan Africa ,Low income,Niamey,2.1073,13.514,True
NER,2003,2.1706103837418,265.225363452469,0.155698703668983,Niger,Sub-Saharan Africa ,Low income,Niamey,2.1073,13.514,True
NER,2004,0.363801578722132,283.468281798296,0.189933733703092,Niger,Sub-Saharan Africa ,Low income,Niamey,2.1073,13.514,True
NER,2005,7.33186884258517,318.643121918273,0.221300006,Niger,Sub-Saharan Africa ,Low income,Niamey,2.1073,13.514,True
NER,2006,5.93104997350342,333.345078419447,0.294,Niger,Sub-Saharan Africa ,Low income,Niamey,2.1073,13.514,True
NER,2007,3.14272408386731,387.168065883301,0.390399992,Niger,Sub-Saharan Africa ,Low income,Niamey,2.1073,13.514,True
NER,2008,7.73141422777337,475.044955398162,0.7,Niger,Sub-Saharan Africa ,Low income,Niamey,2.1073,13.514,True
NER,2009,1.96260090694645,461.131533961487,0.76,Niger,Sub-Saharan Africa ,Low income,Niamey,2.1073,13.514,True
NER,2010,8.57816674262253,474.425692340831,0.829999983,Niger,Sub-Saharan Africa ,Low income,Niamey,2.1073,13.514,True
NER,2011,2.35775693603874,510.75956176268,0.9,Niger,Sub-Saharan Africa ,Low income,Niamey,2.1073,13.514,True
NER,2012,10.5489445763446,528.510104469655,1.049999952,Niger,Sub-Saharan Africa ,Low income,Niamey,2.1073,13.514,True
NER,2013,5.31513063394726,552.103334363117,1.149999976,Niger,Sub-Saharan Africa ,Low income,Niamey,2.1073,13.514,True
NER,2014,6.64213665495603,565.30989731175,1.24867568902241,Niger,Sub-Saharan Africa ,Low income,Niamey,2.1073,13.514,True
NER,2015,4.39264883207291,485.662574175279,2.476200104,Niger,Sub-Saharan Africa ,Low income,Niamey,2.1073,13.514,True
NER,2016,4.28137558478143,499.910520068193,4.322800159,Niger,Sub-Saharan Africa ,Low income,Niamey,2.1073,13.514,True
NER,2017,5.53198531271451,529.929418934868,10.2243115586561,Niger,Sub-Saharan Africa ,Low income,Niamey,2.1073,13.514,True
NER,2018,6.89458420864513,576.927536415462,10.74180031,Niger,Sub-Saharan Africa ,Low income,Niamey,2.1073,13.514,True
NER,2019,6.07881528959186,541.265819870273,11.28549957,Niger,Sub-Saharan Africa ,Low income,Niamey,2.1073,13.514,True
NER,2020,4.45481803846413,575.451340306915,11.85680008,Niger,Sub-Saharan Africa ,Low income,Niamey,2.1073,13.514,True
NER,2021,1.11520063869706,609.585703670137,12.45689964,Niger,Sub-Saharan Africa ,Low income,Niamey,2.1073,13.514,True
NER,2022,12.2215497467041,613.614736429298,13.08749962,Niger,Sub-Saharan Africa ,Low income,Niamey,2.1073,13.514,True
NER,2023,2.63516980401258,647.930108509567,12.98079967,Niger,Sub-Saharan Africa ,Low income,Niamey,2.1073,13.514,True
NER,2024,8.32327058280728,729.856664168989,15.55760002,Niger,Sub-Saharan Africa ,Low income,Niamey,2.1073,13.514,True
NGA,2000,5.01593475936546,547.318298903379,0.0640808079494101,Nigeria,Sub-Saharan Africa ,Lower middle income,Abuja,7.48906,9.05804,True
NGA,2001,5.91768464924425,566.428231812933,0.089901370457273,Nigeria,Sub-Saharan Africa ,Lower middle income,Abuja,7.48906,9.05804,True
NGA,2002,15.3291557409618,712.164852077686,0.320461975542327,Nigeria,Sub-Saharan Africa ,Lower middle income,Abuja,7.48906,9.05804,True
NGA,2003,7.34719496793299,763.388745367223,0.558576244860521,Nigeria,Sub-Saharan Africa ,Lower middle income,Abuja,7.48906,9.05804,True
NGA,2004,9.25055822923169,962.48104194733,1.28613764134527,Nigeria,Sub-Saharan Africa ,Lower middle income,Abuja,7.48906,9.05804,True
NGA,2005,6.43851652535925,1211.37703504386,3.54915571796492,Nigeria,Sub-Saharan Africa ,Lower middle income,Abuja,7.48906,9.05804,True
NGA,2006,6.05942803202491,1599.53891556365,5.54503608300536,Nigeria,Sub-Saharan Africa ,Lower middle income,Abuja,7.48906,9.05804,True
NGA,2007,6.59113036066867,1815.52697545827,6.769999981,Nigeria,Sub-Saharan Africa ,Lower middle income,Abuja,7.48906,9.05804,True
NGA,2008,6.76447277784263,2154.10543545364,8.0,Nigeria,Sub-Saharan Africa ,Lower middle income,Abuja,7.48906,9.05804,True
NGA,2009,8.03692510100366,1820.48633854782,9.300000191,Nigeria,Sub-Saharan Africa ,Lower middle income,Abuja,7.48906,9.05804,True
NGA,2010,8.00565591623166,2202.25672957344,11.5,Nigeria,Sub-Saharan Africa ,Lower middle income,Abuja,7.48906,9.05804,True
NGA,2011,5.30792420293915,2418.41316975875,13.80000019,Nigeria,Sub-Saharan Africa ,Lower middle income,Abuja,7.48906,9.05804,True
NGA,2012,4.23006117492493,2633.19734671361,16.10000038,Nigeria,Sub-Saharan Africa ,Lower middle income,Abuja,7.48906,9.05804,True
NGA,2013,6.67133539308232,2872.79083379398,19.10000038,Nigeria,Sub-Saharan Africa ,Lower middle income,Abuja,7.48906,9.05804,True
NGA,2014,6.30971865521856,3088.72131316169,21.0,Nigeria,Sub-Saharan Africa ,Lower middle income,Abuja,7.48906,9.05804,True
NGA,2015,2.65269329541779,2585.73360671797,22.51420021,Nigeria,Sub-Saharan Africa ,Lower middle income,Abuja,7.48906,9.05804,True
NGA,2016,-1.61686894903467,2070.4127339595,24.13750076,Nigeria,Sub-Saharan Africa ,Lower middle income,Abuja,7.48906,9.05804,True
NGA,2017,0.805886619091581,1876.34027111773,25.87789917,Nigeria,Sub-Saharan Africa ,Lower middle income,Abuja,7.48906,9.05804,True
NGA,2018,1.92275734199798,2057.87944554011,27.74370003,Nigeria,Sub-Saharan Africa ,Lower middle income,Abuja,7.48906,9.05804,True
NGA,2019,2.20842927835211,3189.81286496183,29.74410057,Nigeria,Sub-Saharan Africa ,Lower middle income,Abuja,7.48906,9.05804,True
NGA,2020,-6.36889840468527,2797.184580679,31.88879967,Nigeria,Sub-Saharan Africa ,Lower middle income,Abuja,7.48906,9.05804,True
NGA,2021,1.109252540249,2787.48779220991,35.50979996,Nigeria,Sub-Saharan Africa ,Lower middle income,Abuja,7.48906,9.05804,True
NGA,2022,4.31882949157136,2899.16047469267,39.14720154,Nigeria,Sub-Saharan Africa ,Lower middle income,Abuja,7.48906,9.05804,True
NGA,2023,3.31590368111438,2138.76383718757,40.06399918,Nigeria,Sub-Saharan Africa ,Lower middle income,Abuja,7.48906,9.05804,True
NGA,2024,4.07106650147703,1084.16041805058,41.21139908,Nigeria,Sub-Saharan Africa ,Lower middle income,Abuja,7.48906,9.05804,True
NIC,2000,4.10159025073438,1017.3124434882,0.980216486692385,Nicaragua,Latin America & Caribbean ,Lower middle income,Managua,-86.2734,12.1475,False
NIC,2001,2.96084349057273,1051.874235891,1.44879942820716,Nicaragua,Latin America & Caribbean ,Lower middle income,Managua,-86.2734,12.1475,False
NIC,2002,0.753938876079573,1014.3339042591,1.71472958428668,Nicaragua,Latin America & Caribbean ,Lower middle income,Managua,-86.2734,12.1475,False
NIC,2003,2.52073289551447,1021.35216668794,1.88041253242301,Nicaragua,Latin America & Caribbean ,Lower middle income,Managua,-86.2734,12.1475,False
NIC,2004,5.31217056950739,1098.62118662335,2.32066460863941,Nicaragua,Latin America & Caribbean ,Lower middle income,Managua,-86.2734,12.1475,False
NIC,2005,4.28239833770654,1183.30214010175,2.566400051,Nicaragua,Latin America & Caribbean ,Lower middle income,Managua,-86.2734,12.1475,False
NIC,2006,4.15294559846254,1248.17371577788,2.8055730627337,Nicaragua,Latin America & Caribbean ,Lower middle income,Managua,-86.2734,12.1475,False
NIC,2007,5.0763520180987,1350.38145753377,3.900000095,Nicaragua,Latin America & Caribbean ,Lower middle income,Managua,-86.2734,12.1475,False
NIC,2008,3.43571693608081,1523.68437086409,5.300000191,Nicaragua,Latin America & Caribbean ,Lower middle income,Managua,-86.2734,12.1475,False
NIC,2009,-3.2926651586197,1467.08288052845,7.300000191,Nicaragua,Latin America & Caribbean ,Lower middle income,Managua,-86.2734,12.1475,False
NIC,2010,4.41009911716546,1526.56706951408,10.0,Nicaragua,Latin America & Caribbean ,Lower middle income,Managua,-86.2734,12.1475,False
NIC,2011,6.31668553491842,1679.71192084633,10.6,Nicaragua,Latin America & Caribbean ,Lower middle income,Managua,-86.2734,12.1475,False
NIC,2012,6.4961364710876,1784.69836017555,13.5,Nicaragua,Latin America & Caribbean ,Lower middle income,Managua,-86.2734,12.1475,False
NIC,2013,4.92709413447304,1835.43996363715,15.5,Nicaragua,Latin America & Caribbean ,Lower middle income,Managua,-86.2734,12.1475,False
NIC,2014,4.78546013589983,1958.37047579547,17.60000038,Nicaragua,Latin America & Caribbean ,Lower middle income,Managua,-86.2734,12.1475,False
NIC,2015,4.79226768332697,2074.45620634731,19.70429993,Nicaragua,Latin America & Caribbean ,Lower middle income,Managua,-86.2734,12.1475,False
NIC,2016,4.56314739524967,2131.68704828322,24.57180023,Nicaragua,Latin America & Caribbean ,Lower middle income,Managua,-86.2734,12.1475,False
NIC,2017,4.63120757580209,2182.61380995674,30.39999962,Nicaragua,Latin America & Caribbean ,Lower middle income,Managua,-86.2734,12.1475,False
NIC,2018,-3.3633566598573,2035.16549390507,33.9129982,Nicaragua,Latin America & Caribbean ,Lower middle income,Managua,-86.2734,12.1475,False
NIC,2019,-2.89686986728901,1958.62051528095,39.01079941,Nicaragua,Latin America & Caribbean ,Lower middle income,Managua,-86.2734,12.1475,False
NIC,2020,-2.23654176262323,1938.44704754382,44.87490082,Nicaragua,Latin America & Caribbean ,Lower middle income,Managua,-86.2734,12.1475,False
NIC,2021,10.4543887816515,2138.38573878237,51.62039948,Nicaragua,Latin America & Caribbean ,Lower middle income,Managua,-86.2734,12.1475,False
NIC,2022,3.55027477135765,2322.89069619459,59.38000107,Nicaragua,Latin America & Caribbean ,Lower middle income,Managua,-86.2734,12.1475,False
NIC,2023,4.42779393186883,2609.44491147975,60.30120087,Nicaragua,Latin America & Caribbean ,Lower middle income,Managua,-86.2734,12.1475,False
NIC,2024,3.58094495324541,2847.87639497305,61.39550018,Nicaragua,Latin America & Caribbean ,Lower middle income,Managua,-86.2734,12.1475,False
NLD,2000,4.21970034558892,26225.1697734149,43.984351373138,Netherlands,Europe & Central Asia,High income,Amsterdam,4.89095,52.3738,False
NLD,2001,2.32358454925847,26955.7128032278,49.3730621073123,Netherlands,Europe & Central Asia,High income,Amsterdam,4.89095,52.3738,False
NLD,2002,0.24582951723049,29446.5330872868,61.29,Netherlands,Europe & Central Asia,High income,Amsterdam,4.89095,52.3738,False
NLD,2003,0.0978549395212411,35896.7504630706,64.35,Netherlands,Europe & Central Asia,High income,Amsterdam,4.89095,52.3738,False
NLD,2004,2.01628331561487,40611.3414353091,68.52,Netherlands,Europe & Central Asia,High income,Amsterdam,4.89095,52.3738,False
NLD,2005,2.03401576512488,42165.396168388,81.0,Netherlands,Europe & Central Asia,High income,Amsterdam,4.89095,52.3738,False
NLD,2006,3.53729585853395,45123.5432406426,83.7,Netherlands,Europe & Central Asia,High income,Amsterdam,4.89095,52.3738,False
NLD,2007,3.88542348324803,52100.7996285947,85.82,Netherlands,Europe & Central Asia,High income,Amsterdam,4.89095,52.3738,False
NLD,2008,2.11674514240192,58246.7026905874,87.42,Netherlands,Europe & Central Asia,High income,Amsterdam,4.89095,52.3738,False
NLD,2009,-3.66528147002826,53172.0261581418,89.63,Netherlands,Europe & Central Asia,High income,Amsterdam,4.89095,52.3738,False
NLD,2010,1.31935287897116,51305.7338533973,90.72,Netherlands,Europe & Central Asia,High income,Amsterdam,4.89095,52.3738,False
NLD,2011,1.77330320575034,54701.7728030611,91.4199957622284,Netherlands,Europe & Central Asia,High income,Amsterdam,4.89095,52.3738,False
NLD,2012,-0.977826121310997,50473.9442002689,92.859992359525,Netherlands,Europe & Central Asia,High income,Amsterdam,4.89095,52.3738,False
NLD,2013,-0.0302410184270769,52602.2860520766,93.9564,Netherlands,Europe & Central Asia,High income,Amsterdam,4.89095,52.3738,False
NLD,2014,1.61255885112396,53457.2234864322,91.6666666666667,Netherlands,Europe & Central Asia,High income,Amsterdam,4.89095,52.3738,False
NLD,2015,2.12064007193544,45793.8135434697,91.7241379310345,Netherlands,Europe & Central Asia,High income,Amsterdam,4.89095,52.3738,False
NLD,2016,2.42428065449427,46808.5291492503,90.4109589041096,Netherlands,Europe & Central Asia,High income,Amsterdam,4.89095,52.3738,False
NLD,2017,2.78150834679987,49513.6817346384,93.1972789115646,Netherlands,Europe & Central Asia,High income,Amsterdam,4.89095,52.3738,False
NLD,2018,2.25873158164956,53955.0770024266,91.8918918918919,Netherlands,Europe & Central Asia,High income,Amsterdam,4.89095,52.3738,False
NLD,2019,2.3001616053659,53554.9007491475,93.2885906040269,Netherlands,Europe & Central Asia,High income,Amsterdam,4.89095,52.3738,False
NLD,2020,-3.86799714191608,53467.9277413737,91.33333333,Netherlands,Europe & Central Asia,High income,Amsterdam,4.89095,52.3738,False
NLD,2021,6.27683593745216,60141.9880911492,92.05298013,Netherlands,Europe & Central Asia,High income,Amsterdam,4.89095,52.3738,False
NLD,2022,5.00723453395074,59123.318556487,92.51968504,Netherlands,Europe & Central Asia,High income,Amsterdam,4.89095,52.3738,False
NLD,2023,-0.598061017580278,63515.6030780019,97.00680272,Netherlands,Europe & Central Asia,High income,Amsterdam,4.89095,52.3738,False
NLD,2024,1.07383137319854,67465.3208126875,97.00679779,Netherlands,Europe & Central Asia,High income,Amsterdam,4.89095,52.3738,False
NOR,2000,3.443416131481,37991.8907576589,52.0,Norway,Europe & Central Asia,High income,Oslo,10.7387,59.9138,False
NOR,2001,2.1634350595868,38458.2530907659,64.0,Norway,Europe & Central Asia,High income,Oslo,10.7387,59.9138,False
NOR,2002,1.45747886087304,43048.288735011,72.84,Norway,Europe & Central Asia,High income,Oslo,10.7387,59.9138,False
NOR,2003,1.09635781210122,50208.0960234078,78.13,Norway,Europe & Central Asia,High income,Oslo,10.7387,59.9138,False
NOR,2004,4.33015597691212,57854.5698169407,77.69,Norway,Europe & Central Asia,High income,Oslo,10.7387,59.9138,False
NOR,2005,2.96973597025936,67358.3615969796,81.99,Norway,Europe & Central Asia,High income,Oslo,10.7387,59.9138,False
NOR,2006,2.84726376691944,75047.741700385,82.55,Norway,Europe & Central Asia,High income,Oslo,10.7387,59.9138,False
NOR,2007,3.42030119916608,86600.2387607877,86.93,Norway,Europe & Central Asia,High income,Oslo,10.7387,59.9138,False
NOR,2008,0.822805797014865,99001.5300678626,90.57,Norway,Europe & Central Asia,High income,Oslo,10.7387,59.9138,False
NOR,2009,-1.61327151945869,81939.726548458,92.08,Norway,Europe & Central Asia,High income,Oslo,10.7387,59.9138,False
NOR,2010,1.00493269017117,90020.342257973,93.39,Norway,Europe & Central Asia,High income,Oslo,10.7387,59.9138,False
NOR,2011,1.38505117083945,103545.218988177,93.4899826515194,Norway,Europe & Central Asia,High income,Oslo,10.7387,59.9138,False
NOR,2012,2.82395673492459,104627.93694681,94.6499780533304,Norway,Europe & Central Asia,High income,Oslo,10.7387,59.9138,False
NOR,2013,1.27290177696287,106333.138368566,95.0534,Norway,Europe & Central Asia,High income,Oslo,10.7387,59.9138,False
NOR,2014,2.09521388080101,100410.020200979,96.3005098242892,Norway,Europe & Central Asia,High income,Oslo,10.7387,59.9138,False
NOR,2015,2.04428845501438,77220.9524311414,96.810325691365,Norway,Europe & Central Asia,High income,Oslo,10.7387,59.9138,False
NOR,2016,1.29158732771135,73222.4006864905,97.2982036675068,Norway,Europe & Central Asia,High income,Oslo,10.7387,59.9138,False
NOR,2017,2.66964474273466,78771.2151264554,96.3576012951191,Norway,Europe & Central Asia,High income,Oslo,10.7387,59.9138,False
NOR,2018,1.1103912365576,85579.0776455494,96.4916579887094,Norway,Europe & Central Asia,High income,Oslo,10.7387,59.9138,False
NOR,2019,1.46970781954143,79329.3075190012,98.0000043853142,Norway,Europe & Central Asia,High income,Oslo,10.7387,59.9138,False
NOR,2020,-1.36055723261586,71057.5879471399,94.60755647,Norway,Europe & Central Asia,High income,Oslo,10.7387,59.9138,False
NOR,2021,4.14314688769197,96442.5552173002,99.0000036,Norway,Europe & Central Asia,High income,Oslo,10.7387,59.9138,False
NOR,2022,4.08039770659241,113122.130765691,98.99997764,Norway,Europe & Central Asia,High income,Oslo,10.7387,59.9138,False
NOR,2023,0.352695581319765,90984.4087141111,99.00000258,Norway,Europe & Central Asia,High income,Oslo,10.7387,59.9138,False
NOR,2024,1.42372134524737,89888.9535204758,99.0,Norway,Europe & Central Asia,High income,Oslo,10.7387,59.9138,False
NPL,2000,6.19999998192236,223.830289183078,0.204651683653029,Nepal,South Asia,Lower middle income,Kathmandu,85.3157,27.6939,False
NPL,2001,4.79989214255407,240.795114544664,0.240015303375743,Nepal,South Asia,Lower middle income,Kathmandu,85.3157,27.6939,False
NPL,2002,0.120143177369414,238.89140296106,0.312956060108532,Nepal,South Asia,Lower middle income,Kathmandu,85.3157,27.6939,False
NPL,2003,3.94503776051116,246.429706587633,0.382810917017044,Nepal,South Asia,Lower middle income,Kathmandu,85.3157,27.6939,False
NPL,2004,4.68260325152944,279.587750044428,0.449843651215974,Nepal,South Asia,Lower middle income,Kathmandu,85.3157,27.6939,False
NPL,2005,3.47918104829496,309.024168339372,0.82655126590551,Nepal,South Asia,Lower middle income,Kathmandu,85.3157,27.6939,False
NPL,2006,3.36461478056277,340.431796437968,1.14138916388191,Nepal,South Asia,Lower middle income,Kathmandu,85.3157,27.6939,False
NPL,2007,3.41156027980276,385.449767660642,1.41,Nepal,South Asia,Lower middle income,Kathmandu,85.3157,27.6939,False
NPL,2008,6.10463914373472,464.817391891529,1.73,Nepal,South Asia,Lower middle income,Kathmandu,85.3157,27.6939,False
NPL,2009,4.5330787246486,473.078751198621,1.97,Nepal,South Asia,Lower middle income,Kathmandu,85.3157,27.6939,False
NPL,2010,4.81641464694573,585.278491984574,7.93,Nepal,South Asia,Lower middle income,Kathmandu,85.3157,27.6939,False
NPL,2011,3.42180870116162,785.518656222132,9.0,Nepal,South Asia,Lower middle income,Kathmandu,85.3157,27.6939,False
NPL,2012,4.67014192446953,788.202937148377,11.14929962,Nepal,South Asia,Lower middle income,Kathmandu,85.3157,27.6939,False
NPL,2013,3.52515317129149,803.269595420477,13.30000019,Nepal,South Asia,Lower middle income,Kathmandu,85.3157,27.6939,False
NPL,2014,6.01148284250441,821.455224911731,15.43999958,Nepal,South Asia,Lower middle income,Kathmandu,85.3157,27.6939,False
NPL,2015,3.97605327162971,875.543635474862,17.58160019,Nepal,South Asia,Lower middle income,Kathmandu,85.3157,27.6939,False
NPL,2016,0.433113719381524,877.256454696737,20.70000076,Nepal,South Asia,Lower middle income,Kathmandu,85.3157,27.6939,False
NPL,2017,8.97727935643466,1034.28374906846,24.3,Nepal,South Asia,Lower middle income,Kathmandu,85.3157,27.6939,False
NPL,2018,7.62237610397933,1179.19843190389,28.60000038,Nepal,South Asia,Lower middle income,Kathmandu,85.3157,27.6939,False
NPL,2019,6.65705543110468,1203.14294706401,33.33660126,Nepal,South Asia,Lower middle income,Kathmandu,85.3157,27.6939,False
NPL,2020,-2.3696206292072,1154.21517578318,36.96530151,Nepal,South Asia,Lower middle income,Kathmandu,85.3157,27.6939,False
NPL,2021,4.838149614115,1252.75076731986,40.98910141,Nepal,South Asia,Lower middle income,Kathmandu,85.3157,27.6939,False
NPL,2022,5.6313145568451,1385.91066002922,45.45080185,Nepal,South Asia,Lower middle income,Kathmandu,85.3157,27.6939,False
NPL,2023,1.98254843461849,1382.38300895424,45.80680084,Nepal,South Asia,Lower middle income,Kathmandu,85.3157,27.6939,False
NPL,2024,3.67787459697703,1460.28237984149,46.32189941,Nepal,South Asia,Lower middle income,Kathmandu,85.3157,27.6939,False
NRU,2000,-6.85616110197874,2648.60152860938,,Naoero,East Asia & Pacific,High income,Yaren District,166.920867,-0.5477,False
NRU,2001,-6.76113945239328,2232.30874026726,2.98715523250025,Naoero,East Asia & Pacific,High income,Yaren District,166.920867,-0.5477,False
NRU,2002,-9.97133415083098,2084.64824520971,,Naoero,East Asia & Pacific,High income,Yaren District,166.920867,-0.5477,False
NRU,2003,0.284579021867188,2463.28259078079,,Naoero,East Asia & Pacific,High income,Yaren District,166.920867,-0.5477,False
NRU,2004,-4.31476539773472,3040.51349889,,Naoero,East Asia & Pacific,High income,Yaren District,166.920867,-0.5477,False
NRU,2005,0.0,2992.40382776926,,Naoero,East Asia & Pacific,High income,Yaren District,166.920867,-0.5477,False
NRU,2006,8.45070422535204,2910.14145794684,,Naoero,East Asia & Pacific,High income,Yaren District,166.920867,-0.5477,False
NRU,2007,-22.077922077922,2272.15291307045,,Naoero,East Asia & Pacific,High income,Yaren District,166.920867,-0.5477,False
NRU,2008,19.9999999999999,3756.84531228766,,Naoero,East Asia & Pacific,High income,Yaren District,166.920867,-0.5477,False
NRU,2009,-5.55555555555564,4410.56764668962,,Naoero,East Asia & Pacific,High income,Yaren District,166.920867,-0.5477,False
NRU,2010,0.0,4735.92000502092,,Naoero,East Asia & Pacific,High income,Yaren District,166.920867,-0.5477,False
NRU,2011,14.7058823529412,6444.03642094634,54.0,Naoero,East Asia & Pacific,High income,Yaren District,166.920867,-0.5477,False
NRU,2012,24.3589743589745,9842.77032731856,,Naoero,East Asia & Pacific,High income,Yaren District,166.920867,-0.5477,False
NRU,2013,4.12371134020613,8974.51886874433,,Naoero,East Asia & Pacific,High income,Yaren District,166.920867,-0.5477,False
NRU,2014,15.8415841584163,9230.05440328927,,Naoero,East Asia & Pacific,High income,Yaren District,166.920867,-0.5477,False
NRU,2015,3.41880341880281,7747.25584993607,,Naoero,East Asia & Pacific,High income,Yaren District,166.920867,-0.5477,False
NRU,2016,4.13223140495909,8748.15632605428,,Naoero,East Asia & Pacific,High income,Yaren District,166.920867,-0.5477,False
NRU,2017,-6.34920634920609,9656.97976571484,62.38510132,Naoero,East Asia & Pacific,High income,Yaren District,166.920867,-0.5477,False
NRU,2018,-0.847457627118729,11413.7463016389,,Naoero,East Asia & Pacific,High income,Yaren District,166.920867,-0.5477,False
NRU,2019,8.5470085470084,10801.7705659635,74.73789978,Naoero,East Asia & Pacific,High income,Yaren District,166.920867,-0.5477,False
NRU,2020,1.57480314960559,10709.068810538,77.46659851,Naoero,East Asia & Pacific,High income,Yaren District,166.920867,-0.5477,False
NRU,2021,7.75193798449692,12748.1701249353,80.29499817,Naoero,East Asia & Pacific,High income,Yaren District,166.920867,-0.5477,False
NRU,2022,0.0,15309.8345351924,83.22660065,Naoero,East Asia & Pacific,High income,Yaren District,166.920867,-0.5477,False
NRU,2023,-0.719424460431725,13602.6372112893,83.03970337,Naoero,East Asia & Pacific,High income,Yaren District,166.920867,-0.5477,False
NRU,2024,1.44927536231899,14048.163961344,83.01170349,Naoero,East Asia & Pacific,High income,Yaren District,166.920867,-0.5477,False
NZL,2000,2.86879087314065,13641.1027183822,47.3795565432096,New Zealand,East Asia & Pacific,High income,Wellington,174.776,-41.2865,False
NZL,2001,3.41557461751114,13882.8568268586,53.2410152941279,New Zealand,East Asia & Pacific,High income,Wellington,174.776,-41.2865,False
NZL,2002,4.71514593471419,16874.1874918196,59.0807532812931,New Zealand,East Asia & Pacific,High income,Wellington,174.776,-41.2865,False
NZL,2003,4.72587484712128,21913.7081719961,60.9625398663824,New Zealand,East Asia & Pacific,High income,Wellington,174.776,-41.2865,False
NZL,2004,4.09053577279863,25420.234882944,61.8476278106481,New Zealand,East Asia & Pacific,High income,Wellington,174.776,-41.2865,False
NZL,2005,3.35295444152619,27751.0654708859,62.72019958,New Zealand,East Asia & Pacific,High income,Wellington,174.776,-41.2865,False
NZL,2006,2.7744428588158,26654.5932018985,69.0,New Zealand,East Asia & Pacific,High income,Wellington,174.776,-41.2865,False
NZL,2007,3.06312221869514,32479.9817381467,69.76000214,New Zealand,East Asia & Pacific,High income,Wellington,174.776,-41.2865,False
NZL,2008,-1.02561134479848,31324.7397977102,72.02999878,New Zealand,East Asia & Pacific,High income,Wellington,174.776,-41.2865,False
NZL,2009,-0.040259885205117,28276.7255416225,79.7,New Zealand,East Asia & Pacific,High income,Wellington,174.776,-41.2865,False
NZL,2010,1.47182504276788,33761.9009639947,80.45999908,New Zealand,East Asia & Pacific,High income,Wellington,174.776,-41.2865,False
NZL,2011,2.1445004445998,38425.829997974,81.23000336,New Zealand,East Asia & Pacific,High income,Wellington,174.776,-41.2865,False
NZL,2012,2.30256429520961,40041.7524816244,81.644470179502,New Zealand,East Asia & Pacific,High income,Wellington,174.776,-41.2865,False
NZL,2013,2.5648360739867,42984.9571801167,82.77999878,New Zealand,East Asia & Pacific,High income,Wellington,174.776,-41.2865,False
NZL,2014,3.81933619307242,44599.8992733675,84.0,New Zealand,East Asia & Pacific,High income,Wellington,174.776,-41.2865,False
NZL,2015,3.72968312125018,38648.7302562109,85.19999695,New Zealand,East Asia & Pacific,High income,Wellington,174.776,-41.2865,False
NZL,2016,3.7435247472109,40088.3205470499,86.5,New Zealand,East Asia & Pacific,High income,Wellington,174.776,-41.2865,False
NZL,2017,3.31568621648204,42912.1537002148,87.69999695,New Zealand,East Asia & Pacific,High income,Wellington,174.776,-41.2865,False
NZL,2018,3.32219666491432,43204.1305124872,89.0,New Zealand,East Asia & Pacific,High income,Wellington,174.776,-41.2865,False
NZL,2019,2.32371708441623,42872.2681243427,89.86370087,New Zealand,East Asia & Pacific,High income,Wellington,174.776,-41.2865,False
NZL,2020,-0.240916114758988,42054.6743136586,90.92099762,New Zealand,East Asia & Pacific,High income,Wellington,174.776,-41.2865,False
NZL,2021,4.29916005216614,49902.154346032,91.99060059,New Zealand,East Asia & Pacific,High income,Wellington,174.776,-41.2865,False
NZL,2022,3.34521847792682,49141.6316294227,93.07289886,New Zealand,East Asia & Pacific,High income,Wellington,174.776,-41.2865,False
NZL,2023,1.81389453412019,49302.341876493,93.32610321,New Zealand,East Asia & Pacific,High income,Wellington,174.776,-41.2865,False
NZL,2024,-0.868722371893952,49432.3626396797,93.51930237,New Zealand,East Asia & Pacific,High income,Wellington,174.776,-41.2865,False
OMN,2000,6.19241063695442,9753.84755185404,3.52042141651097,Oman,"Middle East, North Africa, Afghanistan & Pakistan",High income,Muscat,58.5874,23.6105,False
OMN,2001,4.61316649389876,9611.96360191054,5.89384152148671,Oman,"Middle East, North Africa, Afghanistan & Pakistan",High income,Muscat,58.5874,23.6105,False
OMN,2002,-0.784165786429256,9869.13050219438,6.87339603918545,Oman,"Middle East, North Africa, Afghanistan & Pakistan",High income,Muscat,58.5874,23.6105,False
OMN,2003,-2.19466567976842,10463.5425832141,7.25574294536556,Oman,"Middle East, North Africa, Afghanistan & Pakistan",High income,Muscat,58.5874,23.6105,False
OMN,2004,1.99251510973346,11800.8507411171,6.75885217024525,Oman,"Middle East, North Africa, Afghanistan & Pakistan",High income,Muscat,58.5874,23.6105,False
OMN,2005,2.77944360306151,14434.8577924647,6.683599949,Oman,"Middle East, North Africa, Afghanistan & Pakistan",High income,Muscat,58.5874,23.6105,False
OMN,2006,4.66981481939328,16930.8565071853,8.299699783,Oman,"Middle East, North Africa, Afghanistan & Pakistan",High income,Muscat,58.5874,23.6105,False
OMN,2007,4.98065467051528,18792.653772482,16.68,Oman,"Middle East, North Africa, Afghanistan & Pakistan",High income,Muscat,58.5874,23.6105,False
OMN,2008,8.95005895005896,26576.779241509,20.0,Oman,"Middle East, North Africa, Afghanistan & Pakistan",High income,Muscat,58.5874,23.6105,False
OMN,2009,5.98196694904402,20655.9180249218,26.79999924,Oman,"Middle East, North Africa, Afghanistan & Pakistan",High income,Muscat,58.5874,23.6105,False
OMN,2010,2.47199856582773,23570.1798147325,35.8278,Oman,"Middle East, North Africa, Afghanistan & Pakistan",High income,Muscat,58.5874,23.6105,False
OMN,2011,2.89460973541192,25188.0074151885,48.0,Oman,"Middle East, North Africa, Afghanistan & Pakistan",High income,Muscat,58.5874,23.6105,False
OMN,2012,8.86312225557018,24642.2978768596,60.0,Oman,"Middle East, North Africa, Afghanistan & Pakistan",High income,Muscat,58.5874,23.6105,False
OMN,2013,5.22770408145942,23458.0233840053,66.45,Oman,"Middle East, North Africa, Afghanistan & Pakistan",High income,Muscat,58.5874,23.6105,False
OMN,2014,1.29225229411081,23160.6502252547,70.22000122,Oman,"Middle East, North Africa, Afghanistan & Pakistan",High income,Muscat,58.5874,23.6105,False
OMN,2015,5.01705799719045,18808.3077921839,73.52999878,Oman,"Middle East, North Africa, Afghanistan & Pakistan",High income,Muscat,58.5874,23.6105,False
OMN,2016,5.04642394571691,17110.1897460545,76.8453904741456,Oman,"Middle East, North Africa, Afghanistan & Pakistan",High income,Muscat,58.5874,23.6105,False
OMN,2017,0.304057565922449,17820.0661809335,80.18560028,Oman,"Middle East, North Africa, Afghanistan & Pakistan",High income,Muscat,58.5874,23.6105,False
OMN,2018,1.28710391543288,19901.7615642016,85.5,Oman,"Middle East, North Africa, Afghanistan & Pakistan",High income,Muscat,58.5874,23.6105,False
OMN,2019,-1.12863801728058,19180.1864152801,90.25939941,Oman,"Middle East, North Africa, Afghanistan & Pakistan",High income,Muscat,58.5874,23.6105,False
OMN,2020,-3.37972052697999,16784.8630630058,95.23229321,Oman,"Middle East, North Africa, Afghanistan & Pakistan",High income,Muscat,58.5874,23.6105,False
OMN,2021,2.5821749892893,19403.4600160211,95.23880005,Oman,"Middle East, North Africa, Afghanistan & Pakistan",High income,Muscat,58.5874,23.6105,False
OMN,2022,7.98570728354278,23223.5829405935,95.24530029,Oman,"Middle East, North Africa, Afghanistan & Pakistan",High income,Muscat,58.5874,23.6105,False
OMN,2023,1.41401383200161,21027.7384572657,95.25170135,Oman,"Middle East, North Africa, Afghanistan & Pakistan",High income,Muscat,58.5874,23.6105,False
OMN,2024,1.63163231397978,20285.2272765262,95.25174678,Oman,"Middle East, North Africa, Afghanistan & Pakistan",High income,Muscat,58.5874,23.6105,False
PAK,2000,4.2600880111325,642.338346499898,,Pakistan,"Middle East, North Africa, Afghanistan & Pakistan",Lower middle income,Islamabad,72.8,30.5167,False
PAK,2001,3.65135017083765,609.939506905073,1.31855077925626,Pakistan,"Middle East, North Africa, Afghanistan & Pakistan",Lower middle income,Islamabad,72.8,30.5167,False
PAK,2002,2.59481668445784,599.937345723927,2.57742673683831,Pakistan,"Middle East, North Africa, Afghanistan & Pakistan",Lower middle income,Islamabad,72.8,30.5167,False
PAK,2003,5.40131087314342,672.44178669894,5.04115812592502,Pakistan,"Middle East, North Africa, Afghanistan & Pakistan",Lower middle income,Islamabad,72.8,30.5167,False
PAK,2004,7.83125556961251,771.902247348954,6.16432098534156,Pakistan,"Middle East, North Africa, Afghanistan & Pakistan",Lower middle income,Islamabad,72.8,30.5167,False
PAK,2005,7.2765744364722,827.619861189926,6.332300186,Pakistan,"Middle East, North Africa, Afghanistan & Pakistan",Lower middle income,Islamabad,72.8,30.5167,False
PAK,2006,6.05163767569996,900.873564984808,6.5,Pakistan,"Middle East, North Africa, Afghanistan & Pakistan",Lower middle income,Islamabad,72.8,30.5167,False
PAK,2007,4.4448143398844,998.090114197524,6.800000191,Pakistan,"Middle East, North Africa, Afghanistan & Pakistan",Lower middle income,Islamabad,72.8,30.5167,False
PAK,2008,2.1204410433083,1067.04324565284,7.0,Pakistan,"Middle East, North Africa, Afghanistan & Pakistan",Lower middle income,Islamabad,72.8,30.5167,False
PAK,2009,3.47255059567348,963.788066395225,7.5,Pakistan,"Middle East, North Africa, Afghanistan & Pakistan",Lower middle income,Islamabad,72.8,30.5167,False
PAK,2010,1.50171752152883,987.304571124485,8.0,Pakistan,"Middle East, North Africa, Afghanistan & Pakistan",Lower middle income,Islamabad,72.8,30.5167,False
PAK,2011,2.68011685421705,1131.73513834324,8.0,Pakistan,"Middle East, North Africa, Afghanistan & Pakistan",Lower middle income,Islamabad,72.8,30.5167,False
PAK,2012,3.02758391088629,1204.36475491585,8.100000381,Pakistan,"Middle East, North Africa, Afghanistan & Pakistan",Lower middle income,Islamabad,72.8,30.5167,False
PAK,2013,4.36686504978387,1225.4340119198,9.0,Pakistan,"Middle East, North Africa, Afghanistan & Pakistan",Lower middle income,Islamabad,72.8,30.5167,False
PAK,2014,4.11642817161422,1266.61340849959,10.0,Pakistan,"Middle East, North Africa, Afghanistan & Pakistan",Lower middle income,Islamabad,72.8,30.5167,False
PAK,2015,4.21794209572506,1380.47020838317,11.0,Pakistan,"Middle East, North Africa, Afghanistan & Pakistan",Lower middle income,Islamabad,72.8,30.5167,False
PAK,2016,6.57383828511043,1424.69161195897,12.385446763381,Pakistan,"Middle East, North Africa, Afghanistan & Pakistan",Lower middle income,Islamabad,72.8,30.5167,False
PAK,2017,4.43262590683975,1519.23459514248,13.77999973,Pakistan,"Middle East, North Africa, Afghanistan & Pakistan",Lower middle income,Islamabad,72.8,30.5167,False
PAK,2018,6.15170261099519,1569.33814626355,15.34000015,Pakistan,"Middle East, North Africa, Afghanistan & Pakistan",Lower middle income,Islamabad,72.8,30.5167,False
PAK,2019,2.49763692943365,1390.41690981745,17.070901719916,Pakistan,"Middle East, North Africa, Afghanistan & Pakistan",Lower middle income,Islamabad,72.8,30.5167,False
PAK,2020,-1.27408744338709,1278.39735206896,18.935,Pakistan,"Middle East, North Africa, Afghanistan & Pakistan",Lower middle income,Islamabad,72.8,30.5167,False
PAK,2021,6.51388575852702,1455.31922370186,,Pakistan,"Middle East, North Africa, Afghanistan & Pakistan",Lower middle income,Islamabad,72.8,30.5167,False
PAK,2022,4.7781068690358,1538.3228133171,,Pakistan,"Middle East, North Africa, Afghanistan & Pakistan",Lower middle income,Islamabad,72.8,30.5167,False
PAK,2023,-0.414935997088406,1360.32417758419,,Pakistan,"Middle East, North Africa, Afghanistan & Pakistan",Lower middle income,Islamabad,72.8,30.5167,False
PAK,2024,3.08176295579301,1479.47755241191,57.253,Pakistan,"Middle East, North Africa, Afghanistan & Pakistan",Lower middle income,Islamabad,72.8,30.5167,False
PAN,2000,4.20900547865375,3975.09308659503,6.55479647729549,Panama,Latin America & Caribbean ,High income,Panama City,-79.5188,8.99427,False
PAN,2001,0.949908149985234,3991.7767076924,7.26839987788729,Panama,Latin America & Caribbean ,High income,Panama City,-79.5188,8.99427,False
PAN,2002,2.50884372716125,4090.58617397129,8.51807781515595,Panama,Latin America & Caribbean ,High income,Panama City,-79.5188,8.99427,False
PAN,2003,5.09686030493801,4264.66428846636,9.98742407723405,Panama,Latin America & Caribbean ,High income,Panama City,-79.5188,8.99427,False
PAN,2004,8.17565333965649,4644.56582353041,11.1408625409415,Panama,Latin America & Caribbean ,High income,Panama City,-79.5188,8.99427,False
PAN,2005,8.27618334503531,5017.7410922824,11.48400021,Panama,Latin America & Caribbean ,High income,Panama City,-79.5188,8.99427,False
PAN,2006,9.85723870564752,5528.76705469354,17.34959984,Panama,Latin America & Caribbean ,High income,Panama City,-79.5188,8.99427,False
PAN,2007,13.1530653782933,6317.81730274124,22.29,Panama,Latin America & Caribbean ,High income,Panama City,-79.5188,8.99427,False
PAN,2008,10.1974325907958,7347.59050324397,33.82,Panama,Latin America & Caribbean ,High income,Panama City,-79.5188,8.99427,False
PAN,2009,1.61186405976055,7796.92617035048,39.08,Panama,Latin America & Caribbean ,High income,Panama City,-79.5188,8.99427,False
PAN,2010,6.07339353106087,8331.46421351868,40.1,Panama,Latin America & Caribbean ,High income,Panama City,-79.5188,8.99427,False
PAN,2011,11.9088772249531,9662.29592216607,42.7,Panama,Latin America & Caribbean ,High income,Panama City,-79.5188,8.99427,False
PAN,2012,9.62729346439019,11064.8063606203,40.3018952210488,Panama,Latin America & Caribbean ,High income,Panama City,-79.5188,8.99427,False
PAN,2013,6.32435388662846,12273.3225037637,44.03,Panama,Latin America & Caribbean ,High income,Panama City,-79.5188,8.99427,False
PAN,2014,4.62581375565551,13213.1989637473,44.9238152577893,Panama,Latin America & Caribbean ,High income,Panama City,-79.5188,8.99427,False
PAN,2015,5.26691719595516,14082.6548502728,51.2054249948687,Panama,Latin America & Caribbean ,High income,Panama City,-79.5188,8.99427,False
PAN,2016,4.57196707937275,14832.3611608191,54.0,Panama,Latin America & Caribbean ,High income,Panama City,-79.5188,8.99427,False
PAN,2017,5.7440594635578,15694.6297454295,59.9506309038683,Panama,Latin America & Caribbean ,High income,Panama City,-79.5188,8.99427,False
PAN,2018,3.91824253321265,16151.3273478476,61.8055313202468,Panama,Latin America & Caribbean ,High income,Panama City,-79.5188,8.99427,False
PAN,2019,3.10295395631086,16477.9066285687,63.6284147731451,Panama,Latin America & Caribbean ,High income,Panama City,-79.5188,8.99427,False
PAN,2020,-17.8211174074602,13290.5608347594,64.82430267,Panama,Latin America & Caribbean ,High income,Panama City,-79.5188,8.99427,False
PAN,2021,16.4669992022652,15509.8069109784,66.04270172,Panama,Latin America & Caribbean ,High income,Panama City,-79.5188,8.99427,False
PAN,2022,11.0386022908773,17378.6070083597,67.2838974,Panama,Latin America & Caribbean ,High income,Panama City,-79.5188,8.99427,False
PAN,2023,7.16634016390665,18797.1933894611,68.54851592,Panama,Latin America & Caribbean ,High income,Panama City,-79.5188,8.99427,False
PAN,2024,2.74784148771307,19161.218843129,72.77149963,Panama,Latin America & Caribbean ,High income,Panama City,-79.5188,8.99427,False
PER,2000,2.69437139806912,1945.41338451698,3.07643061137675,Peru,Latin America & Caribbean ,Upper middle income,Lima,-77.0465,-12.0931,False
PER,2001,0.617892325624297,1929.57273038846,7.57876295717419,Peru,Latin America & Caribbean ,Upper middle income,Lima,-77.0465,-12.0931,False
PER,2002,5.45352893818767,2007.37019626753,8.96694917040028,Peru,Latin America & Caribbean ,Upper middle income,Lima,-77.0465,-12.0931,False
PER,2003,4.16502313666112,2129.44114197634,11.6,Peru,Latin America & Caribbean ,Upper middle income,Lima,-77.0465,-12.0931,False
PER,2004,4.95820320611745,2397.25147277714,14.1,Peru,Latin America & Caribbean ,Upper middle income,Lima,-77.0465,-12.0931,False
PER,2005,6.28506032509601,2706.66947297608,17.10000038,Peru,Latin America & Caribbean ,Upper middle income,Lima,-77.0465,-12.0931,False
PER,2006,7.5288990440594,3129.55996496982,20.70000076,Peru,Latin America & Caribbean ,Upper middle income,Lima,-77.0465,-12.0931,False
PER,2007,8.5183877690955,3581.0893081917,25.20000076,Peru,Latin America & Caribbean ,Upper middle income,Lima,-77.0465,-12.0931,False
PER,2008,9.1265683014642,4197.58444634142,30.57,Peru,Latin America & Caribbean ,Upper middle income,Lima,-77.0465,-12.0931,False
PER,2009,1.0958236592427,4181.18755462253,31.4,Peru,Latin America & Caribbean ,Upper middle income,Lima,-77.0465,-12.0931,False
PER,2010,8.33245910749577,5072.11494019615,34.77,Peru,Latin America & Caribbean ,Upper middle income,Lima,-77.0465,-12.0931,False
PER,2011,6.32719240161117,5861.35793645245,36.01,Peru,Latin America & Caribbean ,Upper middle income,Lima,-77.0465,-12.0931,False
PER,2012,6.13972470560435,6519.37852981527,38.2,Peru,Latin America & Caribbean ,Upper middle income,Lima,-77.0465,-12.0931,False
PER,2013,5.85251821084928,6746.80025696601,39.2,Peru,Latin America & Caribbean ,Upper middle income,Lima,-77.0465,-12.0931,False
PER,2014,2.38215737180541,6667.13410360861,40.2446560091704,Peru,Latin America & Caribbean ,Upper middle income,Lima,-77.0465,-12.0931,False
PER,2015,3.25224477218451,6231.71150338894,40.8526009090468,Peru,Latin America & Caribbean ,Upper middle income,Lima,-77.0465,-12.0931,False
PER,2016,3.95331871520767,6217.03599995447,45.4617406869459,Peru,Latin America & Caribbean ,Upper middle income,Lima,-77.0465,-12.0931,False
PER,2017,2.51883544233135,6736.16693725487,50.4504121848143,Peru,Latin America & Caribbean ,Upper middle income,Lima,-77.0465,-12.0931,False
PER,2018,3.969351341365,6978.49121548627,55.0543342443197,Peru,Latin America & Caribbean ,Upper middle income,Lima,-77.0465,-12.0931,False
PER,2019,2.24063176875049,7037.00803692604,59.9505036049006,Peru,Latin America & Caribbean ,Upper middle income,Lima,-77.0465,-12.0931,False
PER,2020,-10.9333065010382,6133.32552410183,65.25179796,Peru,Latin America & Caribbean ,Upper middle income,Lima,-77.0465,-12.0931,False
PER,2021,13.4166456126513,6828.53422535638,71.10782643,Peru,Latin America & Caribbean ,Upper middle income,Lima,-77.0465,-12.0931,False
PER,2022,2.81819976419922,7353.74598721667,74.67495213,Peru,Latin America & Caribbean ,Upper middle income,Lima,-77.0465,-12.0931,False
PER,2023,-0.350699814345759,7919.04634828547,79.48484477,Peru,Latin America & Caribbean ,Upper middle income,Lima,-77.0465,-12.0931,False
PER,2024,3.5152749274832,8526.29665719783,81.95705992,Peru,Latin America & Caribbean ,Upper middle income,Lima,-77.0465,-12.0931,False
PHL,2000,4.38250500083399,1050.79273107952,1.98225319605827,Philippines,East Asia & Pacific,Upper middle income,Manila,121.035,14.5515,False
PHL,2001,3.04923134463486,969.530611744453,2.52400566008269,Philippines,East Asia & Pacific,Upper middle income,Manila,121.035,14.5515,False
PHL,2002,3.71625500158383,1014.90879320106,4.33227574643007,Philippines,East Asia & Pacific,Upper middle income,Manila,121.035,14.5515,False
PHL,2003,5.08691113513073,1027.2301192843,4.85767226708512,Philippines,East Asia & Pacific,Upper middle income,Manila,121.035,14.5515,False
PHL,2004,6.56922851180626,1099.63013023758,5.2436284521711,Philippines,East Asia & Pacific,Upper middle income,Manila,121.035,14.5515,False
PHL,2005,4.94250511877678,1220.46018559867,5.397600174,Philippines,East Asia & Pacific,Upper middle income,Manila,121.035,14.5515,False
PHL,2006,5.31641682136939,1426.14649179546,5.74058632534702,Philippines,East Asia & Pacific,Upper middle income,Manila,121.035,14.5515,False
PHL,2007,6.51929155018938,1712.65543282793,5.97,Philippines,East Asia & Pacific,Upper middle income,Manila,121.035,14.5515,False
PHL,2008,4.34448730509183,1959.29233534978,6.22,Philippines,East Asia & Pacific,Upper middle income,Manila,121.035,14.5515,False
PHL,2009,1.44832306275669,1864.45043406471,9.0,Philippines,East Asia & Pacific,Upper middle income,Manila,121.035,14.5515,False
PHL,2010,7.33449996034538,2162.91375885614,25.0,Philippines,East Asia & Pacific,Upper middle income,Manila,121.035,14.5515,False
PHL,2011,3.85823282795663,2383.91892522087,29.0,Philippines,East Asia & Pacific,Upper middle income,Manila,121.035,14.5515,False
PHL,2012,6.89695171050985,2614.61644401308,30.79999924,Philippines,East Asia & Pacific,Upper middle income,Manila,121.035,14.5515,False
PHL,2013,6.75053130142255,2781.27957677397,32.70000076,Philippines,East Asia & Pacific,Upper middle income,Manila,121.035,14.5515,False
PHL,2014,6.34798748260867,2866.83803761407,34.70000076,Philippines,East Asia & Pacific,Upper middle income,Manila,121.035,14.5515,False
PHL,2015,6.34830971672761,2909.85818010301,36.90000153,Philippines,East Asia & Pacific,Upper middle income,Manila,121.035,14.5515,False
PHL,2016,7.14945675000752,2985.19564024046,39.20000076,Philippines,East Asia & Pacific,Upper middle income,Manila,121.035,14.5515,False
PHL,2017,6.9309883258402,3038.12124959289,41.59999847,Philippines,East Asia & Pacific,Upper middle income,Manila,121.035,14.5515,False
PHL,2018,6.34148557153473,3168.51036609727,44.09999847,Philippines,East Asia & Pacific,Upper middle income,Manila,121.035,14.5515,False
PHL,2019,6.11852566221303,3400.78949767074,43.0266118680279,Philippines,East Asia & Pacific,Upper middle income,Manila,121.035,14.5515,False
PHL,2020,-9.51829474045297,3227.57910235199,53.76490021,Philippines,East Asia & Pacific,Upper middle income,Manila,121.035,14.5515,False
PHL,2021,5.71473313185116,3484.38593882819,66.90779877,Philippines,East Asia & Pacific,Upper middle income,Manila,121.035,14.5515,False
PHL,2022,7.58098212785563,3548.06930572116,75.21114422,Philippines,East Asia & Pacific,Upper middle income,Manila,121.035,14.5515,False
PHL,2023,5.51894967856043,3804.08274131718,77.86699677,Philippines,East Asia & Pacific,Upper middle income,Manila,121.035,14.5515,False
PHL,2024,5.71474526128652,3985.29464669706,67.26300914,Philippines,East Asia & Pacific,Upper middle income,Manila,121.035,14.5515,False
PLW,2000,-2.60392518285772,7798.07510558974,,Palau,East Asia & Pacific,High income,Koror,134.479,7.34194,False
PLW,2001,7.34588822740689,8239.26386807565,,Palau,East Asia & Pacific,High income,Koror,134.479,7.34194,False
PLW,2002,4.71497567037891,8340.18965031021,20.243939470621,Palau,East Asia & Pacific,High income,Koror,134.479,7.34194,False
PLW,2003,-2.12775905744436,7862.39286077623,21.6015271777354,Palau,East Asia & Pacific,High income,Koror,134.479,7.34194,False
PLW,2004,3.47251267849076,8393.73029137235,26.9703326341025,Palau,East Asia & Pacific,High income,Koror,134.479,7.34194,False
PLW,2005,2.88482026504025,9367.68615343862,,Palau,East Asia & Pacific,High income,Koror,134.479,7.34194,False
PLW,2006,0.228102952380539,9737.01943934058,,Palau,East Asia & Pacific,High income,Koror,134.479,7.34194,False
PLW,2007,0.687060932625798,10155.0470806134,,Palau,East Asia & Pacific,High income,Koror,134.479,7.34194,False
PLW,2008,-5.55349767521281,10471.1510008417,,Palau,East Asia & Pacific,High income,Koror,134.479,7.34194,False
PLW,2009,-6.19509416666021,9837.49883077663,,Palau,East Asia & Pacific,High income,Koror,134.479,7.34194,False
PLW,2010,-3.02648271979963,10018.065238367,,Palau,East Asia & Pacific,High income,Koror,134.479,7.34194,False
PLW,2011,4.5453422056307,10795.639900708,,Palau,East Asia & Pacific,High income,Koror,134.479,7.34194,False
PLW,2012,2.06132919740671,12098.4124331551,,Palau,East Asia & Pacific,High income,Koror,134.479,7.34194,False
PLW,2013,-1.39368330622723,12820.5931621147,,Palau,East Asia & Pacific,High income,Koror,134.479,7.34194,False
PLW,2014,4.21392368136632,13854.730278013,,Palau,East Asia & Pacific,High income,Koror,134.479,7.34194,False
PLW,2015,8.57000568228419,15938.3652222848,,Palau,East Asia & Pacific,High income,Koror,134.479,7.34194,False
PLW,2016,1.66650688235592,17043.6660673147,,Palau,East Asia & Pacific,High income,Koror,134.479,7.34194,False
PLW,2017,-3.42143170174889,16280.241199753,,Palau,East Asia & Pacific,High income,Koror,134.479,7.34194,False
PLW,2018,-0.417625859260369,16179.877834849,,Palau,East Asia & Pacific,High income,Koror,134.479,7.34194,False
PLW,2019,0.300684343692609,15841.8923474548,,Palau,East Asia & Pacific,High income,Koror,134.479,7.34194,False
PLW,2020,-6.00740723664144,14556.30954221,,Palau,East Asia & Pacific,High income,Koror,134.479,7.34194,False
PLW,2021,-11.9146400192064,13267.4877340719,,Palau,East Asia & Pacific,High income,Koror,134.479,7.34194,False
PLW,2022,-0.462879543823192,13934.951996171,82.56749725,Palau,East Asia & Pacific,High income,Koror,134.479,7.34194,False
PLW,2023,1.22284844405733,15578.3497630733,82.91629791,Palau,East Asia & Pacific,High income,Koror,134.479,7.34194,False
PLW,2024,12.0059720184866,18169.0767165866,83.92549896,Palau,East Asia & Pacific,High income,Koror,134.479,7.34194,False
PNG,2000,-2.49484199260023,635.957919047725,0.835249302427624,Papua New Guinea,East Asia & Pacific,Lower middle income,Port Moresby,147.194,-9.47357,True
PNG,2001,-0.121288605564772,537.847459634131,0.904103545170821,Papua New Guinea,East Asia & Pacific,Lower middle income,Port Moresby,147.194,-9.47357,True
PNG,2002,-0.158900533082658,506.331789534482,1.3216569348661,Papua New Guinea,East Asia & Pacific,Lower middle income,Port Moresby,147.194,-9.47357,True
PNG,2003,2.16410250222083,577.467922387259,1.37440466802801,Papua New Guinea,East Asia & Pacific,Lower middle income,Port Moresby,147.194,-9.47357,True
PNG,2004,2.72117574098235,620.596147680561,1.5079127722725,Papua New Guinea,East Asia & Pacific,Lower middle income,Port Moresby,147.194,-9.47357,True
PNG,2005,6.34479592309654,744.486489977433,1.71619047556782,Papua New Guinea,East Asia & Pacific,Lower middle income,Port Moresby,147.194,-9.47357,True
PNG,2006,5.40994409107307,1238.18282926706,1.754487260668,Papua New Guinea,East Asia & Pacific,Lower middle income,Port Moresby,147.194,-9.47357,True
PNG,2007,7.81518922862388,1370.753415829,1.790599942,Papua New Guinea,East Asia & Pacific,Lower middle income,Port Moresby,147.194,-9.47357,True
PNG,2008,-0.296457845880582,1624.79319935188,1.15,Papua New Guinea,East Asia & Pacific,Lower middle income,Port Moresby,147.194,-9.47357,True
PNG,2009,6.80042148322096,1568.83193368607,1.61,Papua New Guinea,East Asia & Pacific,Lower middle income,Port Moresby,147.194,-9.47357,True
PNG,2010,10.1284540720232,1866.86889851208,1.28,Papua New Guinea,East Asia & Pacific,Lower middle income,Port Moresby,147.194,-9.47357,True
PNG,2011,1.10754362619616,2288.37591141234,2.0,Papua New Guinea,East Asia & Pacific,Lower middle income,Port Moresby,147.194,-9.47357,True
PNG,2012,4.65711959686239,2635.0873631547,3.5,Papua New Guinea,East Asia & Pacific,Lower middle income,Port Moresby,147.194,-9.47357,True
PNG,2013,3.82494632800675,2560.77458976327,5.099999905,Papua New Guinea,East Asia & Pacific,Lower middle income,Port Moresby,147.194,-9.47357,True
PNG,2014,13.5437706216546,2723.17529825196,6.5,Papua New Guinea,East Asia & Pacific,Lower middle income,Port Moresby,147.194,-9.47357,True
PNG,2015,6.57835632304275,2484.5963398603,7.900000095,Papua New Guinea,East Asia & Pacific,Lower middle income,Port Moresby,147.194,-9.47357,True
PNG,2016,5.48957315278187,2316.39479758492,9.601499557,Papua New Guinea,East Asia & Pacific,Lower middle income,Port Moresby,147.194,-9.47357,True
PNG,2017,3.53461081750459,2477.76530986323,11.20919991,Papua New Guinea,East Asia & Pacific,Lower middle income,Port Moresby,147.194,-9.47357,True
PNG,2018,-0.279252284959952,2566.36833735041,12.35789967,Papua New Guinea,East Asia & Pacific,Lower middle income,Port Moresby,147.194,-9.47357,True
PNG,2019,4.48051456942582,2575.77274140393,13.62419987,Papua New Guinea,East Asia & Pacific,Lower middle income,Port Moresby,147.194,-9.47357,True
PNG,2020,-3.16743204434815,2429.61134585269,15.02040005,Papua New Guinea,East Asia & Pacific,Lower middle income,Port Moresby,147.194,-9.47357,True
PNG,2021,-0.510612607034361,2607.97769973161,16.55960083,Papua New Guinea,East Asia & Pacific,Lower middle income,Port Moresby,147.194,-9.47357,True
PNG,2022,5.70701964996525,3102.29409730005,18.25659943,Papua New Guinea,East Asia & Pacific,Lower middle income,Port Moresby,147.194,-9.47357,True
PNG,2023,3.81046308333708,2966.06455045333,18.56130028,Papua New Guinea,East Asia & Pacific,Lower middle income,Port Moresby,147.194,-9.47357,True
PNG,2024,3.88795324667848,2912.4914068385,18.81159973,Papua New Guinea,East Asia & Pacific,Lower middle income,Port Moresby,147.194,-9.47357,True
POL,2000,4.65633252988236,4520.64100449111,7.2854287080601,Poland,Europe & Central Asia,High income,Warsaw,21.02,52.26,False
POL,2001,1.23374464400356,5015.23790036613,9.9006697073534,Poland,Europe & Central Asia,High income,Warsaw,21.02,52.26,False
POL,2002,1.90119437968586,5223.45178967082,21.15,Poland,Europe & Central Asia,High income,Warsaw,21.02,52.26,False
POL,2003,3.52337117234833,5720.81366178104,24.87,Poland,Europe & Central Asia,High income,Warsaw,21.02,52.26,False
POL,2004,5.09079546409544,6711.72715262967,32.53,Poland,Europe & Central Asia,High income,Warsaw,21.02,52.26,False
POL,2005,3.26082274679216,8043.92332253757,38.81,Poland,Europe & Central Asia,High income,Warsaw,21.02,52.26,False
POL,2006,6.20210710934373,9068.85528307627,44.58,Poland,Europe & Central Asia,High income,Warsaw,21.02,52.26,False
POL,2007,6.7604478527626,11272.5293683383,48.6,Poland,Europe & Central Asia,High income,Warsaw,21.02,52.26,False
POL,2008,4.38377069274605,14048.5604672654,53.13,Poland,Europe & Central Asia,High income,Warsaw,21.02,52.26,False
POL,2009,2.61512859291683,11556.3026866026,58.97,Poland,Europe & Central Asia,High income,Warsaw,21.02,52.26,False
POL,2010,3.16892748258036,12567.7317676382,62.32,Poland,Europe & Central Asia,High income,Warsaw,21.02,52.26,False
POL,2011,5.25546256612796,13867.6669408192,61.94999896898,Poland,Europe & Central Asia,High income,Warsaw,21.02,52.26,False
POL,2012,1.51178167644575,13087.420943321,62.3099972714691,Poland,Europe & Central Asia,High income,Warsaw,21.02,52.26,False
POL,2013,0.684240607051805,13621.9023794031,62.8492,Poland,Europe & Central Asia,High income,Warsaw,21.02,52.26,False
POL,2014,3.92050862390032,14262.2841914116,66.5987360557248,Poland,Europe & Central Asia,High income,Warsaw,21.02,52.26,False
POL,2015,4.43176700264478,12637.5220324406,67.9969871556415,Poland,Europe & Central Asia,High income,Warsaw,21.02,52.26,False
POL,2016,3.03117767594847,12464.0121044827,73.3007040962669,Poland,Europe & Central Asia,High income,Warsaw,21.02,52.26,False
POL,2017,5.15245773325907,13913.3415190124,75.9853659493832,Poland,Europe & Central Asia,High income,Warsaw,21.02,52.26,False
POL,2018,6.2458584723942,15658.210586693,77.5417345350006,Poland,Europe & Central Asia,High income,Warsaw,21.02,52.26,False
POL,2019,4.58045817256199,15874.5220531254,80.4359068768673,Poland,Europe & Central Asia,High income,Warsaw,21.02,52.26,False
POL,2020,-2.03556882399977,16150.9304813473,83.18488715,Poland,Europe & Central Asia,High income,Warsaw,21.02,52.26,False
POL,2021,6.92718266052501,18635.5104895754,85.37490906,Poland,Europe & Central Asia,High income,Warsaw,21.02,52.26,False
POL,2022,5.25545697386036,18891.2121169279,86.94113479,Poland,Europe & Central Asia,High income,Warsaw,21.02,52.26,False
POL,2023,0.249610834017872,22145.2660647429,86.414744,Poland,Europe & Central Asia,High income,Warsaw,21.02,52.26,False
POL,2024,3.02841630700273,25103.565661423,88.58496367,Poland,Europe & Central Asia,High income,Warsaw,21.02,52.26,False
PRI,2000,3.27196451910478,16192.1269719638,10.4746482089399,Puerto Rico (US),Latin America & Caribbean ,High income,San Juan,-66,18.23,False
PRI,2001,6.31347157694064,18123.1987019918,15.6300309162012,Puerto Rico (US),Latin America & Caribbean ,High income,San Juan,-66,18.23,False
PRI,2002,0.916459423425337,18731.4593897378,17.5476475654777,Puerto Rico (US),Latin America & Caribbean ,High income,San Juan,-66,18.23,False
PRI,2003,0.0534198017173964,19557.1202492358,19.7070256578252,Puerto Rico (US),Latin America & Caribbean ,High income,San Juan,-66,18.23,False
PRI,2004,8.7486769008168,20988.9923326534,22.1307382347014,Puerto Rico (US),Latin America & Caribbean ,High income,San Juan,-66,18.23,False
PRI,2005,-1.98693871772703,21959.322696986,23.4000504486583,Puerto Rico (US),Latin America & Caribbean ,High income,San Juan,-66,18.23,False
PRI,2006,-1.40941405684823,22935.9411586313,25.4424182102582,Puerto Rico (US),Latin America & Caribbean ,High income,San Juan,-66,18.23,False
PRI,2007,-1.16280665573993,23664.8823485096,27.86,Puerto Rico (US),Latin America & Caribbean ,High income,San Juan,-66,18.23,False
PRI,2008,-1.84413421831884,24898.3345857045,38.0,Puerto Rico (US),Latin America & Caribbean ,High income,San Juan,-66,18.23,False
PRI,2009,-1.95242518381124,25768.7258883384,41.5,Puerto Rico (US),Latin America & Caribbean ,High income,San Juan,-66,18.23,False
PRI,2010,-0.413254119172365,26414.8810634548,45.3,Puerto Rico (US),Latin America & Caribbean ,High income,San Juan,-66,18.23,False
PRI,2011,-0.358510636850312,27170.0766543278,48.0,Puerto Rico (US),Latin America & Caribbean ,High income,San Juan,-66,18.23,False
PRI,2012,0.0292751500944064,27742.024476618,68.9999826014151,Puerto Rico (US),Latin America & Caribbean ,High income,San Juan,-66,18.23,False
PRI,2013,-0.306826666941774,28212.0499737431,68.999990004,Puerto Rico (US),Latin America & Caribbean ,High income,San Juan,-66,18.23,False
PRI,2014,-1.19036347346942,28576.0988023209,76.1338597201667,Puerto Rico (US),Latin America & Caribbean ,High income,San Juan,-66,18.23,False
PRI,2015,-1.04929003238674,29242.041465085,63.4663353848474,Puerto Rico (US),Latin America & Caribbean ,High income,San Juan,-66,18.23,False
PRI,2016,-1.26369434781117,29978.0889268918,68.6438071976518,Puerto Rico (US),Latin America & Caribbean ,High income,San Juan,-66,18.23,False
PRI,2017,-2.88521838398481,30328.479490518,68.7407731407209,Puerto Rico (US),Latin America & Caribbean ,High income,San Juan,-66,18.23,False
PRI,2018,-4.36142703162535,30679.9181934488,70.8563997424362,Puerto Rico (US),Latin America & Caribbean ,High income,San Juan,-66,18.23,False
PRI,2019,1.67546379498209,31830.5284993358,77.7364393708352,Puerto Rico (US),Latin America & Caribbean ,High income,San Juan,-66,18.23,False
PRI,2020,-4.1808743093346,31427.1034994916,,Puerto Rico (US),Latin America & Caribbean ,High income,San Juan,-66,18.23,False
PRI,2021,0.385222719529239,32618.8705106244,84.78666399,Puerto Rico (US),Latin America & Caribbean ,High income,San Juan,-66,18.23,False
PRI,2022,2.95709565499587,35353.5613891039,87.29178106,Puerto Rico (US),Latin America & Caribbean ,High income,San Juan,-66,18.23,False
PRI,2023,0.731492105366186,36980.7653928068,,Puerto Rico (US),Latin America & Caribbean ,High income,San Juan,-66,18.23,False
PRI,2024,3.17707554784896,39353.2242360643,,Puerto Rico (US),Latin America & Caribbean ,High income,San Juan,-66,18.23,False
PRK,2000,,,0.0,"Korea, Dem. People's Rep.",East Asia & Pacific,Low income,Pyongyang,125.754,39.0319,False
PRK,2001,,,0.0,"Korea, Dem. People's Rep.",East Asia & Pacific,Low income,Pyongyang,125.754,39.0319,False
PRK,2002,,,0.0,"Korea, Dem. People's Rep.",East Asia & Pacific,Low income,Pyongyang,125.754,39.0319,False
PRK,2003,,,0.0,"Korea, Dem. People's Rep.",East Asia & Pacific,Low income,Pyongyang,125.754,39.0319,False
PRK,2004,,,0.0,"Korea, Dem. People's Rep.",East Asia & Pacific,Low income,Pyongyang,125.754,39.0319,False
PRT,2000,3.81617714108242,11526.3720667968,16.4304676923534,Portugal,Europe & Central Asia,High income,Lisbon,-9.13552,38.7072,False
PRT,2001,1.94367213427915,11734.7649743954,18.0871365595338,Portugal,Europe & Central Asia,High income,Lisbon,-9.13552,38.7072,False
PRT,2002,0.770924781247714,12936.6928204482,19.37,Portugal,Europe & Central Asia,High income,Lisbon,-9.13552,38.7072,False
PRT,2003,-0.930521045062918,15797.7821340276,29.67,Portugal,Europe & Central Asia,High income,Lisbon,-9.13552,38.7072,False
PRT,2004,1.78873552917291,18064.1580932987,31.78,Portugal,Europe & Central Asia,High income,Lisbon,-9.13552,38.7072,False
PRT,2005,0.781847569123585,18780.12751241,34.99,Portugal,Europe & Central Asia,High income,Lisbon,-9.13552,38.7072,False
PRT,2006,1.62503532956156,19839.4540499032,38.01,Portugal,Europe & Central Asia,High income,Lisbon,-9.13552,38.7072,False
PRT,2007,2.50657937751231,22811.0564844365,42.09,Portugal,Europe & Central Asia,High income,Lisbon,-9.13552,38.7072,False
PRT,2008,0.319247344434558,24949.0413566739,44.13,Portugal,Europe & Central Asia,High income,Lisbon,-9.13552,38.7072,False
PRT,2009,-3.12207827545093,23151.2154130712,48.27,Portugal,Europe & Central Asia,High income,Lisbon,-9.13552,38.7072,False
PRT,2010,1.73762453640036,22551.935098809,53.3,Portugal,Europe & Central Asia,High income,Lisbon,-9.13552,38.7072,False
PRT,2011,-1.71352745905065,23246.5425416481,55.2499968797194,Portugal,Europe & Central Asia,High income,Lisbon,-9.13552,38.7072,False
PRT,2012,-4.05090267621935,20593.4274224109,60.3399974868057,Portugal,Europe & Central Asia,High income,Lisbon,-9.13552,38.7072,False
PRT,2013,-0.984106574148328,21676.4859642714,62.0956,Portugal,Europe & Central Asia,High income,Lisbon,-9.13552,38.7072,False
PRT,2014,0.741391420706506,22120.6850127107,64.5924200648949,Portugal,Europe & Central Asia,High income,Lisbon,-9.13552,38.7072,False
PRT,2015,1.58979803702681,19215.7813014347,68.6328614804299,Portugal,Europe & Central Asia,High income,Lisbon,-9.13552,38.7072,False
PRT,2016,2.00414129666575,19980.2808866516,70.423567088723,Portugal,Europe & Central Asia,High income,Lisbon,-9.13552,38.7072,False
PRT,2017,3.31472008175986,21442.3842768879,73.7912139515729,Portugal,Europe & Central Asia,High income,Lisbon,-9.13552,38.7072,False
PRT,2018,2.94628343449202,23541.1401075289,74.6609681487507,Portugal,Europe & Central Asia,High income,Lisbon,-9.13552,38.7072,False
PRT,2019,2.74568432648596,23343.3628970034,75.3463779408712,Portugal,Europe & Central Asia,High income,Lisbon,-9.13552,38.7072,False
PRT,2020,-8.20463159324387,22299.4044062173,78.26166044,Portugal,Europe & Central Asia,High income,Lisbon,-9.13552,38.7072,False
PRT,2021,5.55875672070374,24711.4510062111,82.30902804,Portugal,Europe & Central Asia,High income,Lisbon,-9.13552,38.7072,False
PRT,2022,6.98584137580278,24620.5197587181,84.49690644,Portugal,Europe & Central Asia,High income,Lisbon,-9.13552,38.7072,False
PRT,2023,3.09998745904281,27634.6183139773,85.79012676,Portugal,Europe & Central Asia,High income,Lisbon,-9.13552,38.7072,False
PRT,2024,2.21459232301109,29328.3067415343,88.48704454,Portugal,Europe & Central Asia,High income,Lisbon,-9.13552,38.7072,False
PRY,2000,-2.31414056819045,1736.11729210765,0.747630711548184,Paraguay,Latin America & Caribbean ,Upper middle income,Asuncion,-57.6362,-25.3005,False
PRY,2001,-0.834054716746095,1637.68615122932,1.09879383569333,Paraguay,Latin America & Caribbean ,Upper middle income,Asuncion,-57.6362,-25.3005,False
PRY,2002,-0.0214043949985694,1367.76506935997,1.79496959770244,Paraguay,Latin America & Caribbean ,Upper middle income,Asuncion,-57.6362,-25.3005,False
PRY,2003,4.32074548551591,1443.99885236205,2.11194208210034,Paraguay,Latin America & Caribbean ,Upper middle income,Asuncion,-57.6362,-25.3005,False
PRY,2004,4.05741836363771,1786.21533938543,3.45243843137079,Paraguay,Latin America & Caribbean ,Upper middle income,Asuncion,-57.6362,-25.3005,False
PRY,2005,2.13349066459601,1970.87169852378,7.90700786141285,Paraguay,Latin America & Caribbean ,Upper middle income,Asuncion,-57.6362,-25.3005,False
PRY,2006,4.80711719268376,2439.43124694576,7.962100029,Paraguay,Latin America & Caribbean ,Upper middle income,Asuncion,-57.6362,-25.3005,False
PRY,2007,5.42162287218235,3211.93621659546,11.21,Paraguay,Latin America & Caribbean ,Upper middle income,Asuncion,-57.6362,-25.3005,False
PRY,2008,6.4962921197091,4384.9546943793,14.27,Paraguay,Latin America & Caribbean ,Upper middle income,Asuncion,-57.6362,-25.3005,False
PRY,2009,-0.261137328080281,3941.84815479271,18.9,Paraguay,Latin America & Caribbean ,Upper middle income,Asuncion,-57.6362,-25.3005,False
PRY,2010,11.0952312685521,4750.96273669322,19.8,Paraguay,Latin America & Caribbean ,Upper middle income,Asuncion,-57.6362,-25.3005,False
PRY,2011,4.28637120702282,5805.40154543044,24.7635158793993,Paraguay,Latin America & Caribbean ,Upper middle income,Asuncion,-57.6362,-25.3005,False
PRY,2012,-0.708043112316886,5642.1699167298,29.34,Paraguay,Latin America & Caribbean ,Upper middle income,Asuncion,-57.6362,-25.3005,False
PRY,2013,8.29307648940471,6435.68342733182,36.9,Paraguay,Latin America & Caribbean ,Upper middle income,Asuncion,-57.6362,-25.3005,False
PRY,2014,5.30123864473624,6652.25478942291,43.0073750122614,Paraguay,Latin America & Caribbean ,Upper middle income,Asuncion,-57.6362,-25.3005,False
PRY,2015,2.95715168367079,5879.33792308671,49.716304663966,Paraguay,Latin America & Caribbean ,Upper middle income,Asuncion,-57.6362,-25.3005,False
PRY,2016,4.26802583314583,5775.1596339946,53.4041274791009,Paraguay,Latin America & Caribbean ,Upper middle income,Asuncion,-57.6362,-25.3005,False
PRY,2017,4.81007885554041,6152.26711537703,61.0757562215797,Paraguay,Latin America & Caribbean ,Upper middle income,Asuncion,-57.6362,-25.3005,False
PRY,2018,3.20425034076639,6258.44991640954,64.9935430235756,Paraguay,Latin America & Caribbean ,Upper middle income,Asuncion,-57.6362,-25.3005,False
PRY,2019,-0.40185510068001,5821.18199548637,68.5176284222264,Paraguay,Latin America & Caribbean ,Upper middle income,Asuncion,-57.6362,-25.3005,False
PRY,2020,-0.819785390971916,5365.47220721191,73.95751114,Paraguay,Latin America & Caribbean ,Upper middle income,Asuncion,-57.6362,-25.3005,False
PRY,2021,3.99461510731535,5974.9057185863,77.01838621,Paraguay,Latin America & Caribbean ,Upper middle income,Asuncion,-57.6362,-25.3005,False
PRY,2022,-0.0280771723899278,6189.10205375331,76.25916611,Paraguay,Latin America & Caribbean ,Upper middle income,Asuncion,-57.6362,-25.3005,False
PRY,2023,5.28584584975323,6303.26495017292,78.09481878,Paraguay,Latin America & Caribbean ,Upper middle income,Asuncion,-57.6362,-25.3005,False
PRY,2024,4.66914577981763,6456.60723068562,81.57806793,Paraguay,Latin America & Caribbean ,Upper middle income,Asuncion,-57.6362,-25.3005,False
PSE,2000,-8.5555726838292,1476.17185000238,1.11130620708969,West Bank and Gaza,"Middle East, North Africa, Afghanistan & Pakistan",Lower middle income,,,,True
PSE,2001,-9.31108114182962,1335.55319529359,1.83685483917877,West Bank and Gaza,"Middle East, North Africa, Afghanistan & Pakistan",Lower middle income,,,,True
PSE,2002,-12.4883821798129,1156.21747345769,3.10009223512517,West Bank and Gaza,"Middle East, North Africa, Afghanistan & Pakistan",Lower middle income,,,,True
PSE,2003,14.0156476793996,1257.69857009689,4.13061635632919,West Bank and Gaza,"Middle East, North Africa, Afghanistan & Pakistan",Lower middle income,,,,True
PSE,2004,21.9244861205987,1422.19088643544,4.40090482603223,West Bank and Gaza,"Middle East, North Africa, Afghanistan & Pakistan",Lower middle income,,,,True
PSE,2005,11.2906511829271,1543.70141392774,16.00499916,West Bank and Gaza,"Middle East, North Africa, Afghanistan & Pakistan",Lower middle income,,,,True
PSE,2006,-0.996556103477076,1570.10439962728,18.41,West Bank and Gaza,"Middle East, North Africa, Afghanistan & Pakistan",Lower middle income,,,,True
PSE,2007,3.78828152085981,1664.24571669276,21.1760006,West Bank and Gaza,"Middle East, North Africa, Afghanistan & Pakistan",Lower middle income,,,,True
PSE,2008,7.42918225547835,2035.20234121766,24.3579998,West Bank and Gaza,"Middle East, North Africa, Afghanistan & Pakistan",Lower middle income,,,,True
PSE,2009,8.59349087893864,2191.78178736868,32.23,West Bank and Gaza,"Middle East, North Africa, Afghanistan & Pakistan",Lower middle income,,,,True
PSE,2010,5.77736205629419,2557.07562356699,37.40000153,West Bank and Gaza,"Middle East, North Africa, Afghanistan & Pakistan",Lower middle income,,,,True
PSE,2011,9.60080848913594,2880.79843707909,41.08000183,West Bank and Gaza,"Middle East, North Africa, Afghanistan & Pakistan",Lower middle income,,,,True
PSE,2012,6.09645656326154,3067.43872735614,43.4,West Bank and Gaza,"Middle East, North Africa, Afghanistan & Pakistan",Lower middle income,,,,True
PSE,2013,4.69856986552234,3315.29753909282,46.59999847,West Bank and Gaza,"Middle East, North Africa, Afghanistan & Pakistan",Lower middle income,,,,True
PSE,2014,-0.157866650855297,3352.11259506043,53.6651997924171,West Bank and Gaza,"Middle East, North Africa, Afghanistan & Pakistan",Lower middle income,,,,True
PSE,2015,3.72129967114788,3272.15432360708,56.70000076,West Bank and Gaza,"Middle East, North Africa, Afghanistan & Pakistan",Lower middle income,,,,True
PSE,2016,8.86461881995935,3527.61382413178,59.90000153,West Bank and Gaza,"Middle East, North Africa, Afghanistan & Pakistan",Lower middle income,,,,True
PSE,2017,1.41936756294787,3620.36048715937,63.29999924,West Bank and Gaza,"Middle East, North Africa, Afghanistan & Pakistan",Lower middle income,,,,True
PSE,2018,1.22707737782703,3562.33094270256,64.3999937114499,West Bank and Gaza,"Middle East, North Africa, Afghanistan & Pakistan",Lower middle income,,,,True
PSE,2019,1.36268746558062,3656.85827137011,70.6225837001758,West Bank and Gaza,"Middle East, North Africa, Afghanistan & Pakistan",Lower middle income,,,,True
PSE,2020,-11.3184661065134,3233.56863835858,76.18160248,West Bank and Gaza,"Middle East, North Africa, Afghanistan & Pakistan",Lower middle income,,,,True
PSE,2021,7.01198227592003,3678.63565662194,,West Bank and Gaza,"Middle East, North Africa, Afghanistan & Pakistan",Lower middle income,,,,True
PSE,2022,4.08276027347105,3799.95527015163,88.64690554,West Bank and Gaza,"Middle East, North Africa, Afghanistan & Pakistan",Lower middle income,,,,True
PSE,2023,-0.97217780620403,3607.41611858821,86.63765334,West Bank and Gaza,"Middle East, North Africa, Afghanistan & Pakistan",Lower middle income,,,,True
PSE,2024,-22.8573273913324,3028.25481286981,,West Bank and Gaza,"Middle East, North Africa, Afghanistan & Pakistan",Lower middle income,,,,True
PYF,2000,3.24541101308193,14978.324104668,6.3570635452072,French Polynesia,East Asia & Pacific,High income,Papeete,-149.57,-17.535,False
PYF,2001,-0.341595578089056,14640.9360062298,6.25158894552365,French Polynesia,East Asia & Pacific,High income,Papeete,-149.57,-17.535,False
PYF,2002,0.846181482808589,16004.0583292112,8.20021648571522,French Polynesia,East Asia & Pacific,High income,Papeete,-149.57,-17.535,False
PYF,2003,2.1269288487261,19582.8936395312,14.1242937853107,French Polynesia,East Asia & Pacific,High income,Papeete,-149.57,-17.535,False
PYF,2004,0.971259129987544,21764.2203208782,17.8845374263753,French Polynesia,East Asia & Pacific,High income,Papeete,-149.57,-17.535,False
PYF,2005,0.309973476180005,21984.1936230719,21.5421854743002,French Polynesia,East Asia & Pacific,High income,Papeete,-149.57,-17.535,False
PYF,2006,0.889584117597607,22330.8676659055,25.1079642462589,French Polynesia,East Asia & Pacific,High income,Papeete,-149.57,-17.535,False
PYF,2007,1.70497563803002,24888.1781337361,28.59,French Polynesia,East Asia & Pacific,High income,Papeete,-149.57,-17.535,False
PYF,2008,0.00676755066312751,26592.0262835732,33.87,French Polynesia,East Asia & Pacific,High income,Papeete,-149.57,-17.535,False
PYF,2009,-4.23139183069446,24434.2197555208,44.6,French Polynesia,East Asia & Pacific,High income,Papeete,-149.57,-17.535,False
PYF,2010,-2.4660641898174,22494.806706186,49.0,French Polynesia,East Asia & Pacific,High income,Papeete,-149.57,-17.535,False
PYF,2011,-2.96195745427229,22831.5185348524,49.0,French Polynesia,East Asia & Pacific,High income,Papeete,-149.57,-17.535,False
PYF,2012,-0.927537712532072,20846.5457478364,52.8766305867993,French Polynesia,East Asia & Pacific,High income,Papeete,-149.57,-17.535,False
PYF,2013,0.398801414346934,21955.6329264095,56.8,French Polynesia,East Asia & Pacific,High income,Papeete,-149.57,-17.535,False
PYF,2014,0.593554452942286,22258.6321384251,60.68,French Polynesia,East Asia & Pacific,High income,Papeete,-149.57,-17.535,False
PYF,2015,1.80334081452726,19166.9594761931,64.560209747212,French Polynesia,East Asia & Pacific,High income,Papeete,-149.57,-17.535,False
PYF,2016,2.30219823670438,19690.0775734589,68.440419493378,French Polynesia,East Asia & Pacific,High income,Papeete,-149.57,-17.535,False
PYF,2017,4.29263363103487,20826.9312492172,72.7038953132942,French Polynesia,East Asia & Pacific,High income,Papeete,-149.57,-17.535,False
PYF,2018,1.80687498305207,21925.616043938,,French Polynesia,East Asia & Pacific,High income,Papeete,-149.57,-17.535,False
PYF,2019,2.68946658143334,21582.5892046801,,French Polynesia,East Asia & Pacific,High income,Papeete,-149.57,-17.535,False
PYF,2020,-10.5738138632489,19966.4838503859,,French Polynesia,East Asia & Pacific,High income,Papeete,-149.57,-17.535,False
PYF,2021,3.36590242421546,21426.3854449835,,French Polynesia,East Asia & Pacific,High income,Papeete,-149.57,-17.535,False
PYF,2022,2.9373470716322,20053.9569369322,,French Polynesia,East Asia & Pacific,High income,Papeete,-149.57,-17.535,False
PYF,2023,2.77284077155413,21832.2831795569,,French Polynesia,East Asia & Pacific,High income,Papeete,-149.57,-17.535,False
PYF,2024,1.12638897730247,22439.8838746025,,French Polynesia,East Asia & Pacific,High income,Papeete,-149.57,-17.535,False
QAT,2000,8.02812548837973,27535.182940934,4.86367917875156,Qatar,"Middle East, North Africa, Afghanistan & Pakistan",High income,Doha,51.5082,25.2948,False
QAT,2001,3.89814748805541,25870.7991864314,6.17026856093911,Qatar,"Middle East, North Africa, Afghanistan & Pakistan",High income,Doha,51.5082,25.2948,False
QAT,2002,7.18252331136711,27226.6593510117,10.2261289281118,Qatar,"Middle East, North Africa, Afghanistan & Pakistan",High income,Doha,51.5082,25.2948,False
QAT,2003,3.7199194981967,31602.470865136,19.242336421002,Qatar,"Middle East, North Africa, Afghanistan & Pakistan",High income,Doha,51.5082,25.2948,False
QAT,2004,19.2185032411244,41035.5008380177,20.701647851169,Qatar,"Middle East, North Africa, Afghanistan & Pakistan",High income,Doha,51.5082,25.2948,False
QAT,2005,7.49272803754515,53949.6764091147,24.73349953,Qatar,"Middle East, North Africa, Afghanistan & Pakistan",High income,Doha,51.5082,25.2948,False
QAT,2006,26.17039955781,62582.4453138755,28.97410011,Qatar,"Middle East, North Africa, Afghanistan & Pakistan",High income,Doha,51.5082,25.2948,False
QAT,2007,17.9852165615129,65954.1146428814,37.0,Qatar,"Middle East, North Africa, Afghanistan & Pakistan",High income,Doha,51.5082,25.2948,False
QAT,2008,17.6630346842674,80781.2113909506,44.29999924,Qatar,"Middle East, North Africa, Afghanistan & Pakistan",High income,Doha,51.5082,25.2948,False
QAT,2009,11.9575512911227,60785.7351551657,53.09999847,Qatar,"Middle East, North Africa, Afghanistan & Pakistan",High income,Doha,51.5082,25.2948,False
QAT,2010,16.7315558489187,77387.2936379616,69.0,Qatar,"Middle East, North Africa, Afghanistan & Pakistan",High income,Doha,51.5082,25.2948,False
QAT,2011,13.0214050496923,103261.510293068,69.0,Qatar,"Middle East, North Africa, Afghanistan & Pakistan",High income,Doha,51.5082,25.2948,False
QAT,2012,4.62623675511804,108470.378825036,69.3,Qatar,"Middle East, North Africa, Afghanistan & Pakistan",High income,Doha,51.5082,25.2948,False
QAT,2013,4.43070196521455,103697.008372373,85.3,Qatar,"Middle East, North Africa, Afghanistan & Pakistan",High income,Doha,51.5082,25.2948,False
QAT,2014,4.11911527912761,95840.6310094498,91.48999786,Qatar,"Middle East, North Africa, Afghanistan & Pakistan",High income,Doha,51.5082,25.2948,False
QAT,2015,4.75334572438737,68985.2946961507,92.8848264535481,Qatar,"Middle East, North Africa, Afghanistan & Pakistan",High income,Doha,51.5082,25.2948,False
QAT,2016,3.06419188430156,61253.6375482797,95.1246621661148,Qatar,"Middle East, North Africa, Afghanistan & Pakistan",High income,Doha,51.5082,25.2948,False
QAT,2017,-1.49760470227838,63279.8556949332,97.3888491654164,Qatar,"Middle East, North Africa, Afghanistan & Pakistan",High income,Doha,51.5082,25.2948,False
QAT,2018,1.23487220191065,71039.8490579352,99.6528491261175,Qatar,"Middle East, North Africa, Afghanistan & Pakistan",High income,Doha,51.5082,25.2948,False
QAT,2019,0.688240954592672,66841.3013484919,99.6528042086389,Qatar,"Middle East, North Africa, Afghanistan & Pakistan",High income,Doha,51.5082,25.2948,False
QAT,2020,-3.5576039896784,51683.5054376677,99.65284913,Qatar,"Middle East, North Africa, Afghanistan & Pakistan",High income,Doha,51.5082,25.2948,False
QAT,2021,1.62684671918775,71751.8831257169,99.65280151,Qatar,"Middle East, North Africa, Afghanistan & Pakistan",High income,Doha,51.5082,25.2948,False
QAT,2022,4.18500970982862,88701.463352273,98.03800201,Qatar,"Middle East, North Africa, Afghanistan & Pakistan",High income,Doha,51.5082,25.2948,False
QAT,2023,1.18715991623776,80195.8746508549,98.15229797,Qatar,"Middle East, North Africa, Afghanistan & Pakistan",High income,Doha,51.5082,25.2948,False
QAT,2024,3.10963283242745,75685.0865779973,98.08540344,Qatar,"Middle East, North Africa, Afghanistan & Pakistan",High income,Doha,51.5082,25.2948,False
ROU,2000,2.4612634592269,1659.92904910528,3.61371729139783,Romania,Europe & Central Asia,High income,Bucharest,26.0979,44.4479,False
ROU,2001,5.21813625673708,1825.19299373184,4.53866902895312,Romania,Europe & Central Asia,High income,Bucharest,26.0979,44.4479,False
ROU,2002,5.70299165043771,2119.85509684554,6.58,Romania,Europe & Central Asia,High income,Bucharest,26.0979,44.4479,False
ROU,2003,2.34114732919521,2679.40626016154,8.9,Romania,Europe & Central Asia,High income,Bucharest,26.0979,44.4479,False
ROU,2004,10.4281130180976,3494.99056448955,15.0,Romania,Europe & Central Asia,High income,Bucharest,26.0979,44.4479,False
ROU,2005,4.6681480508487,4618.00350802913,21.5,Romania,Europe & Central Asia,High income,Bucharest,26.0979,44.4479,False
ROU,2006,8.02881107599163,5757.53127301178,24.66,Romania,Europe & Central Asia,High income,Bucharest,26.0979,44.4479,False
ROU,2007,7.23380774362805,8360.33775916596,28.3,Romania,Europe & Central Asia,High income,Bucharest,26.0979,44.4479,False
ROU,2008,9.30746717077338,10435.1561230787,32.42,Romania,Europe & Central Asia,High income,Bucharest,26.0979,44.4479,False
ROU,2009,-5.51670615843011,8548.4543409242,36.6,Romania,Europe & Central Asia,High income,Bucharest,26.0979,44.4479,False
ROU,2010,-3.90581157302972,8399.5374234284,39.93,Romania,Europe & Central Asia,High income,Bucharest,26.0979,44.4479,False
ROU,2011,4.49558909946313,9560.6755277458,40.0099967810008,Romania,Europe & Central Asia,High income,Bucharest,26.0979,44.4479,False
ROU,2012,1.90361696799603,8929.95366231474,45.8799942529424,Romania,Europe & Central Asia,High income,Bucharest,26.0979,44.4479,False
ROU,2013,0.278771877470234,9497.67411615237,49.7645,Romania,Europe & Central Asia,High income,Bucharest,26.0979,44.4479,False
ROU,2014,4.11600109267832,10031.7710755404,54.0783206550943,Romania,Europe & Central Asia,High income,Bucharest,26.0979,44.4479,False
ROU,2015,3.1570360543854,8977.01748158196,55.7631556336233,Romania,Europe & Central Asia,High income,Bucharest,26.0979,44.4479,False
ROU,2016,2.85993252302089,9404.54005870715,59.5039512852713,Romania,Europe & Central Asia,High income,Bucharest,26.0979,44.4479,False
ROU,2017,8.19547826641261,10727.9822007426,63.7472821822484,Romania,Europe & Central Asia,High income,Bucharest,26.0979,44.4479,False
ROU,2018,5.39452228185675,12416.134317959,70.6812779273268,Romania,Europe & Central Asia,High income,Bucharest,26.0979,44.4479,False
ROU,2019,3.96028958497598,12909.6104013244,73.6574757545465,Romania,Europe & Central Asia,High income,Bucharest,26.0979,44.4479,False
ROU,2020,-3.59802546034757,13009.1525348396,78.45526895,Romania,Europe & Central Asia,High income,Bucharest,26.0979,44.4479,False
ROU,2021,5.58735072538869,14908.0412813921,83.5904265,Romania,Europe & Central Asia,High income,Bucharest,26.0979,44.4479,False
ROU,2022,4.18771305104109,15503.4691366242,85.50309124,Romania,Europe & Central Asia,High income,Bucharest,26.0979,44.4479,False
ROU,2023,2.25773416555121,18244.4186876321,89.20335498,Romania,Europe & Central Asia,High income,Bucharest,26.0979,44.4479,False
ROU,2024,0.916003764382594,20080.2096215595,91.29048551,Romania,Europe & Central Asia,High income,Bucharest,26.0979,44.4479,False
RUS,2000,10.0000668136515,1771.59411621094,1.97723010897647,Russian Federation,Europe & Central Asia,High income,Moscow,37.6176,55.7558,False
RUS,2001,5.10005122572568,2100.3525390625,2.94436778664985,Russian Federation,Europe & Central Asia,High income,Moscow,37.6176,55.7558,False
RUS,2002,4.69999190914258,2377.52954101563,4.12827181796644,Russian Federation,Europe & Central Asia,High income,Moscow,37.6176,55.7558,False
RUS,2003,7.29995234528189,2975.123046875,8.29886061553908,Russian Federation,Europe & Central Asia,High income,Moscow,37.6176,55.7558,False
RUS,2004,7.19994786954857,4102.36474609375,12.8593889008473,Russian Federation,Europe & Central Asia,High income,Moscow,37.6176,55.7558,False
RUS,2005,6.39996544799469,5323.455078125,15.22669983,Russian Federation,Europe & Central Asia,High income,Moscow,37.6176,55.7558,False
RUS,2006,8.20006825456321,6920.19970703125,18.02330017,Russian Federation,Europe & Central Asia,High income,Moscow,37.6176,55.7558,False
RUS,2007,8.49997776916511,9101.2392578125,24.66,Russian Federation,Europe & Central Asia,High income,Moscow,37.6176,55.7558,False
RUS,2008,5.19996926404957,11635.2841796875,32.0,Russian Federation,Europe & Central Asia,High income,Moscow,37.6176,55.7558,False
RUS,2009,-7.79999391271275,8562.82421875,42.55,Russian Federation,Europe & Central Asia,High income,Moscow,37.6176,55.7558,False
RUS,2010,4.49999999920672,10674.990234375,49.0,Russian Federation,Europe & Central Asia,High income,Moscow,37.6176,55.7558,False
RUS,2011,4.30002918604238,14305.33203125,58.0,Russian Federation,Europe & Central Asia,High income,Moscow,37.6176,55.7558,False
RUS,2012,4.0240861571798,15401.8515625,66.0,Russian Federation,Europe & Central Asia,High income,Moscow,37.6176,55.7558,False
RUS,2013,1.75542214916291,15941.4482421875,67.97,Russian Federation,Europe & Central Asia,High income,Moscow,37.6176,55.7558,False
RUS,2014,0.736267221403651,14055.47265625,70.5175682574413,Russian Federation,Europe & Central Asia,High income,Moscow,37.6176,55.7558,False
RUS,2015,-1.9727192264298,9277.7138671875,70.0992412263947,Russian Federation,Europe & Central Asia,High income,Moscow,37.6176,55.7558,False
RUS,2016,0.193671130698817,8663.158203125,73.091434617897,Russian Federation,Europe & Central Asia,High income,Moscow,37.6176,55.7558,False
RUS,2017,1.82670527549192,10658.9130859375,76.0081385339105,Russian Federation,Europe & Central Asia,High income,Moscow,37.6176,55.7558,False
RUS,2018,2.80634082046656,11211.8876953125,80.8647218726954,Russian Federation,Europe & Central Asia,High income,Moscow,37.6176,55.7558,False
RUS,2019,2.19807571381982,11447.701171875,82.6421618670668,Russian Federation,Europe & Central Asia,High income,Moscow,37.6176,55.7558,False
RUS,2020,-2.65365449695453,10108.3271484375,84.99466978,Russian Federation,Europe & Central Asia,High income,Moscow,37.6176,55.7558,False
RUS,2021,5.866491772979,12425.029296875,88.21384578,Russian Federation,Europe & Central Asia,High income,Moscow,37.6176,55.7558,False
RUS,2022,-1.43537063467896,15625.6328125,90.41799163,Russian Federation,Europe & Central Asia,High income,Moscow,37.6176,55.7558,False
RUS,2023,4.06661395813023,13986.9951171875,92.24496346,Russian Federation,Europe & Central Asia,High income,Moscow,37.6176,55.7558,False
RUS,2024,4.92167966203073,14961.8974609375,94.36495368,Russian Federation,Europe & Central Asia,High income,Moscow,37.6176,55.7558,False
RWA,2000,8.37089593573039,251.86926386091,0.0628314595107164,Rwanda,Sub-Saharan Africa ,Low income,Kigali,30.0587,-1.95325,False
RWA,2001,8.48456034086699,237.308846200901,0.240672409832383,Rwanda,Sub-Saharan Africa ,Low income,Kigali,30.0587,-1.95325,False
RWA,2002,13.1920736288433,234.043016755733,0.292784718792575,Rwanda,Sub-Saharan Africa ,Low income,Kigali,30.0587,-1.95325,False
RWA,2003,2.2023875095978,249.012274982252,0.356918467272361,Rwanda,Sub-Saharan Africa ,Low income,Kigali,30.0587,-1.95325,False
RWA,2004,7.44766737037035,269.540446333402,0.43085424337006,Rwanda,Sub-Saharan Africa ,Low income,Kigali,30.0587,-1.95325,False
RWA,2005,9.37789916585375,324.016863847189,0.555999994,Rwanda,Sub-Saharan Africa ,Low income,Kigali,30.0587,-1.95325,False
RWA,2006,9.22707576994632,352.093916578347,,Rwanda,Sub-Saharan Africa ,Low income,Kigali,30.0587,-1.95325,False
RWA,2007,7.63329819042882,420.733580702508,2.115400076,Rwanda,Sub-Saharan Africa ,Low income,Kigali,30.0587,-1.95325,False
RWA,2008,11.161247324054,522.288339420679,4.5,Rwanda,Sub-Saharan Africa ,Low income,Kigali,30.0587,-1.95325,False
RWA,2009,6.24825750704265,556.97399621739,7.7,Rwanda,Sub-Saharan Africa ,Low income,Kigali,30.0587,-1.95325,False
RWA,2010,7.33465645016436,586.599950359877,8.0,Rwanda,Sub-Saharan Africa ,Low income,Kigali,30.0587,-1.95325,False
RWA,2011,7.95838869909085,643.356138618166,7.0,Rwanda,Sub-Saharan Africa ,Low income,Kigali,30.0587,-1.95325,False
RWA,2012,8.64150815708138,697.760143509565,8.023900032,Rwanda,Sub-Saharan Africa ,Low income,Kigali,30.0587,-1.95325,False
RWA,2013,4.71984856950924,695.397140963607,9.0,Rwanda,Sub-Saharan Africa ,Low income,Kigali,30.0587,-1.95325,False
RWA,2014,5.66845354233575,715.36808783393,10.60000038,Rwanda,Sub-Saharan Africa ,Low income,Kigali,30.0587,-1.95325,False
RWA,2015,8.87036752872743,725.691418696952,12.45600033,Rwanda,Sub-Saharan Africa ,Low income,Kigali,30.0587,-1.95325,False
RWA,2016,5.65874584202778,721.258515833094,14.63710022,Rwanda,Sub-Saharan Africa ,Low income,Kigali,30.0587,-1.95325,False
RWA,2017,4.70393439751061,751.049039527547,17.2,Rwanda,Sub-Saharan Africa ,Low income,Kigali,30.0587,-1.95325,False
RWA,2018,8.07084254621641,772.754982959354,19.16659927,Rwanda,Sub-Saharan Africa ,Low income,Kigali,30.0587,-1.95325,False
RWA,2019,9.28613387454543,823.355304065304,21.3579998,Rwanda,Sub-Saharan Africa ,Low income,Kigali,30.0587,-1.95325,False
RWA,2020,-2.77710485515125,802.638686936204,23.8,Rwanda,Sub-Saharan Africa ,Low income,Kigali,30.0587,-1.95325,False
RWA,2021,8.41140448646523,842.581492947672,24.4416008,Rwanda,Sub-Saharan Africa ,Low income,Kigali,30.0587,-1.95325,False
RWA,2022,9.82497394651698,1007.05989322914,28.01679993,Rwanda,Sub-Saharan Africa ,Low income,Kigali,30.0587,-1.95325,False
RWA,2023,8.55964292914153,1061.05788154076,28.80579948,Rwanda,Sub-Saharan Africa ,Low income,Kigali,30.0587,-1.95325,False
RWA,2024,7.22717103344534,1059.93709298801,31.70330048,Rwanda,Sub-Saharan Africa ,Low income,Kigali,30.0587,-1.95325,False
SAU,2000,4.71813422138024,11714.5623675159,2.21069180908888,Saudi Arabia,"Middle East, North Africa, Afghanistan & Pakistan",High income,Riyadh,46.6977,24.6748,False
SAU,2001,0.344593196175438,10805.311325122,4.6810531658103,Saudi Arabia,"Middle East, North Africa, Afghanistan & Pakistan",High income,Riyadh,46.6977,24.6748,False
SAU,2002,-0.688390130317757,10586.0543471363,6.38470501955932,Saudi Arabia,"Middle East, North Africa, Afghanistan & Pakistan",High income,Riyadh,46.6977,24.6748,False
SAU,2003,8.76873381743964,11487.220410693,8.00158289090878,Saudi Arabia,"Middle East, North Africa, Afghanistan & Pakistan",High income,Riyadh,46.6977,24.6748,False
SAU,2004,8.63100545880309,13154.4978989446,10.2345329969583,Saudi Arabia,"Middle East, North Africa, Afghanistan & Pakistan",High income,Riyadh,46.6977,24.6748,False
SAU,2005,5.94489623934835,15975.7473782258,12.7050359882849,Saudi Arabia,"Middle East, North Africa, Afghanistan & Pakistan",High income,Riyadh,46.6977,24.6748,False
SAU,2006,3.31348473625901,17563.6145370639,19.4595543513634,Saudi Arabia,"Middle East, North Africa, Afghanistan & Pakistan",High income,Riyadh,46.6977,24.6748,False
SAU,2007,2.21365396372528,18596.1502627898,30.0,Saudi Arabia,"Middle East, North Africa, Afghanistan & Pakistan",High income,Riyadh,46.6977,24.6748,False
SAU,2008,6.2379875365458,22320.4888964331,36.0,Saudi Arabia,"Middle East, North Africa, Afghanistan & Pakistan",High income,Riyadh,46.6977,24.6748,False
SAU,2009,-1.06671711240203,17718.3911648365,38.0,Saudi Arabia,"Middle East, North Africa, Afghanistan & Pakistan",High income,Riyadh,46.6977,24.6748,False
SAU,2010,5.0395150823517,22028.3901426586,41.0,Saudi Arabia,"Middle East, North Africa, Afghanistan & Pakistan",High income,Riyadh,46.6977,24.6748,False
SAU,2011,11.758820686671,27126.7498747702,47.5,Saudi Arabia,"Middle East, North Africa, Afghanistan & Pakistan",High income,Riyadh,46.6977,24.6748,False
SAU,2012,5.76157382270968,28733.4375513452,54.0,Saudi Arabia,"Middle East, North Africa, Afghanistan & Pakistan",High income,Riyadh,46.6977,24.6748,False
SAU,2013,2.94563789152025,27865.465604962,60.5,Saudi Arabia,"Middle East, North Africa, Afghanistan & Pakistan",High income,Riyadh,46.6977,24.6748,False
SAU,2014,4.02467158380668,27805.4850319422,64.713657369019,Saudi Arabia,"Middle East, North Africa, Afghanistan & Pakistan",High income,Riyadh,46.6977,24.6748,False
SAU,2015,4.65512316652699,23256.1549553531,69.6162358014004,Saudi Arabia,"Middle East, North Africa, Afghanistan & Pakistan",High income,Riyadh,46.6977,24.6748,False
SAU,2016,1.70404739202878,22267.7217050387,74.8792746891625,Saudi Arabia,"Middle East, North Africa, Afghanistan & Pakistan",High income,Riyadh,46.6977,24.6748,False
SAU,2017,1.18210705878283,23929.2907135982,94.1755996113911,Saudi Arabia,"Middle East, North Africa, Afghanistan & Pakistan",High income,Riyadh,46.6977,24.6748,False
SAU,2018,3.2269508901591,29360.0658968566,93.3100018480347,Saudi Arabia,"Middle East, North Africa, Afghanistan & Pakistan",High income,Riyadh,46.6977,24.6748,False
SAU,2019,1.65158925617395,29566.7933827436,95.7247355953812,Saudi Arabia,"Middle East, North Africa, Afghanistan & Pakistan",High income,Riyadh,46.6977,24.6748,False
SAU,2020,-3.80478901996312,24338.8307301067,97.8623325,Saudi Arabia,"Middle East, North Africa, Afghanistan & Pakistan",High income,Riyadh,46.6977,24.6748,False
SAU,2021,6.51959698325419,31920.7653655643,100.0,Saudi Arabia,"Middle East, North Africa, Afghanistan & Pakistan",High income,Riyadh,46.6977,24.6748,False
SAU,2022,12.0005874752929,38510.2276211037,100.0,Saudi Arabia,"Middle East, North Africa, Afghanistan & Pakistan",High income,Riyadh,46.6977,24.6748,False
SAU,2023,0.542592439393161,36156.8562500172,100.0,Saudi Arabia,"Middle East, North Africa, Afghanistan & Pakistan",High income,Riyadh,46.6977,24.6748,False
SAU,2024,2.64893068308965,35527.786181866,100.0,Saudi Arabia,"Middle East, North Africa, Afghanistan & Pakistan",High income,Riyadh,46.6977,24.6748,False
SDN,2000,6.34586743997545,362.116882324219,0.0257850324762484,Sudan,Sub-Saharan Africa ,Low income,Khartoum,32.5363,15.5932,True
SDN,2001,6.50036053396883,451.293304443359,0.140185224494161,Sudan,Sub-Saharan Africa ,Low income,Khartoum,32.5363,15.5932,True
SDN,2002,6.0064715363132,506.262634277344,0.439477639075583,Sudan,Sub-Saharan Africa ,Low income,Khartoum,32.5363,15.5932,True
SDN,2003,6.28880816146516,580.320251464844,0.538471703150458,Sudan,Sub-Saharan Africa ,Low income,Khartoum,32.5363,15.5932,True
SDN,2004,5.14088851762675,705.113342285156,0.791561615446385,Sudan,Sub-Saharan Africa ,Low income,Khartoum,32.5363,15.5932,True
SDN,2005,5.64351551343631,905.543640136719,,Sudan,Sub-Saharan Africa ,Low income,Khartoum,32.5363,15.5932,True
SDN,2006,6.5314117467792,1132.474609375,,Sudan,Sub-Saharan Africa ,Low income,Khartoum,32.5363,15.5932,True
SDN,2007,5.73527423664484,1444.37219238281,8.66,Sudan,Sub-Saharan Africa ,Low income,Khartoum,32.5363,15.5932,True
SDN,2008,3.84674473121058,1527.58239746094,,Sudan,Sub-Saharan Africa ,Low income,Khartoum,32.5363,15.5932,True
SDN,2009,-2.76770436599138,1178.22180175781,,Sudan,Sub-Saharan Africa ,Low income,Khartoum,32.5363,15.5932,True
SDN,2010,3.85824195230107,1305.63598632813,,Sudan,Sub-Saharan Africa ,Low income,Khartoum,32.5363,15.5932,True
SDN,2011,-3.21353209253371,1332.6572265625,,Sudan,Sub-Saharan Africa ,Low income,Khartoum,32.5363,15.5932,True
SDN,2012,-17.0046884048945,1019.22210693359,,Sudan,Sub-Saharan Africa ,Low income,Khartoum,32.5363,15.5932,True
SDN,2013,1.95514463302422,1138.62780761719,,Sudan,Sub-Saharan Africa ,Low income,Khartoum,32.5363,15.5932,True
SDN,2014,4.66137954229873,1275.43835449219,,Sudan,Sub-Saharan Africa ,Low income,Khartoum,32.5363,15.5932,True
SDN,2015,1.91017689052751,1292.37963867188,12.0,Sudan,Sub-Saharan Africa ,Low income,Khartoum,32.5363,15.5932,True
SDN,2016,3.46764218409288,1033.21594238281,14.0999999446534,Sudan,Sub-Saharan Africa ,Low income,Khartoum,32.5363,15.5932,True
SDN,2017,0.70925628476644,966.505676269531,18.60000038,Sudan,Sub-Saharan Africa ,Low income,Khartoum,32.5363,15.5932,True
SDN,2018,-2.6809305497999,731.027465820313,,Sudan,Sub-Saharan Africa ,Low income,Khartoum,32.5363,15.5932,True
SDN,2019,-2.17825104530091,709.975280761719,,Sudan,Sub-Saharan Africa ,Low income,Khartoum,32.5363,15.5932,True
SDN,2020,-3.62980082410752,577.795227050781,,Sudan,Sub-Saharan Africa ,Low income,Khartoum,32.5363,15.5932,True
SDN,2021,-1.8685204827207,712.122009277344,,Sudan,Sub-Saharan Africa ,Low income,Khartoum,32.5363,15.5932,True
SDN,2022,-0.957816591119183,1046.24084472656,,Sudan,Sub-Saharan Africa ,Low income,Khartoum,32.5363,15.5932,True
SDN,2023,-29.4332716274387,797.283447265625,,Sudan,Sub-Saharan Africa ,Low income,Khartoum,32.5363,15.5932,True
SDN,2024,-13.9643378424022,984.607666015625,,Sudan,Sub-Saharan Africa ,Low income,Khartoum,32.5363,15.5932,True
SEN,2000,3.88721095816793,603.233162455158,0.403967485868965,Senegal,Sub-Saharan Africa ,Lower middle income,Dakar,-17.4734,14.7247,False
SEN,2001,4.31085146618369,637.213530563724,0.983794058848003,Senegal,Sub-Saharan Africa ,Lower middle income,Dakar,-17.4734,14.7247,False
SEN,2002,0.0686965747419066,669.430447319209,1.00645453672323,Senegal,Sub-Saharan Africa ,Lower middle income,Dakar,-17.4734,14.7247,False
SEN,2003,5.59395094456143,817.888034221442,2.10143642986685,Senegal,Sub-Saharan Africa ,Lower middle income,Dakar,-17.4734,14.7247,False
SEN,2004,4.64329393683312,918.102079522155,4.38602398008563,Senegal,Sub-Saharan Africa ,Lower middle income,Dakar,-17.4734,14.7247,False
SEN,2005,4.31023852639633,979.846101520171,4.78668408310535,Senegal,Sub-Saharan Africa ,Lower middle income,Dakar,-17.4734,14.7247,False
SEN,2006,2.33077098330239,1017.20196747987,5.61173865217952,Senegal,Sub-Saharan Africa ,Lower middle income,Dakar,-17.4734,14.7247,False
SEN,2007,2.82711920133374,1188.93877808175,6.889999866,Senegal,Sub-Saharan Africa ,Lower middle income,Dakar,-17.4734,14.7247,False
SEN,2008,3.70316906391386,1398.79218010021,7.119999886,Senegal,Sub-Saharan Africa ,Lower middle income,Dakar,-17.4734,14.7247,False
SEN,2009,2.75210448455053,1308.69404336205,7.5,Senegal,Sub-Saharan Africa ,Lower middle income,Dakar,-17.4734,14.7247,False
SEN,2010,3.39088925336209,1275.88357492357,8.0,Senegal,Sub-Saharan Africa ,Lower middle income,Dakar,-17.4734,14.7247,False
SEN,2011,1.33409107961258,1374.67591873844,9.800000191,Senegal,Sub-Saharan Africa ,Lower middle income,Dakar,-17.4734,14.7247,False
SEN,2012,4.00299555090457,1326.83798848379,10.80000019,Senegal,Sub-Saharan Africa ,Lower middle income,Dakar,-17.4734,14.7247,False
SEN,2013,2.41238527605579,1379.83196553924,13.10000038,Senegal,Sub-Saharan Africa ,Lower middle income,Dakar,-17.4734,14.7247,False
SEN,2014,6.22407443790986,1398.89137601382,17.70000076,Senegal,Sub-Saharan Africa ,Lower middle income,Dakar,-17.4734,14.7247,False
SEN,2015,6.36704365066983,1218.00613555438,21.70000076,Senegal,Sub-Saharan Africa ,Lower middle income,Dakar,-17.4734,14.7247,False
SEN,2016,6.35606857208136,1266.43957151587,25.66480064,Senegal,Sub-Saharan Africa ,Lower middle income,Dakar,-17.4734,14.7247,False
SEN,2017,7.40748618589598,1354.77007193387,29.64310074,Senegal,Sub-Saharan Africa ,Lower middle income,Dakar,-17.4734,14.7247,False
SEN,2018,6.20924103388887,1452.55612562445,35.29999924,Senegal,Sub-Saharan Africa ,Lower middle income,Dakar,-17.4734,14.7247,False
SEN,2019,4.6136280976221,1431.18128932159,43.37969971,Senegal,Sub-Saharan Africa ,Lower middle income,Dakar,-17.4734,14.7247,False
SEN,2020,1.34207377285524,1461.08720350553,53.30879974,Senegal,Sub-Saharan Africa ,Lower middle income,Dakar,-17.4734,14.7247,False
SEN,2021,6.5440010991951,1598.10676952274,55.04040146,Senegal,Sub-Saharan Africa ,Lower middle income,Dakar,-17.4734,14.7247,False
SEN,2022,3.85043193752725,1574.0281059306,56.82830048,Senegal,Sub-Saharan Africa ,Lower middle income,Dakar,-17.4734,14.7247,False
SEN,2023,4.25743083300657,1698.03387300843,59.18740082,Senegal,Sub-Saharan Africa ,Lower middle income,Dakar,-17.4734,14.7247,False
SEN,2024,6.46220577412338,1738.73223822106,60.11780167,Senegal,Sub-Saharan Africa ,Lower middle income,Dakar,-17.4734,14.7247,False
SGP,2000,9.03831632555163,23852.8389514753,36.0,Singapore,East Asia & Pacific,High income,Singapore,103.85,1.28941,False
SGP,2001,-1.07086275100448,21699.7414868907,41.6704251756041,Singapore,East Asia & Pacific,High income,Singapore,103.85,1.28941,False
SGP,2002,3.92336076702013,22159.8373710639,47.0,Singapore,East Asia & Pacific,High income,Singapore,103.85,1.28941,False
SGP,2003,4.54825542643229,23730.3840054566,53.8379432881911,Singapore,East Asia & Pacific,High income,Singapore,103.85,1.28941,False
SGP,2004,9.93998268434957,27608.080013423,62.0,Singapore,East Asia & Pacific,High income,Singapore,103.85,1.28941,False
SGP,2005,7.36632239250758,29961.3172812732,61.0,Singapore,East Asia & Pacific,High income,Singapore,103.85,1.28941,False
SGP,2006,9.00676607871758,33768.4528234651,59.0,Singapore,East Asia & Pacific,High income,Singapore,103.85,1.28941,False
SGP,2007,9.02151951268893,39432.8860198877,69.9,Singapore,East Asia & Pacific,High income,Singapore,103.85,1.28941,False
SGP,2008,1.86348345462035,40008.5720489092,69.0,Singapore,East Asia & Pacific,High income,Singapore,103.85,1.28941,False
SGP,2009,0.127953382778088,38926.8054365453,69.0,Singapore,East Asia & Pacific,High income,Singapore,103.85,1.28941,False
SGP,2010,14.5197497108994,47236.683084953,71.0,Singapore,East Asia & Pacific,High income,Singapore,103.85,1.28941,False
SGP,2011,6.21493416858989,53891.4570264372,71.0,Singapore,East Asia & Pacific,High income,Singapore,103.85,1.28941,False
SGP,2012,4.43549759378537,55547.5553077786,72.0,Singapore,East Asia & Pacific,High income,Singapore,103.85,1.28941,False
SGP,2013,4.81763099120676,56967.4257940383,80.90209961,Singapore,East Asia & Pacific,High income,Singapore,103.85,1.28941,False
SGP,2014,3.93554027709007,57564.8023114977,79.0292358633435,Singapore,East Asia & Pacific,High income,Singapore,103.85,1.28941,False
SGP,2015,2.97679931634806,55645.6068614606,79.0129570025584,Singapore,East Asia & Pacific,High income,Singapore,103.85,1.28941,False
SGP,2016,3.91095306322606,57204.0340105222,84.4522678893074,Singapore,East Asia & Pacific,High income,Singapore,103.85,1.28941,False
SGP,2017,4.32679370770501,61436.1325502558,84.4522678893074,Singapore,East Asia & Pacific,High income,Singapore,103.85,1.28941,False
SGP,2018,3.18660848474074,67032.8225769734,88.1656360313447,Singapore,East Asia & Pacific,High income,Singapore,103.85,1.28941,False
SGP,2019,1.15877947300108,66068.7003106378,88.9492526850762,Singapore,East Asia & Pacific,High income,Singapore,103.85,1.28941,False
SGP,2020,-3.61084281729929,61772.5036492256,92.00434653,Singapore,East Asia & Pacific,High income,Singapore,103.85,1.28941,False
SGP,2021,10.1410845197192,80884.8565369236,96.92468156,Singapore,East Asia & Pacific,High income,Singapore,103.85,1.28941,False
SGP,2022,4.01027884472296,91227.6970426492,95.95386476,Singapore,East Asia & Pacific,High income,Singapore,103.85,1.28941,False
SGP,2023,1.45026775889565,86382.5900499252,94.28518987,Singapore,East Asia & Pacific,High income,Singapore,103.85,1.28941,False
SGP,2024,5.3435120192366,94896.5621495988,94.37757178,Singapore,East Asia & Pacific,High income,Singapore,103.85,1.28941,False
SLB,2000,-14.2769995149354,953.17190137706,0.481296806114395,Solomon Islands,East Asia & Pacific,Lower middle income,Honiara,159.949,-9.42676,False
SLB,2001,-7.95660550454917,911.791935385411,0.468551963584141,Solomon Islands,East Asia & Pacific,Lower middle income,Honiara,159.949,-9.42676,False
SLB,2002,-2.7999838935951,756.890296490792,0.501919843401009,Solomon Islands,East Asia & Pacific,Lower middle income,Honiara,159.949,-9.42676,False
SLB,2003,6.52346760921694,895.984242546501,0.555609881855115,Solomon Islands,East Asia & Pacific,Lower middle income,Honiara,159.949,-9.42676,False
SLB,2004,7.68364102152745,986.070953503889,0.64967267325146,Solomon Islands,East Asia & Pacific,Lower middle income,Honiara,159.949,-9.42676,False
SLB,2005,7.35907917681935,1144.49233397681,0.844299972,Solomon Islands,East Asia & Pacific,Lower middle income,Honiara,159.949,-9.42676,False
SLB,2006,4.13726239664898,1255.62447417684,1.646299958,Solomon Islands,East Asia & Pacific,Lower middle income,Honiara,159.949,-9.42676,False
SLB,2007,3.63973499569106,1390.14870956707,2.0,Solomon Islands,East Asia & Pacific,Lower middle income,Honiara,159.949,-9.42676,False
SLB,2008,6.22590636247851,1525.84666261203,3.0,Solomon Islands,East Asia & Pacific,Lower middle income,Honiara,159.949,-9.42676,False
SLB,2009,2.86486309630651,1554.70671006386,4.0,Solomon Islands,East Asia & Pacific,Lower middle income,Honiara,159.949,-9.42676,False
SLB,2010,9.70817235491481,1685.14535823757,5.0,Solomon Islands,East Asia & Pacific,Lower middle income,Honiara,159.949,-9.42676,False
SLB,2011,7.43023752099302,1924.05795643133,6.0,Solomon Islands,East Asia & Pacific,Lower middle income,Honiara,159.949,-9.42676,False
SLB,2012,2.46591837712438,2066.25738638356,6.997399807,Solomon Islands,East Asia & Pacific,Lower middle income,Honiara,159.949,-9.42676,False
SLB,2013,5.23744704670068,2161.38627543917,8.0,Solomon Islands,East Asia & Pacific,Lower middle income,Honiara,159.949,-9.42676,False
SLB,2014,1.18945509547778,2164.95289873002,9.0,Solomon Islands,East Asia & Pacific,Lower middle income,Honiara,159.949,-9.42676,False
SLB,2015,1.67578612030815,2045.47721526649,10.00049973,Solomon Islands,East Asia & Pacific,Lower middle income,Honiara,159.949,-9.42676,False
SLB,2016,5.55494348257992,2082.62383124213,11.00090027,Solomon Islands,East Asia & Pacific,Lower middle income,Honiara,159.949,-9.42676,False
SLB,2017,3.07546176144591,2143.57670489272,15.14840031,Solomon Islands,East Asia & Pacific,Lower middle income,Honiara,159.949,-9.42676,False
SLB,2018,2.74585244829055,2278.19908624102,20.8593998,Solomon Islands,East Asia & Pacific,Lower middle income,Honiara,159.949,-9.42676,False
SLB,2019,1.74925244485951,2223.65890942466,22.48880005,Solomon Islands,East Asia & Pacific,Lower middle income,Honiara,159.949,-9.42676,False
SLB,2020,-3.38125925839405,2063.32780991967,24.1984005,Solomon Islands,East Asia & Pacific,Lower middle income,Honiara,159.949,-9.42676,False
SLB,2021,-0.227975292792024,2043.44413170658,26.03790092,Solomon Islands,East Asia & Pacific,Lower middle income,Honiara,159.949,-9.42676,False
SLB,2022,-2.58448361755723,1877.78104490956,28.01729965,Solomon Islands,East Asia & Pacific,Lower middle income,Honiara,159.949,-9.42676,False
SLB,2023,2.84111851154807,1882.64394148042,28.67239952,Solomon Islands,East Asia & Pacific,Lower middle income,Honiara,159.949,-9.42676,False
SLB,2024,2.99755987604104,1933.55538435227,29.04070091,Solomon Islands,East Asia & Pacific,Lower middle income,Honiara,159.949,-9.42676,False
SLE,2000,6.65273028404766,143.743743239644,0.118254245682183,Sierra Leone,Sub-Saharan Africa ,Low income,Freetown,-13.2134,8.4821,False
SLE,2001,-6.34545563328469,358.315716051546,0.160264445493032,Sierra Leone,Sub-Saharan Africa ,Low income,Freetown,-13.2134,8.4821,False
SLE,2002,26.5241350674409,388.995111216836,0.176198956814076,Sierra Leone,Sub-Saharan Africa ,Low income,Freetown,-13.2134,8.4821,False
SLE,2003,9.48363126885343,413.817607346927,0.190173281668183,Sierra Leone,Sub-Saharan Africa ,Low income,Freetown,-13.2134,8.4821,False
SLE,2004,6.47884588417347,417.749983329227,0.203007680592588,Sierra Leone,Sub-Saharan Africa ,Low income,Freetown,-13.2134,8.4821,False
SLE,2005,4.3534998069981,462.633324427945,0.215399995,Sierra Leone,Sub-Saharan Africa ,Low income,Freetown,-13.2134,8.4821,False
SLE,2006,4.28311062264335,580.26796974773,0.227699995,Sierra Leone,Sub-Saharan Africa ,Low income,Freetown,-13.2134,8.4821,False
SLE,2007,3.74975804751641,631.889926264998,0.239800006,Sierra Leone,Sub-Saharan Africa ,Low income,Freetown,-13.2134,8.4821,False
SLE,2008,3.68605969932123,705.359014080005,0.25,Sierra Leone,Sub-Saharan Africa ,Low income,Freetown,-13.2134,8.4821,False
SLE,2009,1.53080323958716,652.845806767943,0.25999999,Sierra Leone,Sub-Saharan Africa ,Low income,Freetown,-13.2134,8.4821,False
SLE,2010,6.35566595800495,685.039673490948,0.579999983,Sierra Leone,Sub-Saharan Africa ,Low income,Freetown,-13.2134,8.4821,False
SLE,2011,8.10065518714917,761.146365577281,0.899999976,Sierra Leone,Sub-Saharan Africa ,Low income,Freetown,-13.2134,8.4821,False
SLE,2012,10.578331663387,937.504428180231,2.5,Sierra Leone,Sub-Saharan Africa ,Low income,Freetown,-13.2134,8.4821,False
SLE,2013,14.6633238075229,1117.47183075115,4.0,Sierra Leone,Sub-Saharan Africa ,Low income,Freetown,-13.2134,8.4821,False
SLE,2014,-7.81501512457241,1117.7586465721,6.057300091,Sierra Leone,Sub-Saharan Africa ,Low income,Freetown,-13.2134,8.4821,False
SLE,2015,-4.36333262093788,964.575980888989,6.344399929,Sierra Leone,Sub-Saharan Africa ,Low income,Freetown,-13.2134,8.4821,False
SLE,2016,6.43743652764257,844.416411175476,7.680099964,Sierra Leone,Sub-Saharan Africa ,Low income,Freetown,-13.2134,8.4821,False
SLE,2017,3.20786087715987,779.186007841728,9.297100067,Sierra Leone,Sub-Saharan Africa ,Low income,Freetown,-13.2134,8.4821,False
SLE,2018,2.8938564123677,845.914540460932,14.42230034,Sierra Leone,Sub-Saharan Africa ,Low income,Freetown,-13.2134,8.4821,False
SLE,2019,5.50270937378153,843.71251730417,15.71370029,Sierra Leone,Sub-Saharan Africa ,Low income,Freetown,-13.2134,8.4821,False
SLE,2020,-1.2533490322766,845.277558236182,17.12080002,Sierra Leone,Sub-Saharan Africa ,Low income,Freetown,-13.2134,8.4821,False
SLE,2021,5.8968527047094,885.396401613729,18.65390015,Sierra Leone,Sub-Saharan Africa ,Low income,Freetown,-13.2134,8.4821,False
SLE,2022,5.3135546141915,860.371067874555,21.50880051,Sierra Leone,Sub-Saharan Africa ,Low income,Freetown,-13.2134,8.4821,False
SLE,2023,5.7100218981806,758.329137301888,23.71360016,Sierra Leone,Sub-Saharan Africa ,Low income,Freetown,-13.2134,8.4821,False
SLE,2024,4.29322334404611,806.654650274255,25.10499954,Sierra Leone,Sub-Saharan Africa ,Low income,Freetown,-13.2134,8.4821,False
SLV,2000,1.12790697674419,1982.87093542615,1.17739726914477,El Salvador,Latin America & Caribbean ,Upper middle income,San Salvador,-89.2073,13.7034,False
SLV,2001,0.879613659882722,2058.04459070452,1.5,El Salvador,Latin America & Caribbean ,Upper middle income,San Salvador,-89.2073,13.7034,False
SLV,2002,1.57291844759789,2115.41187355626,1.9,El Salvador,Latin America & Caribbean ,Upper middle income,San Salvador,-89.2073,13.7034,False
SLV,2003,1.56539303147618,2207.83089518069,2.5,El Salvador,Latin America & Caribbean ,Upper middle income,San Salvador,-89.2073,13.7034,False
SLV,2004,0.889404485692197,2285.68907438892,3.2,El Salvador,Latin America & Caribbean ,Upper middle income,San Salvador,-89.2073,13.7034,False
SLV,2005,2.68083009363194,2447.39140845394,4.199999809,El Salvador,Latin America & Caribbean ,Upper middle income,San Salvador,-89.2073,13.7034,False
SLV,2006,4.3369986028604,2665.61807194853,5.5,El Salvador,Latin America & Caribbean ,Upper middle income,San Salvador,-89.2073,13.7034,False
SLV,2007,1.84760220587859,2830.65693770733,6.11,El Salvador,Latin America & Caribbean ,Upper middle income,San Salvador,-89.2073,13.7034,False
SLV,2008,2.15440298282768,2983.24829577976,10.08,El Salvador,Latin America & Caribbean ,Upper middle income,San Salvador,-89.2073,13.7034,False
SLV,2009,-2.10876837627522,2910.18651752011,12.11,El Salvador,Latin America & Caribbean ,Upper middle income,San Salvador,-89.2073,13.7034,False
SLV,2010,2.15419536693635,3040.07300952878,15.9,El Salvador,Latin America & Caribbean ,Upper middle income,San Salvador,-89.2073,13.7034,False
SLV,2011,3.80688113429295,3330.60049486653,18.89999962,El Salvador,Latin America & Caribbean ,Upper middle income,San Salvador,-89.2073,13.7034,False
SLV,2012,2.82262371802327,3497.91256915509,20.3213877242007,El Salvador,Latin America & Caribbean ,Upper middle income,San Salvador,-89.2073,13.7034,False
SLV,2013,2.23562439198375,3582.26694005169,23.1093,El Salvador,Latin America & Caribbean ,Upper middle income,San Salvador,-89.2073,13.7034,False
SLV,2014,1.70870628357073,3666.01248913873,24.7617121459061,El Salvador,Latin America & Caribbean ,Upper middle income,San Salvador,-89.2073,13.7034,False
SLV,2015,2.40000008852115,3790.34089108162,26.8026049600572,El Salvador,Latin America & Caribbean ,Upper middle income,San Salvador,-89.2073,13.7034,False
SLV,2016,2.53906241135864,3901.34014965811,28.99710083,El Salvador,Latin America & Caribbean ,Upper middle income,San Salvador,-89.2073,13.7034,False
SLV,2017,2.24761908134138,4020.12671373919,33.8207289048526,El Salvador,Latin America & Caribbean ,Upper middle income,San Salvador,-89.2073,13.7034,False
SLV,2018,2.4124442237792,4183.54620971358,43.79999924,El Salvador,Latin America & Caribbean ,Upper middle income,San Salvador,-89.2073,13.7034,False
SLV,2019,2.43747159065784,4320.11671534627,50.4911940673888,El Salvador,Latin America & Caribbean ,Upper middle income,San Salvador,-89.2073,13.7034,False
SLV,2020,-7.893101359867,3997.19279583709,54.60136976,El Salvador,Latin America & Caribbean ,Upper middle income,San Salvador,-89.2073,13.7034,False
SLV,2021,11.9047617015957,4642.60743101342,57.26380157,El Salvador,Latin America & Caribbean ,Upper middle income,San Salvador,-89.2073,13.7034,False
SLV,2022,2.9546041089332,5074.60050994225,60.05609894,El Salvador,Latin America & Caribbean ,Upper middle income,San Salvador,-89.2073,13.7034,False
SLV,2023,3.35508721646165,5319.7195268688,62.61989975,El Salvador,Latin America & Caribbean ,Upper middle income,San Salvador,-89.2073,13.7034,False
SLV,2024,2.5904637107794,5503.10317151907,66.47769928,El Salvador,Latin America & Caribbean ,Upper middle income,San Salvador,-89.2073,13.7034,False
SMR,2000,2.17937971500419,37600.7049136309,48.7994953055999,San Marino,Europe & Central Asia,High income,San Marino,12.4486,43.9322,False
SMR,2001,5.57834290401968,39035.1004348216,50.3416690898517,San Marino,Europe & Central Asia,High income,San Marino,12.4486,43.9322,False
SMR,2002,0.310800310800303,41790.8434204136,50.8348399446985,San Marino,Europe & Central Asia,High income,San Marino,12.4486,43.9322,False
SMR,2003,3.87296669248644,52529.9136967576,50.003453038674,San Marino,Europe & Central Asia,High income,San Marino,12.4486,43.9322,False
SMR,2004,4.5488441461596,58232.0431338765,50.5663430420712,San Marino,Europe & Central Asia,High income,San Marino,12.4486,43.9322,False
SMR,2005,2.42510699001426,59877.7862692185,,San Marino,Europe & Central Asia,High income,San Marino,12.4486,43.9322,False
SMR,2006,3.83008356545962,63270.7994496499,50.2086593635889,San Marino,Europe & Central Asia,High income,San Marino,12.4486,43.9322,False
SMR,2007,7.10932260228034,70124.4249984768,50.3648221088655,San Marino,Europe & Central Asia,High income,San Marino,12.4486,43.9322,False
SMR,2008,-0.500939261114581,75902.1677701187,54.52,San Marino,Europe & Central Asia,High income,San Marino,12.4486,43.9322,False
SMR,2009,-10.3209565764632,62429.0202738462,54.21,San Marino,Europe & Central Asia,High income,San Marino,12.4486,43.9322,False
SMR,2010,-5.47368421052632,56543.190562068,,San Marino,Europe & Central Asia,High income,San Marino,12.4486,43.9322,False
SMR,2011,-8.3147735708983,55601.4008139955,49.6,San Marino,Europe & Central Asia,High income,San Marino,12.4486,43.9322,False
SMR,2012,-7.04453441295546,47945.8917557105,,San Marino,Europe & Central Asia,High income,San Marino,12.4486,43.9322,False
SMR,2013,-0.78397212543554,50807.8206340193,,San Marino,Europe & Central Asia,High income,San Marino,12.4486,43.9322,False
SMR,2014,-0.702370500438988,51260.4804236805,,San Marino,Europe & Central Asia,High income,San Marino,12.4486,43.9322,False
SMR,2015,2.29150309460655,43146.8035302005,,San Marino,Europe & Central Asia,High income,San Marino,12.4486,43.9322,False
SMR,2016,2.34441211810459,44359.4574206971,55.0,San Marino,Europe & Central Asia,High income,San Marino,12.4486,43.9322,False
SMR,2017,0.258259899709444,45192.0530047599,60.18230057,San Marino,Europe & Central Asia,High income,San Marino,12.4486,43.9322,False
SMR,2018,1.49390399796074,47950.7076296808,,San Marino,Europe & Central Asia,High income,San Marino,12.4486,43.9322,False
SMR,2019,2.06569082920953,46626.9998571568,67.85070038,San Marino,Europe & Central Asia,High income,San Marino,12.4486,43.9322,False
SMR,2020,-6.64791226034481,44426.6259613672,77.94999695,San Marino,Europe & Central Asia,High income,San Marino,12.4486,43.9322,False
SMR,2021,13.8977857594089,54168.9744311193,81.66999817,San Marino,Europe & Central Asia,High income,San Marino,12.4486,43.9322,False
SMR,2022,7.89844678230362,54264.5837022908,97.32790375,San Marino,Europe & Central Asia,High income,San Marino,12.4486,43.9322,False
SMR,2023,0.401932371532837,59871.3288101478,97.33640289,San Marino,Europe & Central Asia,High income,San Marino,12.4486,43.9322,False
SMR,2024,,,97.35220337,San Marino,Europe & Central Asia,High income,San Marino,12.4486,43.9322,False
SOM,2000,7.11031431133236,386.119274401275,0.02,"Somalia, Fed. Rep.",Sub-Saharan Africa ,Low income,Mogadishu,45.3254,2.07515,True
SOM,2001,7.1103143114324,244.914842538455,0.0790391786670095,"Somalia, Fed. Rep.",Sub-Saharan Africa ,Low income,Mogadishu,45.3254,2.07515,True
SOM,2002,7.63026729331047,229.598918310039,0.115614213354469,"Somalia, Fed. Rep.",Sub-Saharan Africa ,Low income,Mogadishu,45.3254,2.07515,True
SOM,2003,7.63026729332455,286.273025198975,0.376198002539086,"Somalia, Fed. Rep.",Sub-Saharan Africa ,Low income,Mogadishu,45.3254,2.07515,True
SOM,2004,7.11031431125608,375.410326225387,1.05345474358422,"Somalia, Fed. Rep.",Sub-Saharan Africa ,Low income,Mogadishu,45.3254,2.07515,True
SOM,2005,7.1103143113146,439.979907805478,1.077299953,"Somalia, Fed. Rep.",Sub-Saharan Africa ,Low income,Mogadishu,45.3254,2.07515,True
SOM,2006,6.48637073273908,457.996662206659,1.100200057,"Somalia, Fed. Rep.",Sub-Saharan Africa ,Low income,Mogadishu,45.3254,2.07515,True
SOM,2007,6.69435192552552,479.635628065289,1.122200012,"Somalia, Fed. Rep.",Sub-Saharan Africa ,Low income,Mogadishu,45.3254,2.07515,True
SOM,2008,6.69435192582009,507.03744334738,1.142699957,"Somalia, Fed. Rep.",Sub-Saharan Africa ,Low income,Mogadishu,45.3254,2.07515,True
SOM,2009,6.69435192556188,246.513251675105,1.160599947,"Somalia, Fed. Rep.",Sub-Saharan Africa ,Low income,Mogadishu,45.3254,2.07515,True
SOM,2010,6.69435192550543,219.202453852397,,"Somalia, Fed. Rep.",Sub-Saharan Africa ,Low income,Mogadishu,45.3254,2.07515,True
SOM,2011,6.69435192567755,235.325945610434,1.25,"Somalia, Fed. Rep.",Sub-Saharan Africa ,Low income,Mogadishu,45.3254,2.07515,True
SOM,2012,6.69435192556698,350.261946720512,1.376700044,"Somalia, Fed. Rep.",Sub-Saharan Africa ,Low income,Mogadishu,45.3254,2.07515,True
SOM,2013,10.9592986164311,393.398703952979,1.5,"Somalia, Fed. Rep.",Sub-Saharan Africa ,Low income,Mogadishu,45.3254,2.07515,True
SOM,2014,8.97800590574617,429.431656725102,1.629999995,"Somalia, Fed. Rep.",Sub-Saharan Africa ,Low income,Mogadishu,45.3254,2.07515,True
SOM,2015,10.4621881235147,445.583080073396,1.75999999,"Somalia, Fed. Rep.",Sub-Saharan Africa ,Low income,Mogadishu,45.3254,2.07515,True
SOM,2016,7.03487260042162,460.928490585175,1.879999995,"Somalia, Fed. Rep.",Sub-Saharan Africa ,Low income,Mogadishu,45.3254,2.07515,True
SOM,2017,14.7357956045195,510.939952317726,,"Somalia, Fed. Rep.",Sub-Saharan Africa ,Low income,Mogadishu,45.3254,2.07515,True
SOM,2018,2.05431507261069,509.497273804534,,"Somalia, Fed. Rep.",Sub-Saharan Africa ,Low income,Mogadishu,45.3254,2.07515,True
SOM,2019,2.80033312513012,539.954816211694,2.731400013,"Somalia, Fed. Rep.",Sub-Saharan Africa ,Low income,Mogadishu,45.3254,2.07515,True
SOM,2020,-2.76455696202532,518.16113333875,15.02369976,"Somalia, Fed. Rep.",Sub-Saharan Africa ,Low income,Mogadishu,45.3254,2.07515,True
SOM,2021,3.44719850031242,549.056994756254,23.87479973,"Somalia, Fed. Rep.",Sub-Saharan Africa ,Low income,Mogadishu,45.3254,2.07515,True
SOM,2022,2.71821202053759,573.141165798229,27.6,"Somalia, Fed. Rep.",Sub-Saharan Africa ,Low income,Mogadishu,45.3254,2.07515,True
SOM,2023,4.17524257571303,596.885985135589,26.12010002,"Somalia, Fed. Rep.",Sub-Saharan Africa ,Low income,Mogadishu,45.3254,2.07515,True
SOM,2024,4.11139335779471,629.538899449007,27.94020081,"Somalia, Fed. Rep.",Sub-Saharan Africa ,Low income,Mogadishu,45.3254,2.07515,True
SRB,2000,6.0550897288645,974.725469278615,,Serbia,Europe & Central Asia,Upper middle income,Belgrade,20.4656,44.8024,False
SRB,2001,6.77852279368084,1812.42088281393,,Serbia,Europe & Central Asia,Upper middle income,Belgrade,20.4656,44.8024,False
SRB,2002,6.54104600309256,2390.73459447107,,Serbia,Europe & Central Asia,Upper middle income,Belgrade,20.4656,44.8024,False
SRB,2003,4.55968997935088,3153.9011312754,,Serbia,Europe & Central Asia,Upper middle income,Belgrade,20.4656,44.8024,False
SRB,2004,6.68686836863701,3597.08798057009,23.5,Serbia,Europe & Central Asia,Upper middle income,Belgrade,20.4656,44.8024,False
SRB,2005,5.90349622935489,3807.97417321786,26.29999924,Serbia,Europe & Central Asia,Upper middle income,Belgrade,20.4656,44.8024,False
SRB,2006,3.90066644620993,4492.7136699046,27.2,Serbia,Europe & Central Asia,Upper middle income,Belgrade,20.4656,44.8024,False
SRB,2007,7.83207023027602,6081.08765700202,33.15,Serbia,Europe & Central Asia,Upper middle income,Belgrade,20.4656,44.8024,False
SRB,2008,5.16089327231823,7376.73517910716,35.6,Serbia,Europe & Central Asia,Upper middle income,Belgrade,20.4656,44.8024,False
SRB,2009,-3.14261075416574,6414.0448463847,38.1,Serbia,Europe & Central Asia,Upper middle income,Belgrade,20.4656,44.8024,False
SRB,2010,1.61097281449412,5970.92660940072,40.9,Serbia,Europe & Central Asia,Upper middle income,Belgrade,20.4656,44.8024,False
SRB,2011,0.0542724836581954,7082.2861666075,42.2,Serbia,Europe & Central Asia,Upper middle income,Belgrade,20.4656,44.8024,False
SRB,2012,-0.443956070983248,6263.04086072815,48.09999847,Serbia,Europe & Central Asia,Upper middle income,Belgrade,20.4656,44.8024,False
SRB,2013,0.451578805330726,7040.41812068781,53.450364175,Serbia,Europe & Central Asia,Upper middle income,Belgrade,20.4656,44.8024,False
SRB,2014,-1.80427041681132,6886.67809068704,62.0750804639377,Serbia,Europe & Central Asia,Upper middle income,Belgrade,20.4656,44.8024,False
SRB,2015,1.2957386351958,5820.3215576888,65.3170254003801,Serbia,Europe & Central Asia,Upper middle income,Belgrade,20.4656,44.8024,False
SRB,2016,2.97519807160826,5982.37030126471,67.0568413716938,Serbia,Europe & Central Asia,Upper middle income,Belgrade,20.4656,44.8024,False
SRB,2017,2.3634031250553,6548.03653824187,70.3308355269141,Serbia,Europe & Central Asia,Upper middle income,Belgrade,20.4656,44.8024,False
SRB,2018,4.64935035491007,7559.86165747394,73.360709154564,Serbia,Europe & Central Asia,Upper middle income,Belgrade,20.4656,44.8024,False
SRB,2019,4.75020793899014,7755.632986437,77.4167736219802,Serbia,Europe & Central Asia,Upper middle income,Belgrade,20.4656,44.8024,False
SRB,2020,-0.950023991851594,8098.70955668849,78.36804864,Serbia,Europe & Central Asia,Upper middle income,Belgrade,20.4656,44.8024,False
SRB,2021,7.94905650472278,9680.52798074468,81.16588116,Serbia,Europe & Central Asia,Upper middle income,Belgrade,20.4656,44.8024,False
SRB,2022,2.70347705543654,10024.8191112596,83.53825397,Serbia,Europe & Central Asia,Upper middle income,Belgrade,20.4656,44.8024,False
SRB,2023,3.74793303561771,12281.707946167,85.35746686,Serbia,Europe & Central Asia,Upper middle income,Belgrade,20.4656,44.8024,False
SRB,2024,3.94992622592932,13677.7794863909,87.69071294,Serbia,Europe & Central Asia,Upper middle income,Belgrade,20.4656,44.8024,False
SSD,2008,,1654.21153546555,,South Sudan,Sub-Saharan Africa ,Low income,Juba,31.6,4.85,True
SSD,2009,5.04164187983342,1323.22068747862,,South Sudan,Sub-Saharan Africa ,Low income,Juba,31.6,4.85,True
SSD,2010,5.49341639529945,1498.27034985194,,South Sudan,Sub-Saharan Africa ,Low income,Juba,31.6,4.85,True
SSD,2011,-4.64031673600859,1448.98435006408,,South Sudan,Sub-Saharan Africa ,Low income,Juba,31.6,4.85,True
SSD,2012,-46.0821223743007,1109.26050083408,1.5,South Sudan,Sub-Saharan Africa ,Low income,Juba,31.6,4.85,True
SSD,2013,13.1297311406943,1650.18943353528,2.200000048,South Sudan,Sub-Saharan Africa ,Low income,Juba,31.6,4.85,True
SSD,2014,3.37364847715736,1242.73450181032,2.599999905,South Sudan,Sub-Saharan Africa ,Low income,Juba,31.6,4.85,True
SSD,2015,-10.7933646271143,1080.14718624765,3.0,South Sudan,Sub-Saharan Africa ,Low income,Juba,31.6,4.85,True
SSD,2016,,,3.5,South Sudan,Sub-Saharan Africa ,Low income,Juba,31.6,4.85,True
SSD,2017,,,4.1,South Sudan,Sub-Saharan Africa ,Low income,Juba,31.6,4.85,True
SSD,2018,,,4.800000191,South Sudan,Sub-Saharan Africa ,Low income,Juba,31.6,4.85,True
SSD,2019,,,6.671000004,South Sudan,Sub-Saharan Africa ,Low income,Juba,31.6,4.85,True
STP,2000,0.448368261692949,529.089383412262,4.6385168164075,Sao Tome and Principe,Sub-Saharan Africa ,Lower middle income,Sao Tome,6.6071,0.20618,False
STP,2001,3.06448295788719,518.88050130005,6.31091788794615,Sao Tome and Principe,Sub-Saharan Africa ,Lower middle income,Sao Tome,6.6071,0.20618,False
STP,2002,3.360188168222,568.10257252271,7.580665168911,Sao Tome and Principe,Sub-Saharan Africa ,Lower middle income,Sao Tome,6.6071,0.20618,False
STP,2003,8.29151946119818,663.696211810494,10.1618443069961,Sao Tome and Principe,Sub-Saharan Africa ,Lower middle income,Sao Tome,6.6071,0.20618,False
STP,2004,3.5379059435684,726.560882130444,13.3228526892178,Sao Tome and Principe,Sub-Saharan Africa ,Lower middle income,Sao Tome,6.6071,0.20618,False
STP,2005,6.61462475033599,844.169181884274,13.75949955,Sao Tome and Principe,Sub-Saharan Africa ,Lower middle income,Sao Tome,6.6071,0.20618,False
STP,2006,8.86610935944026,861.970707697664,14.18200016,Sao Tome and Principe,Sub-Saharan Africa ,Lower middle income,Sao Tome,6.6071,0.20618,False
STP,2007,3.64147185166024,878.885791918745,14.5904831987414,Sao Tome and Principe,Sub-Saharan Africa ,Lower middle income,Sao Tome,6.6071,0.20618,False
STP,2008,6.2287850696102,1081.8684584729,15.47999954,Sao Tome and Principe,Sub-Saharan Africa ,Lower middle income,Sao Tome,6.6071,0.20618,False
STP,2009,3.30239966645061,1128.28046213305,16.40999985,Sao Tome and Principe,Sub-Saharan Africa ,Lower middle income,Sao Tome,6.6071,0.20618,False
STP,2010,1.44845522890635,1045.20958234528,18.75,Sao Tome and Principe,Sub-Saharan Africa ,Lower middle income,Sao Tome,6.6071,0.20618,False
STP,2011,1.99943210333259,1219.80189089671,20.16119957,Sao Tome and Principe,Sub-Saharan Africa ,Lower middle income,Sao Tome,6.6071,0.20618,False
STP,2012,2.94294277416023,1210.7926479817,21.57239914,Sao Tome and Principe,Sub-Saharan Africa ,Lower middle income,Sao Tome,6.6071,0.20618,False
STP,2013,5.11967735428513,1382.5757842916,23.0,Sao Tome and Principe,Sub-Saharan Africa ,Lower middle income,Sao Tome,6.6071,0.20618,False
STP,2014,4.90621048664867,1489.67633417608,24.40999985,Sao Tome and Principe,Sub-Saharan Africa ,Lower middle income,Sao Tome,6.6071,0.20618,False
STP,2015,1.5397042826735,1298.10946596396,25.81999969,Sao Tome and Principe,Sub-Saharan Africa ,Lower middle income,Sao Tome,6.6071,0.20618,False
STP,2016,5.17682468684113,1434.87018050521,28.0,Sao Tome and Principe,Sub-Saharan Africa ,Lower middle income,Sao Tome,6.6071,0.20618,False
STP,2017,4.11297966281954,1555.79477812888,32.61640167,Sao Tome and Principe,Sub-Saharan Africa ,Lower middle income,Sao Tome,6.6071,0.20618,False
STP,2018,4.37812808264972,1825.59971753966,37.99380112,Sao Tome and Principe,Sub-Saharan Africa ,Lower middle income,Sao Tome,6.6071,0.20618,False
STP,2019,2.01431672129407,1935.2931816596,44.25790024,Sao Tome and Principe,Sub-Saharan Africa ,Lower middle income,Sao Tome,6.6071,0.20618,False
STP,2020,2.62485949543812,2167.22001796925,51.55469894,Sao Tome and Principe,Sub-Saharan Africa ,Lower middle income,Sao Tome,6.6071,0.20618,False
STP,2021,1.89929891337832,2362.58827248102,54.94950104,Sao Tome and Principe,Sub-Saharan Africa ,Lower middle income,Sao Tome,6.6071,0.20618,False
STP,2022,0.168698492216564,2389.73729784737,58.56779861,Sao Tome and Principe,Sub-Saharan Africa ,Lower middle income,Sao Tome,6.6071,0.20618,False
STP,2023,0.372252775001456,2990.6606143535,58.70130157,Sao Tome and Principe,Sub-Saharan Africa ,Lower middle income,Sao Tome,6.6071,0.20618,False
STP,2024,1.47888850952698,3502.6176807171,59.11759949,Sao Tome and Principe,Sub-Saharan Africa ,Lower middle income,Sao Tome,6.6071,0.20618,False
SUR,2000,2.09999886750489,1988.22172925433,2.50641105226881,Suriname,Latin America & Caribbean ,Upper middle income,Paramaribo,-55.1679,5.8232,False
SUR,2001,4.20000042083539,1714.64846637242,3.06444838873752,Suriname,Latin America & Caribbean ,Upper middle income,Paramaribo,-55.1679,5.8232,False
SUR,2002,2.80000068850687,2202.340682196,4.1615687449541,Suriname,Latin America & Caribbean ,Upper middle income,Paramaribo,-55.1679,5.8232,False
SUR,2003,6.29999943314137,2516.10404020956,4.71987539528956,Suriname,Latin America & Caribbean ,Upper middle income,Paramaribo,-55.1679,5.8232,False
SUR,2004,8.50000018479413,2887.7721728844,6.0760478144456,Suriname,Latin America & Caribbean ,Upper middle income,Paramaribo,-55.1679,5.8232,False
SUR,2005,4.50000021086888,3453.42865937765,6.40308628759062,Suriname,Latin America & Caribbean ,Upper middle income,Paramaribo,-55.1679,5.8232,False
SUR,2006,5.79354358463304,5002.65798695759,9.49960041,Suriname,Latin America & Caribbean ,Upper middle income,Paramaribo,-55.1679,5.8232,False
SUR,2007,5.11148777773458,5530.17615638309,14.11,Suriname,Latin America & Caribbean ,Upper middle income,Paramaribo,-55.1679,5.8232,False
SUR,2008,4.14340681165626,6576.08546307249,21.05999947,Suriname,Latin America & Caribbean ,Upper middle income,Paramaribo,-55.1679,5.8232,False
SUR,2009,3.01369898266211,7129.5768626291,31.36,Suriname,Latin America & Caribbean ,Upper middle income,Paramaribo,-55.1679,5.8232,False
SUR,2010,5.16882515225814,7943.60482816915,31.59,Suriname,Latin America & Caribbean ,Upper middle income,Paramaribo,-55.1679,5.8232,False
SUR,2011,5.84936767173009,7949.88867218383,32.0,Suriname,Latin America & Caribbean ,Upper middle income,Paramaribo,-55.1679,5.8232,False
SUR,2012,2.69034974668847,8851.24050668908,34.68119812,Suriname,Latin America & Caribbean ,Upper middle income,Paramaribo,-55.1679,5.8232,False
SUR,2013,2.9334416518612,9043.19281529222,37.40000153,Suriname,Latin America & Caribbean ,Upper middle income,Paramaribo,-55.1679,5.8232,False
SUR,2014,0.255503031645475,9108.18905406764,40.08000183,Suriname,Latin America & Caribbean ,Upper middle income,Paramaribo,-55.1679,5.8232,False
SUR,2015,-3.41304268067621,8813.61705392067,42.76380157,Suriname,Latin America & Caribbean ,Upper middle income,Paramaribo,-55.1679,5.8232,False
SUR,2016,-4.91166050905851,5644.2061057532,45.40000153,Suriname,Latin America & Caribbean ,Upper middle income,Paramaribo,-55.1679,5.8232,False
SUR,2017,1.56603782534897,6049.52128553675,48.94520187,Suriname,Latin America & Caribbean ,Upper middle income,Paramaribo,-55.1679,5.8232,False
SUR,2018,4.94827108468886,6665.74180472239,55.10210037,Suriname,Latin America & Caribbean ,Upper middle income,Paramaribo,-55.1679,5.8232,False
SUR,2019,1.16758977233877,6629.66775248603,62.03350067,Suriname,Latin America & Caribbean ,Upper middle income,Paramaribo,-55.1679,5.8232,False
SUR,2020,-15.9751917148622,4755.39221710693,,Suriname,Latin America & Caribbean ,Upper middle income,Paramaribo,-55.1679,5.8232,False
SUR,2021,-2.43538583612838,5029.84838543953,,Suriname,Latin America & Caribbean ,Upper middle income,Paramaribo,-55.1679,5.8232,False
SUR,2022,2.40622235601218,6084.43876736445,,Suriname,Latin America & Caribbean ,Upper middle income,Paramaribo,-55.1679,5.8232,False
SUR,2023,2.41659215006946,5521.97602122638,87.4,Suriname,Latin America & Caribbean ,Upper middle income,Paramaribo,-55.1679,5.8232,False
SUR,2024,1.72095749127065,6961.78956060258,,Suriname,Latin America & Caribbean ,Upper middle income,Paramaribo,-55.1679,5.8232,False
SVK,2000,0.78922447792516,3827.72506501314,9.42680320061637,Slovak Republic,Europe & Central Asia,High income,Bratislava,17.1073,48.1484,False
SVK,2001,2.92516077248489,3974.36802854653,12.5283218484637,Slovak Republic,Europe & Central Asia,High income,Bratislava,17.1073,48.1484,False
SVK,2002,4.41725348271514,4606.38793538107,40.14,Slovak Republic,Europe & Central Asia,High income,Bratislava,17.1073,48.1484,False
SVK,2003,4.85669851591319,6283.15169311309,43.04,Slovak Republic,Europe & Central Asia,High income,Bratislava,17.1073,48.1484,False
SVK,2004,5.38949856996771,7996.74076556872,52.89,Slovak Republic,Europe & Central Asia,High income,Bratislava,17.1073,48.1484,False
SVK,2005,6.48493222274386,9087.20357002472,55.19,Slovak Republic,Europe & Central Asia,High income,Bratislava,17.1073,48.1484,False
SVK,2006,8.92568704770216,10629.1782325838,56.08,Slovak Republic,Europe & Central Asia,High income,Bratislava,17.1073,48.1484,False
SVK,2007,10.8186295074904,14330.2064943926,61.8,Slovak Republic,Europe & Central Asia,High income,Bratislava,17.1073,48.1484,False
SVK,2008,5.36337721231949,17973.8436435514,66.05,Slovak Republic,Europe & Central Asia,High income,Bratislava,17.1073,48.1484,False
SVK,2009,-5.50533790972226,16586.7527805228,70.0,Slovak Republic,Europe & Central Asia,High income,Bratislava,17.1073,48.1484,False
SVK,2010,6.79058159142423,16899.448680529,75.71,Slovak Republic,Europe & Central Asia,High income,Bratislava,17.1073,48.1484,False
SVK,2011,2.56242473215553,18469.4354316836,74.4399971746757,Slovak Republic,Europe & Central Asia,High income,Bratislava,17.1073,48.1484,False
SVK,2012,1.56917104702706,17516.9691054078,76.7099901181121,Slovak Republic,Europe & Central Asia,High income,Bratislava,17.1073,48.1484,False
SVK,2013,0.703323545247201,18312.7805149823,77.8826,Slovak Republic,Europe & Central Asia,High income,Bratislava,17.1073,48.1484,False
SVK,2014,2.70795151449488,18770.9289896545,79.9843017656729,Slovak Republic,Europe & Central Asia,High income,Bratislava,17.1073,48.1484,False
SVK,2015,5.17687909722133,16442.0760860018,77.6346820339875,Slovak Republic,Europe & Central Asia,High income,Bratislava,17.1073,48.1484,False
SVK,2016,1.94781841524558,16636.0769133073,80.475857275668,Slovak Republic,Europe & Central Asia,High income,Bratislava,17.1073,48.1484,False
SVK,2017,2.87473327453695,17645.5298716761,81.6256675172655,Slovak Republic,Europe & Central Asia,High income,Bratislava,17.1073,48.1484,False
SVK,2018,4.06211981896483,19573.3717031314,80.4489224826099,Slovak Republic,Europe & Central Asia,High income,Bratislava,17.1073,48.1484,False
SVK,2019,2.27589910019393,19406.0589683582,82.8536605021784,Slovak Republic,Europe & Central Asia,High income,Bratislava,17.1073,48.1484,False
SVK,2020,-2.58551241733207,19735.4858280801,89.92090413,Slovak Republic,Europe & Central Asia,High income,Bratislava,17.1073,48.1484,False
SVK,2021,5.6558588065555,22123.3342114545,88.92560523,Slovak Republic,Europe & Central Asia,High income,Bratislava,17.1073,48.1484,False
SVK,2022,0.544591632137454,21317.7943982363,89.06766196,Slovak Republic,Europe & Central Asia,High income,Bratislava,17.1073,48.1484,False
SVK,2023,2.11263633214959,24614.8734642794,87.2131343,Slovak Republic,Europe & Central Asia,High income,Bratislava,17.1073,48.1484,False
SVK,2024,1.93867445549446,25992.6748502048,89.82507032,Slovak Republic,Europe & Central Asia,High income,Bratislava,17.1073,48.1484,False
SVN,2000,3.49791942086068,10135.7219109212,15.1102595640388,Slovenia,Europe & Central Asia,High income,Ljubljana,14.5044,46.0546,False
SVN,2001,2.82868479430465,10375.6255869861,30.1759104700854,Slovenia,Europe & Central Asia,High income,Ljubljana,14.5044,46.0546,False
SVN,2002,3.28258371393918,11639.1297780477,27.8388854180687,Slovenia,Europe & Central Asia,High income,Ljubljana,14.5044,46.0546,False
SVN,2003,3.19503117236037,14711.674874253,31.8547930120441,Slovenia,Europe & Central Asia,High income,Ljubljana,14.5044,46.0546,False
SVN,2004,4.54602214352336,17103.8297783905,40.81,Slovenia,Europe & Central Asia,High income,Ljubljana,14.5044,46.0546,False
SVN,2005,3.8541277114569,17969.7095907161,46.81,Slovenia,Europe & Central Asia,High income,Ljubljana,14.5044,46.0546,False
SVN,2006,5.90878130011174,19563.005059144,54.01,Slovenia,Europe & Central Asia,High income,Ljubljana,14.5044,46.0546,False
SVN,2007,7.1392312914716,23725.1596001515,56.74,Slovenia,Europe & Central Asia,High income,Ljubljana,14.5044,46.0546,False
SVN,2008,3.37223866114127,27461.9764165315,58.0,Slovenia,Europe & Central Asia,High income,Ljubljana,14.5044,46.0546,False
SVN,2009,-7.59058614046387,24501.7897290425,64.0,Slovenia,Europe & Central Asia,High income,Ljubljana,14.5044,46.0546,False
SVN,2010,1.11213719306735,23329.8417691156,70.0,Slovenia,Europe & Central Asia,High income,Ljubljana,14.5044,46.0546,False
SVN,2011,0.655438128379743,24940.6284841605,67.3399948092396,Slovenia,Europe & Central Asia,High income,Ljubljana,14.5044,46.0546,False
SVN,2012,-2.91553782040462,22442.1417859955,68.3499745287825,Slovenia,Europe & Central Asia,High income,Ljubljana,14.5044,46.0546,False
SVN,2013,-0.823776417691676,23236.9655321695,72.6756,Slovenia,Europe & Central Asia,High income,Ljubljana,14.5044,46.0546,False
SVN,2014,2.76283327639742,24013.0682060959,71.5862515855601,Slovenia,Europe & Central Asia,High income,Ljubljana,14.5044,46.0546,False
SVN,2015,2.39330621338168,20697.2748530619,73.0986599745829,Slovenia,Europe & Central Asia,High income,Ljubljana,14.5044,46.0546,False
SVN,2016,3.03441486663654,21447.8377796036,75.4985042610791,Slovenia,Europe & Central Asia,High income,Ljubljana,14.5044,46.0546,False
SVN,2017,5.17440215579958,23303.077705959,78.8854263554775,Slovenia,Europe & Central Asia,High income,Ljubljana,14.5044,46.0546,False
SVN,2018,4.37908347331195,25888.0481065655,79.7499765956562,Slovenia,Europe & Central Asia,High income,Ljubljana,14.5044,46.0546,False
SVN,2019,3.50525332381912,25814.1687167572,83.1083578026717,Slovenia,Europe & Central Asia,High income,Ljubljana,14.5044,46.0546,False
SVN,2020,-4.08500094942896,25392.0651093612,86.60130109,Slovenia,Europe & Central Asia,High income,Ljubljana,14.5044,46.0546,False
SVN,2021,8.41686457725321,29192.8401933019,89.00399524,Slovenia,Europe & Central Asia,High income,Ljubljana,14.5044,46.0546,False
SVN,2022,2.66850555542486,28360.3041467268,88.91248552,Slovenia,Europe & Central Asia,High income,Ljubljana,14.5044,46.0546,False
SVN,2023,2.3758326648385,32660.4753581346,90.37794678,Slovenia,Europe & Central Asia,High income,Ljubljana,14.5044,46.0546,False
SVN,2024,1.73139722479493,34301.0318686594,90.76355487,Slovenia,Europe & Central Asia,High income,Ljubljana,14.5044,46.0546,False
SWE,2000,4.63112136551369,29632.5890811623,45.6876522122282,Sweden,Europe & Central Asia,High income,Stockholm,18.0645,59.3327,False
SWE,2001,1.36080642694121,27259.3174300217,51.7656649372808,Sweden,Europe & Central Asia,High income,Stockholm,18.0645,59.3327,False
SWE,2002,2.27772867861897,29957.7776664916,70.57,Sweden,Europe & Central Asia,High income,Stockholm,18.0645,59.3327,False
SWE,2003,1.88102769675844,37292.2419727801,79.13,Sweden,Europe & Central Asia,High income,Stockholm,18.0645,59.3327,False
SWE,2004,4.17958419343711,42758.0048564929,83.89,Sweden,Europe & Central Asia,High income,Stockholm,18.0645,59.3327,False
SWE,2005,2.79313782840156,43378.4077394363,84.83,Sweden,Europe & Central Asia,High income,Stockholm,18.0645,59.3327,False
SWE,2006,4.67607488877992,46531.3762240485,87.76,Sweden,Europe & Central Asia,High income,Stockholm,18.0645,59.3327,False
SWE,2007,3.22486814096095,53568.3057787832,82.01,Sweden,Europe & Central Asia,High income,Stockholm,18.0645,59.3327,False
SWE,2008,-0.923113250067971,55817.1759726485,90.0,Sweden,Europe & Central Asia,High income,Stockholm,18.0645,59.3327,False
SWE,2009,-4.25561384207619,46707.6425044751,91.0,Sweden,Europe & Central Asia,High income,Stockholm,18.0645,59.3327,False
SWE,2010,5.75076477579255,52542.5759090299,90.0,Sweden,Europe & Central Asia,High income,Stockholm,18.0645,59.3327,False
SWE,2011,3.16388567406926,60379.4814599322,92.7699860554046,Sweden,Europe & Central Asia,High income,Stockholm,18.0645,59.3327,False
SWE,2012,-0.414397702454409,57749.5615420853,93.1799880065108,Sweden,Europe & Central Asia,High income,Stockholm,18.0645,59.3327,False
SWE,2013,1.13766671801426,60843.9888799369,94.7836,Sweden,Europe & Central Asia,High income,Stockholm,18.0645,59.3327,False
SWE,2014,2.29577238758284,59583.4584491714,92.5236065037579,Sweden,Europe & Central Asia,High income,Stockholm,18.0645,59.3327,False
SWE,2015,4.38824673608589,51188.1652120493,90.6101966398616,Sweden,Europe & Central Asia,High income,Stockholm,18.0645,59.3327,False
SWE,2016,2.13117914731151,51703.5088332851,89.6509476102355,Sweden,Europe & Central Asia,High income,Stockholm,18.0645,59.3327,False
SWE,2017,1.88282184966646,53210.2233318965,93.0062669652127,Sweden,Europe & Central Asia,High income,Stockholm,18.0645,59.3327,False
SWE,2018,1.7702553546772,54018.4554391861,89.2469631588137,Sweden,Europe & Central Asia,High income,Stockholm,18.0645,59.3327,False
SWE,2019,2.60823012869524,51648.9892820514,94.4934434072202,Sweden,Europe & Central Asia,High income,Stockholm,18.0645,59.3327,False
SWE,2020,-1.93379704032216,52568.5726980146,94.53943122,Sweden,Europe & Central Asia,High income,Stockholm,18.0645,59.3327,False
SWE,2021,5.2258643028773,60647.5416365347,94.6703163,Sweden,Europe & Central Asia,High income,Stockholm,18.0645,59.3327,False
SWE,2022,1.25543620445816,54836.8907235124,95.00970335,Sweden,Europe & Central Asia,High income,Stockholm,18.0645,59.3327,False
SWE,2023,-0.204061304891439,54950.2834725622,95.70327461,Sweden,Europe & Central Asia,High income,Stockholm,18.0645,59.3327,False
SWE,2024,1.01779633304398,57222.7100565003,95.52930428,Sweden,Europe & Central Asia,High income,Stockholm,18.0645,59.3327,False
SWZ,2000,1.76017328388222,1629.67038842815,0.926191777269401,Eswatini,Sub-Saharan Africa ,Lower middle income,Mbabane,31.4659,-26.5225,False
SWZ,2001,1.41221393287066,1429.85630359447,1.28159005046719,Eswatini,Sub-Saharan Africa ,Lower middle income,Mbabane,31.4659,-26.5225,False
SWZ,2002,4.0886479398829,1315.73634647994,1.81620380712642,Eswatini,Sub-Saharan Africa ,Lower middle income,Mbabane,31.4659,-26.5225,False
SWZ,2003,4.53865525672528,2015.21743065251,2.43707385055863,Eswatini,Sub-Saharan Africa ,Lower middle income,Mbabane,31.4659,-26.5225,False
SWZ,2004,3.61711931922247,2525.5640452625,3.22868507316111,Eswatini,Sub-Saharan Africa ,Lower middle income,Mbabane,31.4659,-26.5225,False
SWZ,2005,5.99228289096037,2871.06877437449,3.697000027,Eswatini,Sub-Saharan Africa ,Lower middle income,Mbabane,31.4659,-26.5225,False
SWZ,2006,6.72880946564094,2964.95865200682,3.69653878906882,Eswatini,Sub-Saharan Africa ,Lower middle income,Mbabane,31.4659,-26.5225,False
SWZ,2007,4.31772144872362,3109.11097608864,4.1,Eswatini,Sub-Saharan Africa ,Lower middle income,Mbabane,31.4659,-26.5225,False
SWZ,2008,1.44055358727118,2946.8606613746,6.85,Eswatini,Sub-Saharan Africa ,Lower middle income,Mbabane,31.4659,-26.5225,False
SWZ,2009,1.43311134247756,3189.79679956637,8.94,Eswatini,Sub-Saharan Africa ,Lower middle income,Mbabane,31.4659,-26.5225,False
SWZ,2010,3.82443487429767,3922.74039390733,11.04,Eswatini,Sub-Saharan Africa ,Lower middle income,Mbabane,31.4659,-26.5225,False
SWZ,2011,1.83973625916165,4225.06049411911,18.13,Eswatini,Sub-Saharan Africa ,Lower middle income,Mbabane,31.4659,-26.5225,False
SWZ,2012,4.09048190124592,4224.54789174487,20.78179932,Eswatini,Sub-Saharan Africa ,Lower middle income,Mbabane,31.4659,-26.5225,False
SWZ,2013,4.09458522119226,3949.94310039907,24.70000076,Eswatini,Sub-Saharan Africa ,Lower middle income,Mbabane,31.4659,-26.5225,False
SWZ,2014,2.05738179246586,3771.07228381938,25.0,Eswatini,Sub-Saharan Africa ,Lower middle income,Mbabane,31.4659,-26.5225,False
SWZ,2015,1.70425806017289,3419.82276559528,25.64299965,Eswatini,Sub-Saharan Africa ,Lower middle income,Mbabane,31.4659,-26.5225,False
SWZ,2016,2.94916821059911,3238.17611961364,28.56999969,Eswatini,Sub-Saharan Africa ,Lower middle income,Mbabane,31.4659,-26.5225,False
SWZ,2017,3.52095345987983,3853.09956569679,35.33160019,Eswatini,Sub-Saharan Africa ,Lower middle income,Mbabane,31.4659,-26.5225,False
SWZ,2018,0.0653956557843571,3972.65450620357,39.38100052,Eswatini,Sub-Saharan Africa ,Lower middle income,Mbabane,31.4659,-26.5225,False
SWZ,2019,6.43186888691574,3913.14577547336,43.93389893,Eswatini,Sub-Saharan Africa ,Lower middle income,Mbabane,31.4659,-26.5225,False
SWZ,2020,-2.95183453409287,3466.56936278145,49.01300049,Eswatini,Sub-Saharan Africa ,Lower middle income,Mbabane,31.4659,-26.5225,False
SWZ,2021,4.23621913615419,3984.00229174306,53.99530029,Eswatini,Sub-Saharan Africa ,Lower middle income,Mbabane,31.4659,-26.5225,False
SWZ,2022,0.386070835562705,3894.1620089869,57.34370041,Eswatini,Sub-Saharan Africa ,Lower middle income,Mbabane,31.4659,-26.5225,False
SWZ,2023,3.53257662836211,3755.52111232464,61.33330154,Eswatini,Sub-Saharan Africa ,Lower middle income,Mbabane,31.4659,-26.5225,False
SWZ,2024,3.03162462475916,3909.55892378182,63.40309906,Eswatini,Sub-Saharan Africa ,Lower middle income,Mbabane,31.4659,-26.5225,False
SXM,2009,,25528.412619483,,Sint Maarten (Dutch part),Latin America & Caribbean ,High income,Philipsburg,,,False
SXM,2010,3.19999269219366,26403.8143692163,,Sint Maarten (Dutch part),Latin America & Caribbean ,High income,Philipsburg,,,False
SXM,2011,4.60000341415395,27317.5178881974,,Sint Maarten (Dutch part),Latin America & Caribbean ,High income,Philipsburg,,,False
SXM,2012,1.39054456773131,28149.0997855041,,Sint Maarten (Dutch part),Latin America & Caribbean ,High income,Philipsburg,,,False
SXM,2013,1.30673103459678,28529.7324687053,,Sint Maarten (Dutch part),Latin America & Caribbean ,High income,Philipsburg,,,False
SXM,2014,1.58038221539113,37134.912423099,,Sint Maarten (Dutch part),Latin America & Caribbean ,High income,Philipsburg,,,False
SXM,2015,0.105813149997005,37839.6283815163,,Sint Maarten (Dutch part),Latin America & Caribbean ,High income,Philipsburg,,,False
SXM,2016,0.96775836306881,37308.6147795736,,Sint Maarten (Dutch part),Latin America & Caribbean ,High income,Philipsburg,,,False
SXM,2017,-7.53521399882428,34701.3058494468,,Sint Maarten (Dutch part),Latin America & Caribbean ,High income,Philipsburg,,,False
SXM,2018,-6.85698299227944,31708.3110124742,,Sint Maarten (Dutch part),Latin America & Caribbean ,High income,Philipsburg,,,False
SXM,2019,10.9650009352392,34861.469528968,,Sint Maarten (Dutch part),Latin America & Caribbean ,High income,Philipsburg,,,False
SXM,2020,-13.3167887221567,30150.8998380477,,Sint Maarten (Dutch part),Latin America & Caribbean ,High income,Philipsburg,,,False
SXM,2021,4.57759677933345,32548.4366854902,,Sint Maarten (Dutch part),Latin America & Caribbean ,High income,Philipsburg,,,False
SXM,2022,13.9000012614164,37793.1283815826,,Sint Maarten (Dutch part),Latin America & Caribbean ,High income,Philipsburg,,,False
SXM,2023,3.79999769985537,39451.822911732,,Sint Maarten (Dutch part),Latin America & Caribbean ,High income,Philipsburg,,,False
SXM,2024,3.00000089532888,41472.5870367865,,Sint Maarten (Dutch part),Latin America & Caribbean ,High income,Philipsburg,,,False
SYC,2000,4.25319834931828,8063.65500575169,7.39562918315276,Seychelles,Sub-Saharan Africa ,High income,Victoria,55.4466,-4.6309,False
SYC,2001,-2.27116288552982,8153.2986369879,11.0151029300174,Seychelles,Sub-Saharan Africa ,High income,Victoria,55.4466,-4.6309,False
SYC,2002,1.21283290259314,8864.16919495467,14.3041708309972,Seychelles,Sub-Saharan Africa ,High income,Victoria,55.4466,-4.6309,False
SYC,2003,-5.88712848764477,9070.28460757013,14.5925043169492,Seychelles,Sub-Saharan Africa ,High income,Victoria,55.4466,-4.6309,False
SYC,2004,-2.8504539768538,10827.671636033,24.2721392249906,Seychelles,Sub-Saharan Africa ,High income,Victoria,55.4466,-4.6309,False
SYC,2005,9.0057617374238,11802.1118276833,25.4132681462836,Seychelles,Sub-Saharan Africa ,High income,Victoria,55.4466,-4.6309,False
SYC,2006,9.40612855732827,12782.9938926475,34.95197117065,Seychelles,Sub-Saharan Africa ,High income,Victoria,55.4466,-4.6309,False
SYC,2007,8.87606645570879,12669.3026687222,38.38,Seychelles,Sub-Saharan Africa ,High income,Victoria,55.4466,-4.6309,False
SYC,2008,-2.72594626154864,11265.4376270005,40.44,Seychelles,Sub-Saharan Africa ,High income,Victoria,55.4466,-4.6309,False
SYC,2009,-2.47937594726137,9747.09180546291,,Seychelles,Sub-Saharan Africa ,High income,Victoria,55.4466,-4.6309,False
SYC,2010,4.50513204312067,10934.79494629,41.0,Seychelles,Sub-Saharan Africa ,High income,Victoria,55.4466,-4.6309,False
SYC,2011,9.5097833517957,12110.0937461973,43.16400146,Seychelles,Sub-Saharan Africa ,High income,Victoria,55.4466,-4.6309,False
SYC,2012,3.1106784939243,12337.1554669388,47.07600021,Seychelles,Sub-Saharan Africa ,High income,Victoria,55.4466,-4.6309,False
SYC,2013,1.25373496242949,14821.2921476077,50.40000153,Seychelles,Sub-Saharan Africa ,High income,Victoria,55.4466,-4.6309,False
SYC,2014,4.0636918123521,15188.1902175113,51.25469971,Seychelles,Sub-Saharan Africa ,High income,Victoria,55.4466,-4.6309,False
SYC,2015,8.9140088750469,15333.1051727105,54.25960159,Seychelles,Sub-Saharan Africa ,High income,Victoria,55.4466,-4.6309,False
SYC,2016,12.1175272453913,16566.9946042294,56.51470184,Seychelles,Sub-Saharan Africa ,High income,Victoria,55.4466,-4.6309,False
SYC,2017,6.95416218794271,17480.3651911372,62.55310059,Seychelles,Sub-Saharan Africa ,High income,Victoria,55.4466,-4.6309,False
SYC,2018,4.93947272254312,18440.2340460932,69.23660278,Seychelles,Sub-Saharan Africa ,High income,Victoria,55.4466,-4.6309,False
SYC,2019,5.5142920737342,19141.5118743615,76.63420105,Seychelles,Sub-Saharan Africa ,High income,Victoria,55.4466,-4.6309,False
SYC,2020,-11.7398608281732,14041.4754074575,79.25170135,Seychelles,Sub-Saharan Africa ,High income,Victoria,55.4466,-4.6309,False
SYC,2021,0.552281631207279,14982.9111487767,81.99530029,Seychelles,Sub-Saharan Africa ,High income,Victoria,55.4466,-4.6309,False
SYC,2022,9.88048366355446,16682.6990711785,84.83380127,Seychelles,Sub-Saharan Africa ,High income,Victoria,55.4466,-4.6309,False
SYC,2023,5.17980996672414,18130.5297135548,86.001297,Seychelles,Sub-Saharan Africa ,High income,Victoria,55.4466,-4.6309,False
SYC,2024,3.34667429007052,18364.5259678223,87.81800079,Seychelles,Sub-Saharan Africa ,High income,Victoria,55.4466,-4.6309,False
SYR,2000,0.675642589410501,1138.18722723683,0.181698580104333,Syrian Arab Republic,"Middle East, North Africa, Afghanistan & Pakistan",Low income,Damascus,36.3119,33.5146,True
SYR,2001,3.79340343988601,1177.53806921268,0.353759130007247,Syrian Arab Republic,"Middle East, North Africa, Afghanistan & Pakistan",Low income,Damascus,36.3119,33.5146,True
SYR,2002,7.85855098148016,1189.98119453595,2.09310101861765,Syrian Arab Republic,"Middle East, North Africa, Afghanistan & Pakistan",Low income,Damascus,36.3119,33.5146,True
SYR,2003,0.590781711933914,1220.179077256,3.39797261356623,Syrian Arab Republic,"Middle East, North Africa, Afghanistan & Pakistan",Low income,Damascus,36.3119,33.5146,True
SYR,2004,6.9025333036284,1368.11263904001,4.32159377785571,Syrian Arab Republic,"Middle East, North Africa, Afghanistan & Pakistan",Low income,Damascus,36.3119,33.5146,True
SYR,2005,6.21550444795768,1533.90017615946,5.648099899,Syrian Arab Republic,"Middle East, North Africa, Afghanistan & Pakistan",Low income,Damascus,36.3119,33.5146,True
SYR,2006,5.04600280095076,1718.78469956591,7.832600117,Syrian Arab Republic,"Middle East, North Africa, Afghanistan & Pakistan",Low income,Damascus,36.3119,33.5146,True
SYR,2007,5.6747382107833,1937.61199094087,11.5,Syrian Arab Republic,"Middle East, North Africa, Afghanistan & Pakistan",Low income,Damascus,36.3119,33.5146,True
SYR,2008,4.47662154277957,2429.1247629459,14.0,Syrian Arab Republic,"Middle East, North Africa, Afghanistan & Pakistan",Low income,Damascus,36.3119,33.5146,True
SYR,2009,5.91229460524147,2462.20127278738,17.3,Syrian Arab Republic,"Middle East, North Africa, Afghanistan & Pakistan",Low income,Damascus,36.3119,33.5146,True
SYR,2010,5.19150915015936,2730.61487784917,20.7,Syrian Arab Republic,"Middle East, North Africa, Afghanistan & Pakistan",Low income,Damascus,36.3119,33.5146,True
SYR,2011,2.8502205980333,2952.14372909443,22.5,Syrian Arab Republic,"Middle East, North Africa, Afghanistan & Pakistan",Low income,Damascus,36.3119,33.5146,True
SYR,2012,-26.338904668983,1897.66115018696,24.30010033,Syrian Arab Republic,"Middle East, North Africa, Afghanistan & Pakistan",Low income,Damascus,36.3119,33.5146,True
SYR,2013,-26.3002577493205,985.892669221634,26.20000076,Syrian Arab Republic,"Middle East, North Africa, Afghanistan & Pakistan",Low income,Damascus,36.3119,33.5146,True
SYR,2014,-10.3103412087823,1060.59105887433,28.09000015,Syrian Arab Republic,"Middle East, North Africa, Afghanistan & Pakistan",Low income,Damascus,36.3119,33.5146,True
SYR,2015,-4.17969204561759,847.731545352582,29.97979927,Syrian Arab Republic,"Middle East, North Africa, Afghanistan & Pakistan",Low income,Damascus,36.3119,33.5146,True
SYR,2016,-6.40568496867387,656.349017520952,31.8696003,Syrian Arab Republic,"Middle East, North Africa, Afghanistan & Pakistan",Low income,Damascus,36.3119,33.5146,True
SYR,2017,-0.723346297115341,851.501972646386,32.70000076,Syrian Arab Republic,"Middle East, North Africa, Afghanistan & Pakistan",Low income,Damascus,36.3119,33.5146,True
SYR,2018,1.39323324059961,1098.06667935023,33.77000046,Syrian Arab Republic,"Middle East, North Africa, Afghanistan & Pakistan",Low income,Damascus,36.3119,33.5146,True
SYR,2019,1.22072818348491,1109.53933821464,,Syrian Arab Republic,"Middle East, North Africa, Afghanistan & Pakistan",Low income,Damascus,36.3119,33.5146,True
SYR,2020,0.954914586675713,593.911771822527,,Syrian Arab Republic,"Middle East, North Africa, Afghanistan & Pakistan",Low income,Damascus,36.3119,33.5146,True
SYR,2021,1.7896919997567,688.566109726934,,Syrian Arab Republic,"Middle East, North Africa, Afghanistan & Pakistan",Low income,Damascus,36.3119,33.5146,True
SYR,2022,-0.20247264200475,1056.78264718197,,Syrian Arab Republic,"Middle East, North Africa, Afghanistan & Pakistan",Low income,Damascus,36.3119,33.5146,True
TCA,2001,,18325.7458111974,,Turks and Caicos Islands,Latin America & Caribbean ,High income,Grand Turk,-71.141389,21.4602778,False
TCA,2002,,17803.9471767733,,Turks and Caicos Islands,Latin America & Caribbean ,High income,Grand Turk,-71.141389,21.4602778,False
TCA,2003,,18859.1890274773,,Turks and Caicos Islands,Latin America & Caribbean ,High income,Grand Turk,-71.141389,21.4602778,False
TCA,2004,,21246.00980049,,Turks and Caicos Islands,Latin America & Caribbean ,High income,Grand Turk,-71.141389,21.4602778,False
TCA,2005,,24122.3028180757,,Turks and Caicos Islands,Latin America & Caribbean ,High income,Grand Turk,-71.141389,21.4602778,False
TCA,2006,,28734.2873064523,,Turks and Caicos Islands,Latin America & Caribbean ,High income,Grand Turk,-71.141389,21.4602778,False
TCA,2007,,29443.8523030072,,Turks and Caicos Islands,Latin America & Caribbean ,High income,Grand Turk,-71.141389,21.4602778,False
TCA,2008,8.27189312486149,31453.8228752689,,Turks and Caicos Islands,Latin America & Caribbean ,High income,Grand Turk,-71.141389,21.4602778,False
TCA,2009,-19.5502467595022,24596.8938015951,,Turks and Caicos Islands,Latin America & Caribbean ,High income,Grand Turk,-71.141389,21.4602778,False
TCA,2010,0.984924853810682,23093.8498268267,,Turks and Caicos Islands,Latin America & Caribbean ,High income,Grand Turk,-71.141389,21.4602778,False
TCA,2011,4.62049892978239,27327.4006354146,,Turks and Caicos Islands,Latin America & Caribbean ,High income,Grand Turk,-71.141389,21.4602778,False
TCA,2012,-2.66655562053364,25923.6156503875,,Turks and Caicos Islands,Latin America & Caribbean ,High income,Grand Turk,-71.141389,21.4602778,False
TCA,2013,1.07088049554032,25653.819867471,,Turks and Caicos Islands,Latin America & Caribbean ,High income,Grand Turk,-71.141389,21.4602778,False
TCA,2014,8.71129580824217,27292.5820256776,,Turks and Caicos Islands,Latin America & Caribbean ,High income,Grand Turk,-71.141389,21.4602778,False
TCA,2015,11.3148293929929,29457.0140691162,,Turks and Caicos Islands,Latin America & Caribbean ,High income,Grand Turk,-71.141389,21.4602778,False
TCA,2016,7.25118627570265,31373.5612684327,,Turks and Caicos Islands,Latin America & Caribbean ,High income,Grand Turk,-71.141389,21.4602778,False
TCA,2017,74.5879880544188,30014.2309523213,,Turks and Caicos Islands,Latin America & Caribbean ,High income,Grand Turk,-71.141389,21.4602778,False
TCA,2018,6.75264845178367,31625.616593277,,Turks and Caicos Islands,Latin America & Caribbean ,High income,Grand Turk,-71.141389,21.4602778,False
TCA,2019,4.98170549382992,31780.5217068989,,Turks and Caicos Islands,Latin America & Caribbean ,High income,Grand Turk,-71.141389,21.4602778,False
TCA,2020,-33.8170973434652,20690.9160546118,,Turks and Caicos Islands,Latin America & Caribbean ,High income,Grand Turk,-71.141389,21.4602778,False
TCA,2021,29.6293781722414,27329.2885087196,,Turks and Caicos Islands,Latin America & Caribbean ,High income,Grand Turk,-71.141389,21.4602778,False
TCA,2022,14.0871234168153,31280.5418020808,,Turks and Caicos Islands,Latin America & Caribbean ,High income,Grand Turk,-71.141389,21.4602778,False
TCA,2023,13.7311481139228,35470.2151608295,,Turks and Caicos Islands,Latin America & Caribbean ,High income,Grand Turk,-71.141389,21.4602778,False
TCA,2024,5.63682517443362,37506.7798431288,,Turks and Caicos Islands,Latin America & Caribbean ,High income,Grand Turk,-71.141389,21.4602778,False
TCD,2000,-0.879681024156014,163.121663683369,0.03570707628555,Chad,Sub-Saharan Africa ,Low income,N'Djamena,15.0445,12.1048,True
TCD,2001,11.6581346550771,194.32295331156,0.0459341343557353,Chad,Sub-Saharan Africa ,Low income,N'Djamena,15.0445,12.1048,True
TCD,2002,8.4912098197177,219.061391951349,0.166069664674347,Chad,Sub-Saharan Africa ,Low income,N'Djamena,15.0445,12.1048,True
TCD,2003,14.7216670123589,289.087621122168,0.320308555366775,Chad,Sub-Saharan Africa ,Low income,N'Djamena,15.0445,12.1048,True
TCD,2004,33.6293718498522,445.850767157087,0.360920107034467,Chad,Sub-Saharan Africa ,Low income,N'Djamena,15.0445,12.1048,True
TCD,2005,17.3325337352162,838.092107712557,0.399257700084004,Chad,Sub-Saharan Africa ,Low income,N'Djamena,15.0445,12.1048,True
TCD,2006,-0.54282957080251,906.897260572747,0.581045764229641,Chad,Sub-Saharan Africa ,Low income,N'Djamena,15.0445,12.1048,True
TCD,2007,4.20017418353298,980.483531485103,0.847224520710968,Chad,Sub-Saharan Africa ,Low income,N'Djamena,15.0445,12.1048,True
TCD,2008,3.08119033854541,1166.36883453841,1.19,Chad,Sub-Saharan Africa ,Low income,N'Djamena,15.0445,12.1048,True
TCD,2009,-1.40828262637592,1035.63719694254,1.5,Chad,Sub-Saharan Africa ,Low income,N'Djamena,15.0445,12.1048,True
TCD,2010,13.6738272725339,1141.80069268412,1.700000048,Chad,Sub-Saharan Africa ,Low income,N'Djamena,15.0445,12.1048,True
TCD,2011,4.49542967058827,1308.1421872538,1.899999976,Chad,Sub-Saharan Africa ,Low income,N'Djamena,15.0445,12.1048,True
TCD,2012,9.06180392253447,1354.34344701937,2.099999905,Chad,Sub-Saharan Africa ,Low income,N'Djamena,15.0445,12.1048,True
TCD,2013,2.83821524730293,1304.88742971475,2.5,Chad,Sub-Saharan Africa ,Low income,N'Djamena,15.0445,12.1048,True
TCD,2014,2.06283074361411,1278.78981422494,2.900000095,Chad,Sub-Saharan Africa ,Low income,N'Djamena,15.0445,12.1048,True
TCD,2015,3.30415979779805,993.990730610869,3.5,Chad,Sub-Saharan Africa ,Low income,N'Djamena,15.0445,12.1048,True
TCD,2016,-4.12250332637034,861.831767630746,5.800000191,Chad,Sub-Saharan Africa ,Low income,N'Djamena,15.0445,12.1048,True
TCD,2017,-1.61746922820204,854.46120040098,6.351900101,Chad,Sub-Saharan Africa ,Low income,N'Djamena,15.0445,12.1048,True
TCD,2018,5.74111580758154,948.656629871231,6.956299782,Chad,Sub-Saharan Africa ,Low income,N'Djamena,15.0445,12.1048,True
TCD,2019,5.38282202874814,893.336441643325,7.618199825,Chad,Sub-Saharan Africa ,Low income,N'Djamena,15.0445,12.1048,True
TCD,2020,-0.393646582380399,866.947814890409,8.343099594,Chad,Sub-Saharan Africa ,Low income,N'Djamena,15.0445,12.1048,True
TCD,2021,0.293442648033434,946.358500208374,9.653699875,Chad,Sub-Saharan Africa ,Low income,N'Djamena,15.0445,12.1048,True
TCD,2022,4.12969897668356,966.036468278568,11.17029953,Chad,Sub-Saharan Africa ,Low income,N'Djamena,15.0445,12.1048,True
TCD,2023,3.99861309461539,949.991054236266,12.03590012,Chad,Sub-Saharan Africa ,Low income,N'Djamena,15.0445,12.1048,True
TCD,2024,4.95210484607125,980.668312111718,12.62689972,Chad,Sub-Saharan Africa ,Low income,N'Djamena,15.0445,12.1048,True
TGO,2000,-0.783479610048047,440.420399069497,0.8,Togo,Sub-Saharan Africa ,Lower middle income,Lome,1.2255,6.1228,False
TGO,2001,0.823438752111855,426.883605884489,0.9,Togo,Sub-Saharan Africa ,Lower middle income,Lome,1.2255,6.1228,False
TGO,2002,3.82662257675142,479.438373869587,1.0,Togo,Sub-Saharan Africa ,Lower middle income,Lome,1.2255,6.1228,False
TGO,2003,6.72017142336034,579.728195854724,1.2,Togo,Sub-Saharan Africa ,Lower middle income,Lome,1.2255,6.1228,False
TGO,2004,-0.978665332738743,604.311329116751,1.5,Togo,Sub-Saharan Africa ,Lower middle income,Lome,1.2255,6.1228,False
TGO,2005,-4.66629938413338,595.200212014134,1.799999952,Togo,Sub-Saharan Africa ,Lower middle income,Lome,1.2255,6.1228,False
TGO,2006,2.65013209943473,596.249203137762,2.0,Togo,Sub-Saharan Africa ,Lower middle income,Lome,1.2255,6.1228,False
TGO,2007,-1.1751368996605,654.083697666439,2.200000048,Togo,Sub-Saharan Africa ,Lower middle income,Lome,1.2255,6.1228,False
TGO,2008,4.03561315398862,771.351190404751,2.400000095,Togo,Sub-Saharan Africa ,Lower middle income,Lome,1.2255,6.1228,False
TGO,2009,5.45381096920332,770.172869777254,2.599999905,Togo,Sub-Saharan Africa ,Lower middle income,Lome,1.2255,6.1228,False
TGO,2010,5.85433399076879,750.323421086121,3.0,Togo,Sub-Saharan Africa ,Lower middle income,Lome,1.2255,6.1228,False
TGO,2011,5.82325622135289,834.14671980279,3.5,Togo,Sub-Saharan Africa ,Lower middle income,Lome,1.2255,6.1228,False
TGO,2012,6.30271426865185,813.611525037432,4.0,Togo,Sub-Saharan Africa ,Lower middle income,Lome,1.2255,6.1228,False
TGO,2013,5.82425069283059,885.698522723929,4.5,Togo,Sub-Saharan Africa ,Lower middle income,Lome,1.2255,6.1228,False
TGO,2014,5.63323739145223,921.539748631461,5.699999809,Togo,Sub-Saharan Africa ,Lower middle income,Lome,1.2255,6.1228,False
TGO,2015,5.4680413807304,813.894676975085,7.119999886,Togo,Sub-Saharan Africa ,Lower middle income,Lome,1.2255,6.1228,False
TGO,2016,4.21490387414525,843.114204338675,11.31000042,Togo,Sub-Saharan Africa ,Lower middle income,Lome,1.2255,6.1228,False
TGO,2017,4.00791259566937,872.076408845752,12.3602249692905,Togo,Sub-Saharan Africa ,Lower middle income,Lome,1.2255,6.1228,False
TGO,2018,4.79518333086139,942.480774393154,15.5,Togo,Sub-Saharan Africa ,Lower middle income,Lome,1.2255,6.1228,False
TGO,2019,4.91949260488683,917.718016777619,20.72730064,Togo,Sub-Saharan Africa ,Lower middle income,Lome,1.2255,6.1228,False
TGO,2020,2.15900131150536,961.219781201934,29.02370071,Togo,Sub-Saharan Africa ,Lower middle income,Lome,1.2255,6.1228,False
TGO,2021,5.13562929064506,1076.29520076949,30.33839989,Togo,Sub-Saharan Africa ,Lower middle income,Lome,1.2255,6.1228,False
TGO,2022,6.29443692019429,1071.61539220759,35.60749817,Togo,Sub-Saharan Africa ,Lower middle income,Lome,1.2255,6.1228,False
TGO,2023,6.19762969378132,1182.32951436696,37.57020187,Togo,Sub-Saharan Africa ,Lower middle income,Lome,1.2255,6.1228,False
TGO,2024,6.52651376797853,1266.08777721447,39.48320007,Togo,Sub-Saharan Africa ,Lower middle income,Lome,1.2255,6.1228,False
THA,2000,4.45524704335014,2005.97694514234,3.68904127944164,Thailand,East Asia & Pacific,Upper middle income,Bangkok,100.521,13.7308,False
THA,2001,3.44424900968372,1889.93432467144,5.55632612097332,Thailand,East Asia & Pacific,Upper middle income,Bangkok,100.521,13.7308,False
THA,2002,6.14903605210036,2089.75183111554,7.53125033488567,Thailand,East Asia & Pacific,Upper middle income,Bangkok,100.521,13.7308,False
THA,2003,7.18924330340971,2347.54001286066,9.29902723805965,Thailand,East Asia & Pacific,Upper middle income,Bangkok,100.521,13.7308,False
THA,2004,6.28934214285795,2641.56268717857,10.6773033237281,Thailand,East Asia & Pacific,Upper middle income,Bangkok,100.521,13.7308,False
THA,2005,4.18763842884337,2867.70383436062,15.0260043588909,Thailand,East Asia & Pacific,Upper middle income,Bangkok,100.521,13.7308,False
THA,2006,4.96781089246107,3331.32043511773,17.1607147169285,Thailand,East Asia & Pacific,Upper middle income,Bangkok,100.521,13.7308,False
THA,2007,5.43515169050809,3918.52817434581,20.03,Thailand,East Asia & Pacific,Upper middle income,Bangkok,100.521,13.7308,False
THA,2008,1.72569884866334,4309.13509292986,18.2,Thailand,East Asia & Pacific,Upper middle income,Bangkok,100.521,13.7308,False
THA,2009,-0.690618232300579,4135.43986952819,20.1,Thailand,East Asia & Pacific,Upper middle income,Bangkok,100.521,13.7308,False
THA,2010,7.51339053261624,4973.86288823778,22.4,Thailand,East Asia & Pacific,Upper middle income,Bangkok,100.521,13.7308,False
THA,2011,0.840132083053334,5373.6232832898,23.669925618731,Thailand,East Asia & Pacific,Upper middle income,Bangkok,100.521,13.7308,False
THA,2012,7.24279620249642,5725.52802835463,26.46,Thailand,East Asia & Pacific,Upper middle income,Bangkok,100.521,13.7308,False
THA,2013,2.68749556320556,6018.08244729255,28.94,Thailand,East Asia & Pacific,Upper middle income,Bangkok,100.521,13.7308,False
THA,2014,0.984468863619426,5801.1978916205,34.8860535783465,Thailand,East Asia & Pacific,Upper middle income,Bangkok,100.521,13.7308,False
THA,2015,3.13404724911635,5688.85335397884,39.3161267365004,Thailand,East Asia & Pacific,Upper middle income,Bangkok,100.521,13.7308,False
THA,2016,3.43515771692182,5833.57715617098,47.5049656215909,Thailand,East Asia & Pacific,Upper middle income,Bangkok,100.521,13.7308,False
THA,2017,4.1776810321001,6413.09182530343,52.8919293439676,Thailand,East Asia & Pacific,Upper middle income,Bangkok,100.521,13.7308,False
THA,2018,4.22287028746071,7099.77650081458,56.8174809301456,Thailand,East Asia & Pacific,Upper middle income,Bangkok,100.521,13.7308,False
THA,2019,2.11455779628278,7605.69657797759,66.6524194587528,Thailand,East Asia & Pacific,Upper middle income,Bangkok,100.521,13.7308,False
THA,2020,-6.09306312966953,6983.03412836245,77.84374066,Thailand,East Asia & Pacific,Upper middle income,Bangkok,100.521,13.7308,False
THA,2021,1.55858232076893,7055.18760721422,85.26956666,Thailand,East Asia & Pacific,Upper middle income,Bangkok,100.521,13.7308,False
THA,2022,2.63784213566305,6910.00995211206,87.97724503,Thailand,East Asia & Pacific,Upper middle income,Bangkok,100.521,13.7308,False
THA,2023,2.24883437970568,7210.54130832685,89.53525238,Thailand,East Asia & Pacific,Upper middle income,Bangkok,100.521,13.7308,False
THA,2024,2.94859986593323,7386.63615126055,90.86718789,Thailand,East Asia & Pacific,Upper middle income,Bangkok,100.521,13.7308,False
TJK,2000,8.32432449473859,136.925716400723,0.048599594582182,Tajikistan,Europe & Central Asia,Lower middle income,Dushanbe,68.7864,38.5878,False
TJK,2001,9.58083617842951,168.676285365186,0.0512591325352927,Tajikistan,Europe & Central Asia,Lower middle income,Dushanbe,68.7864,38.5878,False
TJK,2002,10.8000037591665,186.951638285222,0.0554628269910006,Tajikistan,Europe & Central Asia,Lower middle income,Dushanbe,68.7864,38.5878,False
TJK,2003,10.9999990780572,233.58124845289,0.0645837771508553,Tajikistan,Europe & Central Asia,Lower middle income,Dushanbe,68.7864,38.5878,False
TJK,2004,10.2999989410117,305.745158587502,0.0774799071356825,Tajikistan,Europe & Central Asia,Lower middle income,Dushanbe,68.7864,38.5878,False
TJK,2005,6.69999851655409,333.927150941684,0.298690023682825,Tajikistan,Europe & Central Asia,Lower middle income,Dushanbe,68.7864,38.5878,False
TJK,2006,7.00000321108996,401.018403316427,3.77240620666448,Tajikistan,Europe & Central Asia,Lower middle income,Dushanbe,68.7864,38.5878,False
TJK,2007,7.80000011872161,516.997210618914,7.19761951797855,Tajikistan,Europe & Central Asia,Lower middle income,Dushanbe,68.7864,38.5878,False
TJK,2008,7.89999827154939,703.327375898643,8.78,Tajikistan,Europe & Central Asia,Lower middle income,Dushanbe,68.7864,38.5878,False
TJK,2009,3.90000114826496,664.795655734657,10.07,Tajikistan,Europe & Central Asia,Lower middle income,Dushanbe,68.7864,38.5878,False
TJK,2010,6.49999908585235,737.338883219356,11.55000019,Tajikistan,Europe & Central Asia,Lower middle income,Dushanbe,68.7864,38.5878,False
TJK,2011,7.40000059956711,833.601978202852,13.02999973,Tajikistan,Europe & Central Asia,Lower middle income,Dushanbe,68.7864,38.5878,False
TJK,2012,7.49999946321525,952.452819695469,14.51000023,Tajikistan,Europe & Central Asia,Lower middle income,Dushanbe,68.7864,38.5878,False
TJK,2013,7.39999974700379,1028.19704279396,16.0,Tajikistan,Europe & Central Asia,Lower middle income,Dushanbe,68.7864,38.5878,False
TJK,2014,6.70000069016253,1081.54402932039,17.48999977,Tajikistan,Europe & Central Asia,Lower middle income,Dushanbe,68.7864,38.5878,False
TJK,2015,6.01930331771186,956.916310930656,18.97999954,Tajikistan,Europe & Central Asia,Lower middle income,Dushanbe,68.7864,38.5878,False
TJK,2016,6.89999999999999,788.710481734485,20.46999931,Tajikistan,Europe & Central Asia,Lower middle income,Dushanbe,68.7864,38.5878,False
TJK,2017,7.10000041864309,829.45714764957,21.95999908,Tajikistan,Europe & Central Asia,Lower middle income,Dushanbe,68.7864,38.5878,False
TJK,2018,7.5999988895536,834.288404578801,32.59999847,Tajikistan,Europe & Central Asia,Lower middle income,Dushanbe,68.7864,38.5878,False
TJK,2019,7.40000016310556,871.022372934846,22.68630028,Tajikistan,Europe & Central Asia,Lower middle income,Dushanbe,68.7864,38.5878,False
TJK,2020,4.40000111553493,834.311715460625,27.54409981,Tajikistan,Europe & Central Asia,Lower middle income,Dushanbe,68.7864,38.5878,False
TJK,2021,9.39999955037523,896.748053372182,36.70560074,Tajikistan,Europe & Central Asia,Lower middle income,Dushanbe,68.7864,38.5878,False
TJK,2022,8.00000033846364,1052.17949484894,48.91429901,Tajikistan,Europe & Central Asia,Lower middle income,Dushanbe,68.7864,38.5878,False
TJK,2023,8.29999921651935,1178.47990060249,54.41550064,Tajikistan,Europe & Central Asia,Lower middle income,Dushanbe,68.7864,38.5878,False
TJK,2024,8.39999980983981,1362.02559981695,55.79339981,Tajikistan,Europe & Central Asia,Lower middle income,Dushanbe,68.7864,38.5878,False
TKM,2000,5.46906425232281,633.835487638011,0.13328218259348,Turkmenistan,Europe & Central Asia,Upper middle income,Ashgabat,58.3794,37.9509,False
TKM,2001,4.34384545203714,756.034976276398,0.175209517731422,Turkmenistan,Europe & Central Asia,Upper middle income,Ashgabat,58.3794,37.9509,False
TKM,2002,0.257179997445405,935.540801478466,0.302132016152841,Turkmenistan,Europe & Central Asia,Upper middle income,Ashgabat,58.3794,37.9509,False
TKM,2003,3.2688286670479,1228.94870289404,0.425182631884743,Turkmenistan,Europe & Central Asia,Upper middle income,Ashgabat,58.3794,37.9509,False
TKM,2004,5.00040735874585,1379.23009682692,0.754053982724623,Turkmenistan,Europe & Central Asia,Upper middle income,Ashgabat,58.3794,37.9509,False
TKM,2005,13.0340347988606,1604.01618452312,0.997300029,Turkmenistan,Europe & Central Asia,Upper middle income,Ashgabat,58.3794,37.9509,False
TKM,2006,10.9733082952862,1996.59310717308,1.3195731180963,Turkmenistan,Europe & Central Asia,Upper middle income,Ashgabat,58.3794,37.9509,False
TKM,2007,11.0592995865825,2414.96071986964,1.40636068812023,Turkmenistan,Europe & Central Asia,Upper middle income,Ashgabat,58.3794,37.9509,False
TKM,2008,14.7000000144534,3605.50395120549,1.75,Turkmenistan,Europe & Central Asia,Upper middle income,Ashgabat,58.3794,37.9509,False
TKM,2009,6.10000001746145,3707.97850699617,1.950000048,Turkmenistan,Europe & Central Asia,Upper middle income,Ashgabat,58.3794,37.9509,False
TKM,2010,9.20000007329543,4058.53937000739,3.0,Turkmenistan,Europe & Central Asia,Upper middle income,Ashgabat,58.3794,37.9509,False
TKM,2011,14.7183120474814,5143.61929334647,5.0,Turkmenistan,Europe & Central Asia,Upper middle income,Ashgabat,58.3794,37.9509,False
TKM,2012,11.0508311776258,6053.8748468749,7.195799828,Turkmenistan,Europe & Central Asia,Upper middle income,Ashgabat,58.3794,37.9509,False
TKM,2013,10.1628450365084,6599.64529055481,9.600000381,Turkmenistan,Europe & Central Asia,Upper middle income,Ashgabat,58.3794,37.9509,False
TKM,2014,10.3497353947965,7164.14536184006,12.19999981,Turkmenistan,Europe & Central Asia,Upper middle income,Ashgabat,58.3794,37.9509,False
TKM,2015,6.45254918531575,5759.497903834,14.99680042,Turkmenistan,Europe & Central Asia,Upper middle income,Ashgabat,58.3794,37.9509,False
TKM,2016,6.22909997062793,5238.00827202546,17.99029922,Turkmenistan,Europe & Central Asia,Upper middle income,Ashgabat,58.3794,37.9509,False
TKM,2017,6.45138358820188,5125.54920055808,,Turkmenistan,Europe & Central Asia,Upper middle income,Ashgabat,58.3794,37.9509,False
TKM,2018,6.20602363832646,3911.98557297865,,Turkmenistan,Europe & Central Asia,Upper middle income,Ashgabat,58.3794,37.9509,False
TKM,2019,6.33169567608873,4365.1152919542,,Turkmenistan,Europe & Central Asia,Upper middle income,Ashgabat,58.3794,37.9509,False
TKM,2020,5.87065623130427,3935.37749365223,,Turkmenistan,Europe & Central Asia,Upper middle income,Ashgabat,58.3794,37.9509,False
TKM,2021,6.15115785574542,3713.20113171765,,Turkmenistan,Europe & Central Asia,Upper middle income,Ashgabat,58.3794,37.9509,False
TKM,2022,6.23491365071671,5198.18947409551,,Turkmenistan,Europe & Central Asia,Upper middle income,Ashgabat,58.3794,37.9509,False
TKM,2023,6.31879850268643,5298.46421949276,,Turkmenistan,Europe & Central Asia,Upper middle income,Ashgabat,58.3794,37.9509,False
TKM,2024,6.28235647996578,5904.25772576512,,Turkmenistan,Europe & Central Asia,Upper middle income,Ashgabat,58.3794,37.9509,False
TLS,2000,58.0780959334582,492.457669429651,,Timor-Leste,East Asia & Pacific,Lower middle income,Dili,125.567,-8.56667,True
TLS,2001,16.3476940466477,587.700692767858,,Timor-Leste,East Asia & Pacific,Lower middle income,Dili,125.567,-8.56667,True
TLS,2002,-6.70069541098115,533.982476434866,0.0,Timor-Leste,East Asia & Pacific,Lower middle income,Dili,125.567,-8.56667,True
TLS,2003,-2.18226413236545,534.901153697657,,Timor-Leste,East Asia & Pacific,Lower middle income,Dili,125.567,-8.56667,True
TLS,2004,0.400003981151968,474.420767344689,,Timor-Leste,East Asia & Pacific,Lower middle income,Dili,125.567,-8.56667,True
TLS,2005,2.98457963807486,487.464555404292,0.0990317678179026,Timor-Leste,East Asia & Pacific,Lower middle income,Dili,125.567,-8.56667,True
TLS,2006,-4.11609268942114,464.667001844159,0.5,Timor-Leste,East Asia & Pacific,Lower middle income,Dili,125.567,-8.56667,True
TLS,2007,10.2653884542201,540.154584237662,1.0,Timor-Leste,East Asia & Pacific,Lower middle income,Dili,125.567,-8.56667,True
TLS,2008,11.3948048266465,628.153219252849,1.5,Timor-Leste,East Asia & Pacific,Lower middle income,Dili,125.567,-8.56667,True
TLS,2009,10.1469544183475,686.579295832381,2.0,Timor-Leste,East Asia & Pacific,Lower middle income,Dili,125.567,-8.56667,True
TLS,2010,9.33149490201264,813.060177250597,3.0,Timor-Leste,East Asia & Pacific,Lower middle income,Dili,125.567,-8.56667,True
TLS,2011,5.95855605611087,939.045241112693,4.0,Timor-Leste,East Asia & Pacific,Lower middle income,Dili,125.567,-8.56667,True
TLS,2012,4.86062186827468,1022.61903188429,7.0,Timor-Leste,East Asia & Pacific,Lower middle income,Dili,125.567,-8.56667,True
TLS,2013,3.10436683211147,1204.56841532931,11.0,Timor-Leste,East Asia & Pacific,Lower middle income,Dili,125.567,-8.56667,True
TLS,2014,4.47249846569638,1224.74957758801,17.5,Timor-Leste,East Asia & Pacific,Lower middle income,Dili,125.567,-8.56667,True
TLS,2015,2.48004040218397,1319.59297370991,18.60000038,Timor-Leste,East Asia & Pacific,Lower middle income,Dili,125.567,-8.56667,True
TLS,2016,3.00993062553351,1335.54390089814,21.20000076,Timor-Leste,East Asia & Pacific,Lower middle income,Dili,125.567,-8.56667,True
TLS,2017,-3.18241522489195,1266.17767952941,24.20000076,Timor-Leste,East Asia & Pacific,Lower middle income,Dili,125.567,-8.56667,True
TLS,2018,-0.466502170658785,1219.46598597604,27.60000038,Timor-Leste,East Asia & Pacific,Lower middle income,Dili,125.567,-8.56667,True
TLS,2019,24.2128840085001,1562.36458881813,28.00460052,Timor-Leste,East Asia & Pacific,Lower middle income,Dili,125.567,-8.56667,True
TLS,2020,31.7257416721413,1630.86935439232,32.01269913,Timor-Leste,East Asia & Pacific,Lower middle income,Dili,125.567,-8.56667,True
TLS,2021,5.36980119392668,2684.92673717299,35.04199982,Timor-Leste,East Asia & Pacific,Lower middle income,Dili,125.567,-8.56667,True
TLS,2022,-20.5224802314812,2343.24955542816,,Timor-Leste,East Asia & Pacific,Lower middle income,Dili,125.567,-8.56667,True
TLS,2023,-18.1359049134472,1502.4114958903,,Timor-Leste,East Asia & Pacific,Lower middle income,Dili,125.567,-8.56667,True
TLS,2024,-9.10069289810397,1331.9705130185,,Timor-Leste,East Asia & Pacific,Lower middle income,Dili,125.567,-8.56667,True
TON,2000,3.75409745006452,1995.07667546271,2.4343980443669,Tonga,East Asia & Pacific,Upper middle income,Nuku'alofa,-175.216,-21.136,False
TON,2001,1.49248125545273,1753.51667576626,2.82537183911525,Tonga,East Asia & Pacific,Upper middle income,Nuku'alofa,-175.216,-21.136,False
TON,2002,4.4292235994526,1759.4805324576,2.90729731626382,Tonga,East Asia & Pacific,Upper middle income,Nuku'alofa,-175.216,-21.136,False
TON,2003,0.0518054450729011,1936.04104012389,2.98581736750435,Tonga,East Asia & Pacific,Upper middle income,Nuku'alofa,-175.216,-21.136,False
TON,2004,-1.96794740326561,2195.44890047673,3.95237389457043,Tonga,East Asia & Pacific,Upper middle income,Nuku'alofa,-175.216,-21.136,False
TON,2005,-0.657650703495165,2477.72620144825,4.907800198,Tonga,East Asia & Pacific,Upper middle income,Nuku'alofa,-175.216,-21.136,False
TON,2006,-2.16566342680382,2750.34778600857,5.853899956,Tonga,East Asia & Pacific,Upper middle income,Nuku'alofa,-175.216,-21.136,False
TON,2007,-2.46430779100223,2797.06560109144,7.179900169,Tonga,East Asia & Pacific,Upper middle income,Nuku'alofa,-175.216,-21.136,False
TON,2008,4.86284132376997,3218.45303993196,8.11076994380395,Tonga,East Asia & Pacific,Upper middle income,Nuku'alofa,-175.216,-21.136,False
TON,2009,-5.12917819150532,2914.23774004564,10.0,Tonga,East Asia & Pacific,Upper middle income,Nuku'alofa,-175.216,-21.136,False
TON,2010,0.824396914081831,3416.08356601207,16.0,Tonga,East Asia & Pacific,Upper middle income,Nuku'alofa,-175.216,-21.136,False
TON,2011,6.70369746238768,3849.99375750134,25.0,Tonga,East Asia & Pacific,Upper middle income,Nuku'alofa,-175.216,-21.136,False
TON,2012,0.919761024923076,4384.17058724217,30.0,Tonga,East Asia & Pacific,Upper middle income,Nuku'alofa,-175.216,-21.136,False
TON,2013,0.393922530137331,4219.24670113014,32.75400162,Tonga,East Asia & Pacific,Upper middle income,Nuku'alofa,-175.216,-21.136,False
TON,2014,1.99053769890816,4136.59010898445,35.95439911,Tonga,East Asia & Pacific,Upper middle income,Nuku'alofa,-175.216,-21.136,False
TON,2015,1.11374402398066,4123.90347238813,38.65129852,Tonga,East Asia & Pacific,Upper middle income,Nuku'alofa,-175.216,-21.136,False
TON,2016,6.59869879417958,3987.98618837043,39.95000076,Tonga,East Asia & Pacific,Upper middle income,Nuku'alofa,-175.216,-21.136,False
TON,2017,3.20231976224244,4365.92929788648,46.20080185,Tonga,East Asia & Pacific,Upper middle income,Nuku'alofa,-175.216,-21.136,False
TON,2018,0.527828083180253,4675.04776047973,48.80789948,Tonga,East Asia & Pacific,Upper middle income,Nuku'alofa,-175.216,-21.136,False
TON,2019,-0.285210784299821,4788.83350468584,51.56299973,Tonga,East Asia & Pacific,Upper middle income,Nuku'alofa,-175.216,-21.136,False
TON,2020,1.80618715298932,4792.35872413906,54.47370148,Tonga,East Asia & Pacific,Upper middle income,Nuku'alofa,-175.216,-21.136,False
TON,2021,-0.934919892094683,4922.8015864044,57.549,Tonga,East Asia & Pacific,Upper middle income,Nuku'alofa,-175.216,-21.136,False
TON,2022,-2.12854876486114,5298.01942454298,61.60739899,Tonga,East Asia & Pacific,Upper middle income,Nuku'alofa,-175.216,-21.136,False
TON,2023,2.79014715494606,5651.59357939286,64.13140106,Tonga,East Asia & Pacific,Upper middle income,Nuku'alofa,-175.216,-21.136,False
TON,2024,1.71653807667747,6215.38990974121,67.4417038,Tonga,East Asia & Pacific,Upper middle income,Nuku'alofa,-175.216,-21.136,False
TTO,2000,6.90135959072803,6178.58975559687,7.72141147401745,Trinidad and Tobago,Latin America & Caribbean ,High income,Port-of-Spain,-61.4789,10.6596,False
TTO,2001,4.16852398185424,6657.41466937221,15.384627218944,Trinidad and Tobago,Latin America & Caribbean ,High income,Port-of-Spain,-61.4789,10.6596,False
TTO,2002,7.93670968715332,6762.93080808096,21.9986754804449,Trinidad and Tobago,Latin America & Caribbean ,High income,Port-of-Spain,-61.4789,10.6596,False
TTO,2003,14.4409895389734,8445.04653518298,25.9717641091609,Trinidad and Tobago,Latin America & Caribbean ,High income,Port-of-Spain,-61.4789,10.6596,False
TTO,2004,7.95005151069972,9871.03419820086,27.0242700782714,Trinidad and Tobago,Latin America & Caribbean ,High income,Port-of-Spain,-61.4789,10.6596,False
TTO,2005,6.20893787954175,12346.4373094075,28.97669983,Trinidad and Tobago,Latin America & Caribbean ,High income,Port-of-Spain,-61.4789,10.6596,False
TTO,2006,13.2080586051735,14152.6607422113,30.00370026,Trinidad and Tobago,Latin America & Caribbean ,High income,Port-of-Spain,-61.4789,10.6596,False
TTO,2007,4.75420970092722,16606.675360681,32.3,Trinidad and Tobago,Latin America & Caribbean ,High income,Port-of-Spain,-61.4789,10.6596,False
TTO,2008,3.39173707807387,21298.9945258063,34.8,Trinidad and Tobago,Latin America & Caribbean ,High income,Port-of-Spain,-61.4789,10.6596,False
TTO,2009,-4.3917292474614,14634.0565003912,44.3,Trinidad and Tobago,Latin America & Caribbean ,High income,Port-of-Spain,-61.4789,10.6596,False
TTO,2010,3.32322471027371,16815.424737361,48.5,Trinidad and Tobago,Latin America & Caribbean ,High income,Port-of-Spain,-61.4789,10.6596,False
TTO,2011,-0.294354409043763,19151.0870229722,55.2,Trinidad and Tobago,Latin America & Caribbean ,High income,Port-of-Spain,-61.4789,10.6596,False
TTO,2012,6.71074625448722,20332.1389531925,57.5,Trinidad and Tobago,Latin America & Caribbean ,High income,Port-of-Spain,-61.4789,10.6596,False
TTO,2013,3.36819291689019,21304.9777496628,59.90000153,Trinidad and Tobago,Latin America & Caribbean ,High income,Port-of-Spain,-61.4789,10.6596,False
TTO,2014,3.67086851032413,21908.3014555644,62.40000153,Trinidad and Tobago,Latin America & Caribbean ,High income,Port-of-Spain,-61.4789,10.6596,False
TTO,2015,-0.406283288730492,19887.2327716498,65.09999847,Trinidad and Tobago,Latin America & Caribbean ,High income,Port-of-Spain,-61.4789,10.6596,False
TTO,2016,-7.53636305379372,17449.1538801956,67.80000305,Trinidad and Tobago,Latin America & Caribbean ,High income,Port-of-Spain,-61.4789,10.6596,False
TTO,2017,-4.87274946918724,17566.0999700656,70.59999847,Trinidad and Tobago,Latin America & Caribbean ,High income,Port-of-Spain,-61.4789,10.6596,False
TTO,2018,-0.945449700943314,17571.498737278,72.76029968,Trinidad and Tobago,Latin America & Caribbean ,High income,Port-of-Spain,-61.4789,10.6596,False
TTO,2019,0.467734528855885,17212.6128892163,74.98670197,Trinidad and Tobago,Latin America & Caribbean ,High income,Port-of-Spain,-61.4789,10.6596,False
TTO,2020,-8.78879817831519,15283.6270531554,77.28130341,Trinidad and Tobago,Latin America & Caribbean ,High income,Port-of-Spain,-61.4789,10.6596,False
TTO,2021,-0.716740625909793,17712.5674104655,84.36576986,Trinidad and Tobago,Latin America & Caribbean ,High income,Port-of-Spain,-61.4789,10.6596,False
TTO,2022,0.86126082651883,20750.5202434652,81.69760132,Trinidad and Tobago,Latin America & Caribbean ,High income,Port-of-Spain,-61.4789,10.6596,False
TTO,2023,1.46645947294053,18308.4536298575,81.9681015,Trinidad and Tobago,Latin America & Caribbean ,High income,Port-of-Spain,-61.4789,10.6596,False
TTO,2024,2.50920813979569,18733.4110406494,82.15989685,Trinidad and Tobago,Latin America & Caribbean ,High income,Port-of-Spain,-61.4789,10.6596,False
TUN,2000,4.7099729138049,2199.04465936314,2.75074029298135,Tunisia,"Middle East, North Africa, Afghanistan & Pakistan",Lower middle income,Tunis,10.21,36.7899,False
TUN,2001,3.79627166202512,2235.71981624751,4.29796603474685,Tunisia,"Middle East, North Africa, Afghanistan & Pakistan",Lower middle income,Tunis,10.21,36.7899,False
TUN,2002,1.32255714828946,2320.7723805785,5.25288729548421,Tunisia,"Middle East, North Africa, Afghanistan & Pakistan",Lower middle income,Tunis,10.21,36.7899,False
TUN,2003,4.70239953285241,2725.8643148859,6.49084579532797,Tunisia,"Middle East, North Africa, Afghanistan & Pakistan",Lower middle income,Tunis,10.21,36.7899,False
TUN,2004,6.23579072222647,3067.41936376975,8.52881775162591,Tunisia,"Middle East, North Africa, Afghanistan & Pakistan",Lower middle income,Tunis,10.21,36.7899,False
TUN,2005,3.4865455430439,3146.8260743927,9.655099869,Tunisia,"Middle East, North Africa, Afghanistan & Pakistan",Lower middle income,Tunis,10.21,36.7899,False
TUN,2006,5.24409983246916,3322.56933570096,12.98639965,Tunisia,"Middle East, North Africa, Afghanistan & Pakistan",Lower middle income,Tunis,10.21,36.7899,False
TUN,2007,6.70952097453554,3726.91672935667,17.1,Tunisia,"Middle East, North Africa, Afghanistan & Pakistan",Lower middle income,Tunis,10.21,36.7899,False
TUN,2008,4.23778147502819,4255.05008019523,27.53,Tunisia,"Middle East, North Africa, Afghanistan & Pakistan",Lower middle income,Tunis,10.21,36.7899,False
TUN,2009,3.04345012371552,4080.09032448781,34.07,Tunisia,"Middle East, North Africa, Afghanistan & Pakistan",Lower middle income,Tunis,10.21,36.7899,False
TUN,2010,2.97113275066512,4291.86120891575,36.8,Tunisia,"Middle East, North Africa, Afghanistan & Pakistan",Lower middle income,Tunis,10.21,36.7899,False
TUN,2011,-2.04663389535644,4420.64772206537,39.1,Tunisia,"Middle East, North Africa, Afghanistan & Pakistan",Lower middle income,Tunis,10.21,36.7899,False
TUN,2012,4.21667711535632,4297.26782454273,41.4416008,Tunisia,"Middle East, North Africa, Afghanistan & Pakistan",Lower middle income,Tunis,10.21,36.7899,False
TUN,2013,2.42993096446429,4369.79345826358,43.79999924,Tunisia,"Middle East, North Africa, Afghanistan & Pakistan",Lower middle income,Tunis,10.21,36.7899,False
TUN,2014,3.09032803070775,4458.97895464547,46.15999985,Tunisia,"Middle East, North Africa, Afghanistan & Pakistan",Lower middle income,Tunis,10.21,36.7899,False
TUN,2015,0.967834205635981,4014.94773686432,46.4999943435776,Tunisia,"Middle East, North Africa, Afghanistan & Pakistan",Lower middle income,Tunis,10.21,36.7899,False
TUN,2016,1.117231963992,3847.80354448809,49.5999948415756,Tunisia,"Middle East, North Africa, Afghanistan & Pakistan",Lower middle income,Tunis,10.21,36.7899,False
TUN,2017,2.25261437620587,3619.03247319953,55.5001550633671,Tunisia,"Middle East, North Africa, Afghanistan & Pakistan",Lower middle income,Tunis,10.21,36.7899,False
TUN,2018,2.60696965356362,3628.10366464236,64.1908102327387,Tunisia,"Middle East, North Africa, Afghanistan & Pakistan",Lower middle income,Tunis,10.21,36.7899,False
TUN,2019,1.55009304966742,3528.87213306798,66.6999983024144,Tunisia,"Middle East, North Africa, Afghanistan & Pakistan",Lower middle income,Tunis,10.21,36.7899,False
TUN,2020,-8.97512622934723,3548.65363663803,68.55639648,Tunisia,"Middle East, North Africa, Afghanistan & Pakistan",Lower middle income,Tunis,10.21,36.7899,False
TUN,2021,4.73603648206102,3906.93926319391,68.31552226,Tunisia,"Middle East, North Africa, Afghanistan & Pakistan",Lower middle income,Tunis,10.21,36.7899,False
TUN,2022,2.75228761004381,3707.29283414381,,Tunisia,"Middle East, North Africa, Afghanistan & Pakistan",Lower middle income,Tunis,10.21,36.7899,False
TUN,2023,0.184015548469745,3951.11683376921,,Tunisia,"Middle East, North Africa, Afghanistan & Pakistan",Lower middle income,Tunis,10.21,36.7899,False
TUN,2024,1.61444564976986,4187.64079392362,76.5,Tunisia,"Middle East, North Africa, Afghanistan & Pakistan",Lower middle income,Tunis,10.21,36.7899,False
TUR,2000,6.98528697817062,4199.3798635759,3.761685035075,Turkiye,Europe & Central Asia,Upper middle income,Ankara,32.3606,39.7153,False
TUR,2001,-5.45940838563062,3052.2256706793,5.18948146078506,Turkiye,Europe & Central Asia,Upper middle income,Ankara,32.3606,39.7153,False
TUR,2002,6.43550883793114,3591.08628982587,11.38,Turkiye,Europe & Central Asia,Upper middle income,Ankara,32.3606,39.7153,False
TUR,2003,5.79909321038525,4649.63668068586,12.33,Turkiye,Europe & Central Asia,Upper middle income,Ankara,32.3606,39.7153,False
TUR,2004,9.92540551918624,5979.6054216148,14.58,Turkiye,Europe & Central Asia,Upper middle income,Ankara,32.3606,39.7153,False
TUR,2005,9.11157745861635,7331.85429430255,15.46,Turkiye,Europe & Central Asia,Upper middle income,Ankara,32.3606,39.7153,False
TUR,2006,7.06762607623939,7990.08251407245,18.24,Turkiye,Europe & Central Asia,Upper middle income,Ankara,32.3606,39.7153,False
TUR,2007,5.10818513903604,9766.91734545294,28.63,Turkiye,Europe & Central Asia,Upper middle income,Ankara,32.3606,39.7153,False
TUR,2008,0.920118221365883,10913.4079047769,34.37,Turkiye,Europe & Central Asia,Upper middle income,Ankara,32.3606,39.7153,False
TUR,2009,-4.88269401706633,9076.92472236977,36.4,Turkiye,Europe & Central Asia,Upper middle income,Ankara,32.3606,39.7153,False
TUR,2010,8.54219848467686,10698.9699409757,39.82,Turkiye,Europe & Central Asia,Upper middle income,Ankara,32.3606,39.7153,False
TUR,2011,10.9799625273598,11373.6355760885,43.065710430925,Turkiye,Europe & Central Asia,Upper middle income,Ankara,32.3606,39.7153,False
TUR,2012,4.80762696633448,11776.7593362033,45.13,Turkiye,Europe & Central Asia,Upper middle income,Ankara,32.3606,39.7153,False
TUR,2013,8.48825689298511,12635.5570016068,46.25,Turkiye,Europe & Central Asia,Upper middle income,Ankara,32.3606,39.7153,False
TUR,2014,4.60079447270559,12209.3862327674,51.0373665521645,Turkiye,Europe & Central Asia,Upper middle income,Ankara,32.3606,39.7153,False
TUR,2015,5.80557386628684,11064.6494504662,53.7449791423583,Turkiye,Europe & Central Asia,Upper middle income,Ankara,32.3606,39.7153,False
TUR,2016,3.32366508200445,10984.3643169061,58.3477340145685,Turkiye,Europe & Central Asia,Upper middle income,Ankara,32.3606,39.7153,False
TUR,2017,7.82585730002594,10756.3877677883,64.6846176835371,Turkiye,Europe & Central Asia,Upper middle income,Ankara,32.3606,39.7153,False
TUR,2018,3.46815306092219,9684.11819884721,71.0427608433809,Turkiye,Europe & Central Asia,Upper middle income,Ankara,32.3606,39.7153,False
TUR,2019,1.30162365464503,9395.23378001368,73.9767022871511,Turkiye,Europe & Central Asia,Upper middle income,Ankara,32.3606,39.7153,False
TUR,2020,1.80306247087255,8798.11791709313,77.6695605,Turkiye,Europe & Central Asia,Upper middle income,Ankara,32.3606,39.7153,False
TUR,2021,11.811094450607,9981.76398411336,81.40843745,Turkiye,Europe & Central Asia,Upper middle income,Ankara,32.3606,39.7153,False
TUR,2022,5.44122511322401,10897.8397861365,83.43716576,Turkiye,Europe & Central Asia,Upper middle income,Ankara,32.3606,39.7153,False
TUR,2023,5.04512369812289,13375.0947282864,85.96074155,Turkiye,Europe & Central Asia,Upper middle income,Ankara,32.3606,39.7153,False
TUR,2024,3.3276230893799,15892.7157287241,87.3078767,Turkiye,Europe & Central Asia,Upper middle income,Ankara,32.3606,39.7153,False
TUV,2000,-0.924982787727885,1559.22072281826,5.24163958486214,Tuvalu,East Asia & Pacific,Upper middle income,Funafuti,179.089567,-8.6314877,True
TUV,2001,0.695632721154311,1475.03705936258,5.7,Tuvalu,East Asia & Pacific,Upper middle income,Funafuti,179.089567,-8.6314877,True
TUV,2002,8.31734087106138,1729.16968588975,6.3,Tuvalu,East Asia & Pacific,Upper middle income,Funafuti,179.089567,-8.6314877,True
TUV,2003,-4.35078593434982,2020.10103886055,6.9,Tuvalu,East Asia & Pacific,Upper middle income,Funafuti,179.089567,-8.6314877,True
TUV,2004,-1.88813964522959,2330.77403351989,7.6,Tuvalu,East Asia & Pacific,Upper middle income,Funafuti,179.089567,-8.6314877,True
TUV,2005,-3.74664896498648,2298.44257265761,8.300000191,Tuvalu,East Asia & Pacific,Upper middle income,Funafuti,179.089567,-8.6314877,True
TUV,2006,1.30103846348952,2413.97836453913,9.100000381,Tuvalu,East Asia & Pacific,Upper middle income,Funafuti,179.089567,-8.6314877,True
TUV,2007,6.90547330117343,2803.75365477849,10.0,Tuvalu,East Asia & Pacific,Upper middle income,Funafuti,179.089567,-8.6314877,True
TUV,2008,6.57919977159274,3062.00125965971,11.19999981,Tuvalu,East Asia & Pacific,Upper middle income,Funafuti,179.089567,-8.6314877,True
TUV,2009,-5.61992222980298,2662.42865634448,12.80000019,Tuvalu,East Asia & Pacific,Upper middle income,Funafuti,179.089567,-8.6314877,True
TUV,2010,-2.46826250374198,3054.96154183353,14.60000038,Tuvalu,East Asia & Pacific,Upper middle income,Funafuti,179.089567,-8.6314877,True
TUV,2011,7.52010985962886,3679.5325726267,16.5,Tuvalu,East Asia & Pacific,Upper middle income,Funafuti,179.089567,-8.6314877,True
TUV,2012,-2.8527626821171,3558.89749224226,18.70000076,Tuvalu,East Asia & Pacific,Upper middle income,Funafuti,179.089567,-8.6314877,True
TUV,2013,3.80502330116951,3524.00277634143,21.20000076,Tuvalu,East Asia & Pacific,Upper middle income,Funafuti,179.089567,-8.6314877,True
TUV,2014,1.66722583350807,3518.13249227107,24.10000038,Tuvalu,East Asia & Pacific,Upper middle income,Funafuti,179.089567,-8.6314877,True
TUV,2015,9.37896384662504,3352.66722400181,27.29999924,Tuvalu,East Asia & Pacific,Upper middle income,Funafuti,179.089567,-8.6314877,True
TUV,2016,4.77650497336539,3779.15293916285,31.0,Tuvalu,East Asia & Pacific,Upper middle income,Funafuti,179.089567,-8.6314877,True
TUV,2017,3.26802914033142,4166.79162422818,35.20000076,Tuvalu,East Asia & Pacific,Upper middle income,Funafuti,179.089567,-8.6314877,True
TUV,2018,1.38668386152332,4467.21144027065,,Tuvalu,East Asia & Pacific,Upper middle income,Funafuti,179.089567,-8.6314877,True
TUV,2019,13.4465048163198,5058.85266607659,,Tuvalu,East Asia & Pacific,Upper middle income,Funafuti,179.089567,-8.6314877,True
TUV,2020,-3.03030303030303,5029.57159284173,,Tuvalu,East Asia & Pacific,Upper middle income,Funafuti,179.089567,-8.6314877,True
TUV,2021,0.0,6042.51983141155,,Tuvalu,East Asia & Pacific,Upper middle income,Funafuti,179.089567,-8.6314877,True
TUV,2022,-10.9375,5414.74642912412,,Tuvalu,East Asia & Pacific,Upper middle income,Funafuti,179.089567,-8.6314877,True
TUV,2023,3.50877192982458,5143.8397437226,,Tuvalu,East Asia & Pacific,Upper middle income,Funafuti,179.089567,-8.6314877,True
TUV,2024,3.38983050847457,5883.50257114002,,Tuvalu,East Asia & Pacific,Upper middle income,Funafuti,179.089567,-8.6314877,True
TZA,2000,4.52078463603256,401.698150634766,0.11719444010825,Tanzania,Sub-Saharan Africa ,Lower middle income,Dodoma,35.7382,-6.17486,False
TZA,2001,6.07080828734129,396.638732910156,0.171300350668948,Tanzania,Sub-Saharan Africa ,Lower middle income,Dodoma,35.7382,-6.17486,False
TZA,2002,7.09319498355502,402.649047851563,0.222484413923909,Tanzania,Sub-Saharan Africa ,Lower middle income,Dodoma,35.7382,-6.17486,False
TZA,2003,6.67278983053497,422.18359375,0.676962856510303,Tanzania,Sub-Saharan Africa ,Lower middle income,Dodoma,35.7382,-6.17486,False
TZA,2004,7.50381465859829,450.385284423828,0.87757497099259,Tanzania,Sub-Saharan Africa ,Lower middle income,Dodoma,35.7382,-6.17486,False
TZA,2005,7.47631925974784,483.334869384766,1.100000024,Tanzania,Sub-Saharan Africa ,Lower middle income,Dodoma,35.7382,-6.17486,False
TZA,2006,6.53222138847813,475.746734619141,1.299999952,Tanzania,Sub-Saharan Africa ,Lower middle income,Dodoma,35.7382,-6.17486,False
TZA,2007,6.76853520293716,543.198303222656,1.6,Tanzania,Sub-Saharan Africa ,Lower middle income,Dodoma,35.7382,-6.17486,False
TZA,2008,5.68641685905224,675.977233886719,1.899999976,Tanzania,Sub-Saharan Africa ,Lower middle income,Dodoma,35.7382,-6.17486,False
TZA,2009,5.26910524873463,693.823547363281,2.400000095,Tanzania,Sub-Saharan Africa ,Lower middle income,Dodoma,35.7382,-6.17486,False
TZA,2010,6.33652342666889,736.530151367188,2.900000095,Tanzania,Sub-Saharan Africa ,Lower middle income,Dodoma,35.7382,-6.17486,False
TZA,2011,7.67215543486064,775.392761230469,3.200000048,Tanzania,Sub-Saharan Africa ,Lower middle income,Dodoma,35.7382,-6.17486,False
TZA,2012,4.50015356010131,861.969909667969,3.950000048,Tanzania,Sub-Saharan Africa ,Lower middle income,Dodoma,35.7382,-6.17486,False
TZA,2013,6.78158560065316,963.05712890625,4.400000095,Tanzania,Sub-Saharan Africa ,Lower middle income,Dodoma,35.7382,-6.17486,False
TZA,2014,6.73246186832483,1022.74841308594,7.0,Tanzania,Sub-Saharan Africa ,Lower middle income,Dodoma,35.7382,-6.17486,False
TZA,2015,6.16062877406682,939.127319335938,10.0,Tanzania,Sub-Saharan Africa ,Lower middle income,Dodoma,35.7382,-6.17486,False
TZA,2016,6.86711619644551,953.0107421875,13.5042328468919,Tanzania,Sub-Saharan Africa ,Lower middle income,Dodoma,35.7382,-6.17486,False
TZA,2017,6.72726996832438,986.674011230469,14.46339989,Tanzania,Sub-Saharan Africa ,Lower middle income,Dodoma,35.7382,-6.17486,False
TZA,2018,5.50267599384966,1023.10626220703,15.49069977,Tanzania,Sub-Saharan Africa ,Lower middle income,Dodoma,35.7382,-6.17486,False
TZA,2019,5.79999999996723,1063.32250976563,16.59090042,Tanzania,Sub-Saharan Africa ,Lower middle income,Dodoma,35.7382,-6.17486,False
TZA,2020,1.99196460647855,1117.41528320313,19.48139954,Tanzania,Sub-Saharan Africa ,Lower middle income,Dodoma,35.7382,-6.17486,False
TZA,2021,4.32138429480482,1159.85656738281,22.87540054,Tanzania,Sub-Saharan Africa ,Lower middle income,Dodoma,35.7382,-6.17486,False
TZA,2022,4.56600576430955,1207.52062988281,26.86059952,Tanzania,Sub-Saharan Africa ,Lower middle income,Dodoma,35.7382,-6.17486,False
TZA,2023,5.06952353203394,1224.00219726563,28.43190002,Tanzania,Sub-Saharan Africa ,Lower middle income,Dodoma,35.7382,-6.17486,False
TZA,2024,5.5263138305945,1192.60668945313,31.16209984,Tanzania,Sub-Saharan Africa ,Lower middle income,Dodoma,35.7382,-6.17486,False
UGA,2000,3.141907338187,258.050338731086,0.163714063074854,Uganda,Sub-Saharan Africa ,Low income,Kampala,32.5729,0.314269,False
UGA,2001,5.18366112490236,236.021188853993,0.237945087191408,Uganda,Sub-Saharan Africa ,Low income,Kampala,32.5729,0.314269,False
UGA,2002,8.73268576440127,241.984688408335,0.384093504951945,Uganda,Sub-Saharan Africa ,Low income,Kampala,32.5729,0.314269,False
UGA,2003,6.47325867166543,250.71543664681,0.464849840113968,Uganda,Sub-Saharan Africa ,Low income,Kampala,32.5729,0.314269,False
UGA,2004,6.80723334361883,292.38185796262,0.719970679914031,Uganda,Sub-Saharan Africa ,Low income,Kampala,32.5729,0.314269,False
UGA,2005,6.33256511623156,330.405402707025,1.742200017,Uganda,Sub-Saharan Africa ,Low income,Kampala,32.5729,0.314269,False
UGA,2006,10.7847443857453,346.518255310647,2.52940011,Uganda,Sub-Saharan Africa ,Low income,Kampala,32.5729,0.314269,False
UGA,2007,8.41242596551071,401.389130865581,3.67196535074744,Uganda,Sub-Saharan Africa ,Low income,Kampala,32.5729,0.314269,False
UGA,2008,8.70875190154499,472.842681495852,3.880000114,Uganda,Sub-Saharan Africa ,Low income,Kampala,32.5729,0.314269,False
UGA,2009,6.80151734860395,798.947089938247,4.099999905,Uganda,Sub-Saharan Africa ,Low income,Kampala,32.5729,0.314269,False
UGA,2010,5.63761163749757,823.488144282,4.300000191,Uganda,Sub-Saharan Africa ,Low income,Kampala,32.5729,0.314269,False
UGA,2011,9.3916554927176,835.620060555838,4.599999905,Uganda,Sub-Saharan Africa ,Low income,Kampala,32.5729,0.314269,False
UGA,2012,3.83745560605229,795.222867553127,4.800000191,Uganda,Sub-Saharan Africa ,Low income,Kampala,32.5729,0.314269,False
UGA,2013,3.58690582623025,818.285427416713,5.099999905,Uganda,Sub-Saharan Africa ,Low income,Kampala,32.5729,0.314269,False
UGA,2014,5.10630732539796,896.054795546394,5.400000095,Uganda,Sub-Saharan Africa ,Low income,Kampala,32.5729,0.314269,False
UGA,2015,5.18785986002466,862.934610355811,5.699999809,Uganda,Sub-Saharan Africa ,Low income,Kampala,32.5729,0.314269,False
UGA,2016,4.78100029254482,752.696571725656,5.9,Uganda,Sub-Saharan Africa ,Low income,Kampala,32.5729,0.314269,False
UGA,2017,3.13140551723596,765.218332297361,7.417900085,Uganda,Sub-Saharan Africa ,Low income,Kampala,32.5729,0.314269,False
UGA,2018,6.30392378262997,792.16570022814,9.326299667,Uganda,Sub-Saharan Africa ,Low income,Kampala,32.5729,0.314269,False
UGA,2019,6.43874503276439,822.171150036357,11.72579956,Uganda,Sub-Saharan Africa ,Low income,Kampala,32.5729,0.314269,False
UGA,2020,2.95130642218098,845.766463890124,7.4,Uganda,Sub-Saharan Africa ,Low income,Kampala,32.5729,0.314269,False
UGA,2021,3.53658034070898,882.791717542504,10.0,Uganda,Sub-Saharan Africa ,Low income,Kampala,32.5729,0.314269,False
UGA,2022,4.58802192181773,963.067314117178,9.636899948,Uganda,Sub-Saharan Africa ,Low income,Kampala,32.5729,0.314269,False
UGA,2023,5.33697295511469,1002.30913917142,9.286999702,Uganda,Sub-Saharan Africa ,Low income,Kampala,32.5729,0.314269,False
UGA,2024,6.05558075875589,1077.91278438613,8.949831061,Uganda,Sub-Saharan Africa ,Low income,Kampala,32.5729,0.314269,False
UKR,2000,5.90000000024899,653.294311523438,0.716183762031043,Ukraine,Europe & Central Asia,Upper middle income,Kiev,30.5038,50.4536,True
UKR,2001,8.80000000367222,800.49072265625,1.23875954748114,Ukraine,Europe & Central Asia,Upper middle income,Kiev,30.5038,50.4536,True
UKR,2002,5.33964720719075,903.011901855469,1.87388511643427,Ukraine,Europe & Central Asia,Upper middle income,Kiev,30.5038,50.4536,True
UKR,2003,9.51660986436364,1076.48156738281,3.14812758815439,Ukraine,Europe & Central Asia,Upper middle income,Kiev,30.5038,50.4536,True
UKR,2004,11.7953525281136,1401.01806640625,3.4894778812677,Ukraine,Europe & Central Asia,Upper middle income,Kiev,30.5038,50.4536,True
UKR,2005,3.07123039245209,1875.33508300781,3.749799967,Ukraine,Europe & Central Asia,Upper middle income,Kiev,30.5038,50.4536,True
UKR,2006,7.57142076322967,2366.494140625,4.50612456357379,Ukraine,Europe & Central Asia,Upper middle income,Kiev,30.5038,50.4536,True
UKR,2007,8.21584445165715,3160.32763671875,6.55,Ukraine,Europe & Central Asia,Upper middle income,Kiev,30.5038,50.4536,True
UKR,2008,2.24349159628288,4017.806640625,11.0,Ukraine,Europe & Central Asia,Upper middle income,Kiev,30.5038,50.4536,True
UKR,2009,-15.1364679101502,2607.08764648438,17.9,Ukraine,Europe & Central Asia,Upper middle income,Kiev,30.5038,50.4536,True
UKR,2010,4.09200436668087,3039.63232421875,23.3,Ukraine,Europe & Central Asia,Upper middle income,Kiev,30.5038,50.4536,True
UKR,2011,5.44528081048476,3656.69799804688,28.7082628400713,Ukraine,Europe & Central Asia,Upper middle income,Kiev,30.5038,50.4536,True
UKR,2012,0.152314967200653,3951.34228515625,35.27,Ukraine,Europe & Central Asia,Upper middle income,Kiev,30.5038,50.4536,True
UKR,2013,0.045439094492707,4129.89697265625,40.954128997,Ukraine,Europe & Central Asia,Upper middle income,Kiev,30.5038,50.4536,True
UKR,2014,-10.0788949840953,3054.908203125,46.2359754571651,Ukraine,Europe & Central Asia,Upper middle income,Kiev,30.5038,50.4536,True
UKR,2015,-9.7729872128676,2094.47387695313,48.8846436813218,Ukraine,Europe & Central Asia,Upper middle income,Kiev,30.5038,50.4536,True
UKR,2016,2.44098194492067,2158.46118164063,53.0009695981884,Ukraine,Europe & Central Asia,Upper middle income,Kiev,30.5038,50.4536,True
UKR,2017,2.35997228099491,2604.28759765625,58.8894794459775,Ukraine,Europe & Central Asia,Upper middle income,Kiev,30.5038,50.4536,True
UKR,2018,3.48836234022659,3059.0517578125,62.5531553933869,Ukraine,Europe & Central Asia,Upper middle income,Kiev,30.5038,50.4536,True
UKR,2019,3.19950386354134,3619.86157226563,70.1248442995263,Ukraine,Europe & Central Asia,Upper middle income,Kiev,30.5038,50.4536,True
UKR,2020,-3.75281793983162,3709.76928710938,75.03790912,Ukraine,Europe & Central Asia,Upper middle income,Kiev,30.5038,50.4536,True
UKR,2021,3.44562065945944,4775.94580078125,79.21829353,Ukraine,Europe & Central Asia,Upper middle income,Kiev,30.5038,50.4536,True
UKR,2022,-28.7585842155085,4199.6708984375,80.47429657,Ukraine,Europe & Central Asia,Upper middle income,Kiev,30.5038,50.4536,True
UKR,2023,5.53473354963334,5139.59814453125,81.58059692,Ukraine,Europe & Central Asia,Upper middle income,Kiev,30.5038,50.4536,True
UKR,2024,3.24811808426423,5391.62255859375,82.47489929,Ukraine,Europe & Central Asia,Upper middle income,Kiev,30.5038,50.4536,True
URY,2000,-1.92993063549235,6987.70098766257,10.5390577480141,Uruguay,Latin America & Caribbean ,High income,Montevideo,-56.0675,-34.8941,False
URY,2001,-3.84412995940374,6382.76104740859,11.1214376832783,Uruguay,Latin America & Caribbean ,High income,Montevideo,-56.0675,-34.8941,False
URY,2002,-7.73200721540044,4149.76140312687,11.4194701966853,Uruguay,Latin America & Caribbean ,High income,Montevideo,-56.0675,-34.8941,False
URY,2003,0.805283915893824,3671.12329256883,15.9371367159756,Uruguay,Latin America & Caribbean ,High income,Montevideo,-56.0675,-34.8941,False
URY,2004,5.00416035564457,4168.66065438387,17.0630983403661,Uruguay,Latin America & Caribbean ,High income,Montevideo,-56.0675,-34.8941,False
URY,2005,7.4601321302473,5284.25677987129,20.0881895579305,Uruguay,Latin America & Caribbean ,High income,Montevideo,-56.0675,-34.8941,False
URY,2006,4.09857735445401,6001.33294783172,29.39999962,Uruguay,Latin America & Caribbean ,High income,Montevideo,-56.0675,-34.8941,False
URY,2007,6.54151084504817,7222.05403645877,34.0,Uruguay,Latin America & Caribbean ,High income,Montevideo,-56.0675,-34.8941,False
URY,2008,7.17614466455107,9423.96562595893,39.3,Uruguay,Latin America & Caribbean ,High income,Montevideo,-56.0675,-34.8941,False
URY,2009,4.24349419462426,9881.39573127081,41.8,Uruguay,Latin America & Caribbean ,High income,Montevideo,-56.0675,-34.8941,False
URY,2010,7.8034096507169,12641.0576849008,46.4,Uruguay,Latin America & Caribbean ,High income,Montevideo,-56.0675,-34.8941,False
URY,2011,5.16213302463606,15132.2675725587,51.4046610563616,Uruguay,Latin America & Caribbean ,High income,Montevideo,-56.0675,-34.8941,False
URY,2012,3.53817872056869,16259.5940814256,54.453768680746,Uruguay,Latin America & Caribbean ,High income,Montevideo,-56.0675,-34.8941,False
URY,2013,4.63753862902416,18335.2594772322,57.69,Uruguay,Latin America & Caribbean ,High income,Montevideo,-56.0675,-34.8941,False
URY,2014,3.23879122952364,18322.4276767157,61.4624951684405,Uruguay,Latin America & Caribbean ,High income,Montevideo,-56.0675,-34.8941,False
URY,2015,0.370741257681345,17125.9016800298,64.5707870971624,Uruguay,Latin America & Caribbean ,High income,Montevideo,-56.0675,-34.8941,False
URY,2016,1.68979822971775,17009.7584207276,66.40000153,Uruguay,Latin America & Caribbean ,High income,Montevideo,-56.0675,-34.8941,False
URY,2017,1.74037649141989,19184.6626114272,70.3223543994698,Uruguay,Latin America & Caribbean ,High income,Montevideo,-56.0675,-34.8941,False
URY,2018,0.164777608846705,19249.9404677501,80.7268428795854,Uruguay,Latin America & Caribbean ,High income,Montevideo,-56.0675,-34.8941,False
URY,2019,0.928351027546341,18315.7350377437,83.3515337667548,Uruguay,Latin America & Caribbean ,High income,Montevideo,-56.0675,-34.8941,False
URY,2020,-7.35732706897301,15757.5341990356,85.47100067,Uruguay,Latin America & Caribbean ,High income,Montevideo,-56.0675,-34.8941,False
URY,2021,5.84427325018082,17881.8119616753,87.64440155,Uruguay,Latin America & Caribbean ,High income,Montevideo,-56.0675,-34.8941,False
URY,2022,4.60623000920732,21009.2883798725,89.87304314,Uruguay,Latin America & Caribbean ,High income,Montevideo,-56.0675,-34.8941,False
URY,2023,0.761749241321681,23378.6399733516,90.92590332,Uruguay,Latin America & Caribbean ,High income,Montevideo,-56.0675,-34.8941,False
URY,2024,3.32575905957381,24308.4954958447,91.99109007,Uruguay,Latin America & Caribbean ,High income,Montevideo,-56.0675,-34.8941,False
USA,2000,4.07758575997799,36329.9702595751,43.0791626375201,United States,North America,High income,Washington D.C.,-77.032,38.8895,False
USA,2001,0.955538337599847,37133.6203973517,49.0808315896951,United States,North America,High income,Washington D.C.,-77.032,38.8895,False
USA,2002,1.70044733078285,37997.7424300242,58.7854038836952,United States,North America,High income,Washington D.C.,-77.032,38.8895,False
USA,2003,2.79560596378604,39490.3023903176,61.6971171244207,United States,North America,High income,Washington D.C.,-77.032,38.8895,False
USA,2004,3.84777169267127,41724.6411982614,64.7582564759896,United States,North America,High income,Washington D.C.,-77.032,38.8895,False
USA,2005,3.48354993710312,44123.3996470026,67.9681015,United States,North America,High income,Washington D.C.,-77.032,38.8895,False
USA,2006,2.78453963674239,46301.9876485519,68.93119812,United States,North America,High income,Washington D.C.,-77.032,38.8895,False
USA,2007,2.0038583039496,48050.227412195,75.0,United States,North America,High income,Washington D.C.,-77.032,38.8895,False
USA,2008,0.113587247501258,48570.0594269601,74.0,United States,North America,High income,Washington D.C.,-77.032,38.8895,False
USA,2009,-2.5765002366652,47194.9500893872,71.0,United States,North America,High income,Washington D.C.,-77.032,38.8895,False
USA,2010,2.69519258673525,48642.6312088213,71.69,United States,North America,High income,Washington D.C.,-77.032,38.8895,False
USA,2011,1.56440685205419,50024.8812320773,69.7294607619268,United States,North America,High income,Washington D.C.,-77.032,38.8895,False
USA,2012,2.28911339009767,51708.3940614082,74.7,United States,North America,High income,Washington D.C.,-77.032,38.8895,False
USA,2013,2.11783009443471,53297.3862901595,71.4,United States,North America,High income,Washington D.C.,-77.032,38.8895,False
USA,2014,2.52381981757846,55153.3940182967,73.0,United States,North America,High income,Washington D.C.,-77.032,38.8895,False
USA,2015,2.94555045227337,56849.4697923159,74.5542024462761,United States,North America,High income,Washington D.C.,-77.032,38.8895,False
USA,2016,1.81945147909089,57976.628204291,85.5444212887222,United States,North America,High income,Washington D.C.,-77.032,38.8895,False
USA,2017,2.45762230126449,60047.7190728307,87.2748891687657,United States,North America,High income,Washington D.C.,-77.032,38.8895,False
USA,2018,2.96650506701943,62875.6661382728,88.498903165152,United States,North America,High income,Washington D.C.,-77.032,38.8895,False
USA,2019,2.58382533052225,65227.9565911038,89.4302848575712,United States,North America,High income,Washington D.C.,-77.032,38.8895,False
USA,2020,-2.081375977796,64465.2971415748,90.34470367,United States,North America,High income,Washington D.C.,-77.032,38.8895,False
USA,2021,6.15202247867526,71441.2319805947,91.2684021,United States,North America,High income,Washington D.C.,-77.032,38.8895,False
USA,2022,2.52421385073222,78008.6895811877,92.72850037,United States,North America,High income,Washington D.C.,-77.032,38.8895,False
USA,2023,2.93436322440155,82586.7847707894,93.52559662,United States,North America,High income,Washington D.C.,-77.032,38.8895,False
USA,2024,2.79318715363841,86169.6641581917,94.69380188,United States,North America,High income,Washington D.C.,-77.032,38.8895,False
UZB,2000,3.83500000014025,555.149231099186,0.484347307694947,Uzbekistan,Europe & Central Asia,Lower middle income,Tashkent,69.269,41.3052,False
UZB,2001,4.16383824998903,454.415812256778,0.597567993875805,Uzbekistan,Europe & Central Asia,Lower middle income,Tashkent,69.269,41.3052,False
UZB,2002,3.97348819235708,381.409296889283,1.08193974248733,Uzbekistan,Europe & Central Asia,Lower middle income,Tashkent,69.269,41.3052,False
UZB,2003,4.23262738154382,394.164028897235,1.91259517784997,Uzbekistan,Europe & Central Asia,Lower middle income,Tashkent,69.269,41.3052,False
UZB,2004,7.4490006055965,462.171492867885,2.59372542084924,Uzbekistan,Europe & Central Asia,Lower middle income,Tashkent,69.269,41.3052,False
UZB,2005,6.95000719569107,542.835808692209,3.34350988825952,Uzbekistan,Europe & Central Asia,Lower middle income,Tashkent,69.269,41.3052,False
UZB,2006,7.45141847621767,649.118167003925,6.38832196706805,Uzbekistan,Europe & Central Asia,Lower middle income,Tashkent,69.269,41.3052,False
UZB,2007,9.47300530544537,824.028192334768,7.49060468138629,Uzbekistan,Europe & Central Asia,Lower middle income,Tashkent,69.269,41.3052,False
UZB,2008,9.02916101784781,1074.72928796701,9.0801145234501,Uzbekistan,Europe & Central Asia,Lower middle income,Tashkent,69.269,41.3052,False
UZB,2009,8.05093332733964,1205.7993547038,11.9,Uzbekistan,Europe & Central Asia,Lower middle income,Tashkent,69.269,41.3052,False
UZB,2010,7.5971679610016,1956.78127255673,15.89999962,Uzbekistan,Europe & Central Asia,Lower middle income,Tashkent,69.269,41.3052,False
UZB,2011,8.12793681625645,2338.55462817306,18.6,Uzbekistan,Europe & Central Asia,Lower middle income,Tashkent,69.269,41.3052,False
UZB,2012,7.35682138899483,2573.95586785056,23.60000038,Uzbekistan,Europe & Central Asia,Lower middle income,Tashkent,69.269,41.3052,False
UZB,2013,7.9217749261021,2781.38869470315,26.79999924,Uzbekistan,Europe & Central Asia,Lower middle income,Tashkent,69.269,41.3052,False
UZB,2014,7.71373911707978,3021.00331668049,35.5,Uzbekistan,Europe & Central Asia,Lower middle income,Tashkent,69.269,41.3052,False
UZB,2015,7.94477659311639,3172.89899391083,42.79999924,Uzbekistan,Europe & Central Asia,Lower middle income,Tashkent,69.269,41.3052,False
UZB,2016,6.71108022628,3128.42307170099,46.79130173,Uzbekistan,Europe & Central Asia,Lower middle income,Tashkent,69.269,41.3052,False
UZB,2017,4.70027401956061,2271.4730109511,48.6999988524556,Uzbekistan,Europe & Central Asia,Lower middle income,Tashkent,69.269,41.3052,False
UZB,2018,5.72368380757618,1894.09088741408,55.2000006732722,Uzbekistan,Europe & Central Asia,Lower middle income,Tashkent,69.269,41.3052,False
UZB,2019,6.79331098484522,2128.66067138334,70.3999986481458,Uzbekistan,Europe & Central Asia,Lower middle income,Tashkent,69.269,41.3052,False
UZB,2020,1.62162281640448,2087.96374711792,71.09999824,Uzbekistan,Europe & Central Asia,Lower middle income,Tashkent,69.269,41.3052,False
UZB,2021,8.20448512353877,2370.36480555669,76.59043014,Uzbekistan,Europe & Central Asia,Lower middle income,Tashkent,69.269,41.3052,False
UZB,2022,6.08592335737373,2698.60262953369,83.90000012,Uzbekistan,Europe & Central Asia,Lower middle income,Tashkent,69.269,41.3052,False
UZB,2023,6.31603004201926,3015.97705069457,89.01361047,Uzbekistan,Europe & Central Asia,Lower middle income,Tashkent,69.269,41.3052,False
UZB,2024,6.67618796188361,3337.45492058664,89.50550079,Uzbekistan,Europe & Central Asia,Lower middle income,Tashkent,69.269,41.3052,False
VCT,2000,1.63903190394467,3768.95536604022,3.24503741064558,St. Vincent and the Grenadines,Latin America & Caribbean ,Upper middle income,Kingstown,-61.2653,13.2035,False
VCT,2001,1.74823102028898,4071.08601098962,5.09480977832946,St. Vincent and the Grenadines,Latin America & Caribbean ,Upper middle income,Kingstown,-61.2653,13.2035,False
VCT,2002,5.34212707436718,4303.27976789727,5.54959487957379,St. Vincent and the Grenadines,Latin America & Caribbean ,Upper middle income,Kingstown,-61.2653,13.2035,False
VCT,2003,6.69133665352797,4499.61454193342,6.46227416659743,St. Vincent and the Grenadines,Latin America & Caribbean ,Upper middle income,Kingstown,-61.2653,13.2035,False
VCT,2004,4.11469880444737,4873.48947742443,7.37116584201749,St. Vincent and the Grenadines,Latin America & Caribbean ,Upper middle income,Kingstown,-61.2653,13.2035,False
VCT,2005,2.48855733938132,5157.39373878102,9.19827808234299,St. Vincent and the Grenadines,Latin America & Caribbean ,Upper middle income,Kingstown,-61.2653,13.2035,False
VCT,2006,6.99692626758825,5744.8278621257,12.0,St. Vincent and the Grenadines,Latin America & Caribbean ,Upper middle income,Kingstown,-61.2653,13.2035,False
VCT,2007,3.3229685982929,6398.19123532172,16.0,St. Vincent and the Grenadines,Latin America & Caribbean ,Upper middle income,Kingstown,-61.2653,13.2035,False
VCT,2008,0.404640808638888,6598.90531450859,21.0,St. Vincent and the Grenadines,Latin America & Caribbean ,Upper middle income,Kingstown,-61.2653,13.2035,False
VCT,2009,-1.3781936056056,6463.78777336717,31.0,St. Vincent and the Grenadines,Latin America & Caribbean ,Upper middle income,Kingstown,-61.2653,13.2035,False
VCT,2010,-4.47046793507802,6551.96835992405,33.70000076,St. Vincent and the Grenadines,Latin America & Caribbean ,Upper middle income,Kingstown,-61.2653,13.2035,False
VCT,2011,-0.60627665148327,6527.68996854448,36.70000076,St. Vincent and the Grenadines,Latin America & Caribbean ,Upper middle income,Kingstown,-61.2653,13.2035,False
VCT,2012,1.16911218376478,6713.80768643865,40.0,St. Vincent and the Grenadines,Latin America & Caribbean ,Upper middle income,Kingstown,-61.2653,13.2035,False
VCT,2013,2.4624841721544,7072.46737188939,43.5,St. Vincent and the Grenadines,Latin America & Caribbean ,Upper middle income,Kingstown,-61.2653,13.2035,False
VCT,2014,1.1457271877622,7168.82875342911,47.4,St. Vincent and the Grenadines,Latin America & Caribbean ,Upper middle income,Kingstown,-61.2653,13.2035,False
VCT,2015,2.78509791763551,7353.73556054184,49.40000153,St. Vincent and the Grenadines,Latin America & Caribbean ,Upper middle income,Kingstown,-61.2653,13.2035,False
VCT,2016,4.1496810046981,7656.90042881178,51.5,St. Vincent and the Grenadines,Latin America & Caribbean ,Upper middle income,Kingstown,-61.2653,13.2035,False
VCT,2017,1.54810173239956,7988.04445019298,53.70000076,St. Vincent and the Grenadines,Latin America & Caribbean ,Upper middle income,Kingstown,-61.2653,13.2035,False
VCT,2018,3.1756114423991,8428.12677153069,56.0,St. Vincent and the Grenadines,Latin America & Caribbean ,Upper middle income,Kingstown,-61.2653,13.2035,False
VCT,2019,0.668428481084234,8740.59425232061,59.57630157,St. Vincent and the Grenadines,Latin America & Caribbean ,Upper middle income,Kingstown,-61.2653,13.2035,False
VCT,2020,-4.26892434422649,8351.20324040982,63.38100052,St. Vincent and the Grenadines,Latin America & Caribbean ,Upper middle income,Kingstown,-61.2653,13.2035,False
VCT,2021,2.09340124465459,8641.27904024443,68.83339691,St. Vincent and the Grenadines,Latin America & Caribbean ,Upper middle income,Kingstown,-61.2653,13.2035,False
VCT,2022,3.1108330034352,9693.55867833025,74.75479889,St. Vincent and the Grenadines,Latin America & Caribbean ,Upper middle income,Kingstown,-61.2653,13.2035,False
VCT,2023,5.32636472098717,10582.3656725229,75.53679657,St. Vincent and the Grenadines,Latin America & Caribbean ,Upper middle income,Kingstown,-61.2653,13.2035,False
VCT,2024,4.06183490050209,11501.2265187188,76.19010162,St. Vincent and the Grenadines,Latin America & Caribbean ,Upper middle income,Kingstown,-61.2653,13.2035,False
VEN,2000,3.53535353535352,4776.2816763938,3.3595974645036,"Venezuela, RB",Latin America & Caribbean ,Lower middle income,Caracas,-69.8371,9.08165,True
VEN,2001,3.41463414634147,4920.39313600453,4.63600094778677,"Venezuela, RB",Latin America & Caribbean ,Lower middle income,Caracas,-69.8371,9.08165,True
VEN,2002,-8.72641509433961,3652.09896501865,4.91044632720325,"Venezuela, RB",Latin America & Caribbean ,Lower middle income,Caracas,-69.8371,9.08165,True
VEN,2003,-7.75193798449614,3229.50557082079,7.49996346522407,"Venezuela, RB",Latin America & Caribbean ,Lower middle income,Caracas,-69.8371,9.08165,True
VEN,2004,18.2072829131653,4269.08970872392,8.40446959241215,"Venezuela, RB",Latin America & Caribbean ,Lower middle income,Caracas,-69.8371,9.08165,True
VEN,2005,10.1895734597156,5432.4854184654,12.5529979098299,"Venezuela, RB",Latin America & Caribbean ,Lower middle income,Caracas,-69.8371,9.08165,True
VEN,2006,9.89247311827957,6739.38065342218,15.2247114771787,"Venezuela, RB",Latin America & Caribbean ,Lower middle income,Caracas,-69.8371,9.08165,True
VEN,2007,8.80626223091976,8331.62096991844,20.83,"Venezuela, RB",Latin America & Caribbean ,Lower middle income,Caracas,-69.8371,9.08165,True
VEN,2008,5.21582733812949,11262.4514256759,25.88,"Venezuela, RB",Latin America & Caribbean ,Lower middle income,Caracas,-69.8371,9.08165,True
VEN,2009,-3.07692307692308,11596.6021921731,32.7,"Venezuela, RB",Latin America & Caribbean ,Lower middle income,Caracas,-69.8371,9.08165,True
VEN,2010,-1.5873015873016,13646.3046622664,37.37,"Venezuela, RB",Latin America & Caribbean ,Lower middle income,Caracas,-69.8371,9.08165,True
VEN,2011,4.12186379928315,10843.9229703167,40.22,"Venezuela, RB",Latin America & Caribbean ,Lower middle income,Caracas,-69.8371,9.08165,True
VEN,2012,5.67986230636832,12582.0125686037,49.0500830729861,"Venezuela, RB",Latin America & Caribbean ,Lower middle income,Caracas,-69.8371,9.08165,True
VEN,2013,1.30293159609121,8642.37380007027,54.90000153,"Venezuela, RB",Latin America & Caribbean ,Lower middle income,Caracas,-69.8371,9.08165,True
VEN,2014,-3.85852090032154,7101.15006382986,57.0,"Venezuela, RB",Latin America & Caribbean ,Lower middle income,Caracas,-69.8371,9.08165,True
VEN,2015,-6.18729096989966,4096.61989137473,58.0,"Venezuela, RB",Latin America & Caribbean ,Lower middle income,Caracas,-69.8371,9.08165,True
VEN,2016,-17.1122994652406,3671.23004093383,60.0,"Venezuela, RB",Latin America & Caribbean ,Lower middle income,Caracas,-69.8371,9.08165,True
VEN,2017,-15.6989247311828,3791.63262049576,,"Venezuela, RB",Latin America & Caribbean ,Lower middle income,Caracas,-69.8371,9.08165,True
VEN,2018,-19.6428571428571,3421.51341607593,,"Venezuela, RB",Latin America & Caribbean ,Lower middle income,Caracas,-69.8371,9.08165,True
VEN,2019,-27.6190476190476,2523.11527549578,49.05009842,"Venezuela, RB",Latin America & Caribbean ,Lower middle income,Caracas,-69.8371,9.08165,True
VEN,2020,-29.8245614035088,1506.04169391285,72.44110107,"Venezuela, RB",Latin America & Caribbean ,Lower middle income,Caracas,-69.8371,9.08165,True
VEN,2021,0.625000000000014,2004.93572921136,74.11219788,"Venezuela, RB",Latin America & Caribbean ,Lower middle income,Caracas,-69.8371,9.08165,True
VEN,2022,8.07453416149069,3155.04190923584,75.82180023,"Venezuela, RB",Latin America & Caribbean ,Lower middle income,Caracas,-69.8371,9.08165,True
VEN,2023,4.02298850574712,3617.47038396528,76.33190155,"Venezuela, RB",Latin America & Caribbean ,Lower middle income,Caracas,-69.8371,9.08165,True
VEN,2024,5.52486187845305,4244.45723136019,76.67890167,"Venezuela, RB",Latin America & Caribbean ,Lower middle income,Caracas,-69.8371,9.08165,True
VGB,2002,,,18.8857412653447,British Virgin Islands,Latin America & Caribbean ,High income,Road Town,-64.623056,18.431389,False
VGB,2009,,,36.0,British Virgin Islands,Latin America & Caribbean ,High income,Road Town,-64.623056,18.431389,False
VGB,2010,,,37.0,British Virgin Islands,Latin America & Caribbean ,High income,Road Town,-64.623056,18.431389,False
VGB,2011,,,37.4,British Virgin Islands,Latin America & Caribbean ,High income,Road Town,-64.623056,18.431389,False
VGB,2012,,,37.6,British Virgin Islands,Latin America & Caribbean ,High income,Road Town,-64.623056,18.431389,False
VGB,2016,,,77.7014296797074,British Virgin Islands,Latin America & Caribbean ,High income,Road Town,-64.623056,18.431389,False
VGB,2017,,,77.7042682926829,British Virgin Islands,Latin America & Caribbean ,High income,Road Town,-64.623056,18.431389,False
VIR,2000,,,13.8150805419196,Virgin Islands (U.S.),Latin America & Caribbean ,High income,Charlotte Amalie,-64.8963,18.3358,False
VIR,2001,,,18.3757660397468,Virgin Islands (U.S.),Latin America & Caribbean ,High income,Charlotte Amalie,-64.8963,18.3358,False
VIR,2002,,30062.0225050457,27.4944323774436,Virgin Islands (U.S.),Latin America & Caribbean ,High income,Charlotte Amalie,-64.8963,18.3358,False
VIR,2003,-0.396080883885759,31731.2566241187,27.4290729887632,Virgin Islands (U.S.),Latin America & Caribbean ,High income,Charlotte Amalie,-64.8963,18.3358,False
VIR,2004,3.28589367936377,35006.3614404514,27.3770087880198,Virgin Islands (U.S.),Latin America & Caribbean ,High income,Charlotte Amalie,-64.8963,18.3358,False
VIR,2005,3.4853090172239,40828.7460927775,27.3443196733265,Virgin Islands (U.S.),Latin America & Caribbean ,High income,Charlotte Amalie,-64.8963,18.3358,False
VIR,2006,3.50499314666143,41377.1466009652,27.3326105376325,Virgin Islands (U.S.),Latin America & Caribbean ,High income,Charlotte Amalie,-64.8963,18.3358,False
VIR,2007,4.01059402194477,44158.5054044325,27.3393358364014,Virgin Islands (U.S.),Latin America & Caribbean ,High income,Charlotte Amalie,-64.8963,18.3358,False
VIR,2008,1.21862495452891,39152.3750657306,27.3617774210613,Virgin Islands (U.S.),Latin America & Caribbean ,High income,Charlotte Amalie,-64.8963,18.3358,False
VIR,2009,-6.59478885893981,38753.1825393897,27.3965096846662,Virgin Islands (U.S.),Latin America & Caribbean ,High income,Charlotte Amalie,-64.8963,18.3358,False
VIR,2010,0.596383224317051,39905.1284180994,31.22,Virgin Islands (U.S.),Latin America & Caribbean ,High income,Charlotte Amalie,-64.8963,18.3358,False
VIR,2011,-8.20424555364315,38997.1373164651,35.6,Virgin Islands (U.S.),Latin America & Caribbean ,High income,Charlotte Amalie,-64.8963,18.3358,False
VIR,2012,-14.8125,37795.3192590675,40.5479,Virgin Islands (U.S.),Latin America & Caribbean ,High income,Charlotte Amalie,-64.8963,18.3358,False
VIR,2013,-6.28515529469308,34597.9766940328,45.3,Virgin Islands (U.S.),Latin America & Caribbean ,High income,Charlotte Amalie,-64.8963,18.3358,False
VIR,2014,-1.77453027139875,33045.3643795999,50.07,Virgin Islands (U.S.),Latin America & Caribbean ,High income,Charlotte Amalie,-64.8963,18.3358,False
VIR,2015,-0.425079702444208,34007.3529411765,54.839137296,Virgin Islands (U.S.),Latin America & Caribbean ,High income,Charlotte Amalie,-64.8963,18.3358,False
VIR,2016,1.6008537886873,35324.9748874586,59.60831579895,Virgin Islands (U.S.),Latin America & Caribbean ,High income,Charlotte Amalie,-64.8963,18.3358,False
VIR,2017,-0.735294117647058,35365.0693039774,64.3774942980087,Virgin Islands (U.S.),Latin America & Caribbean ,High income,Charlotte Amalie,-64.8963,18.3358,False
VIR,2018,1.87830687830687,36663.2087550584,,Virgin Islands (U.S.),Latin America & Caribbean ,High income,Charlotte Amalie,-64.8963,18.3358,False
VIR,2019,2.90833549727343,38633.5298915336,,Virgin Islands (U.S.),Latin America & Caribbean ,High income,Charlotte Amalie,-64.8963,18.3358,False
VIR,2020,-1.61493817814787,39787.3741650202,,Virgin Islands (U.S.),Latin America & Caribbean ,High income,Charlotte Amalie,-64.8963,18.3358,False
VIR,2021,3.66760707873814,42571.0777368471,,Virgin Islands (U.S.),Latin America & Caribbean ,High income,Charlotte Amalie,-64.8963,18.3358,False
VIR,2022,-1.31123206333498,44320.909185774,,Virgin Islands (U.S.),Latin America & Caribbean ,High income,Charlotte Amalie,-64.8963,18.3358,False
VNM,2000,6.78731640463151,404.029784055118,0.254248275754934,Viet Nam,East Asia & Pacific,Upper middle income,Hanoi,105.825,21.0069,False
VNM,2001,6.19289331233377,419.205677580901,1.26565123612317,Viet Nam,East Asia & Pacific,Upper middle income,Hanoi,105.825,21.0069,False
VNM,2002,6.32082099160833,445.132861817313,1.85499923592581,Viet Nam,East Asia & Pacific,Upper middle income,Hanoi,105.825,21.0069,False
VNM,2003,6.89906349055258,497.117089249256,3.78028081370641,Viet Nam,East Asia & Pacific,Upper middle income,Hanoi,105.825,21.0069,False
VNM,2004,7.53641060890386,565.452284586212,7.64240852842363,Viet Nam,East Asia & Pacific,Upper middle income,Hanoi,105.825,21.0069,False
VNM,2005,7.54724772895918,710.746759994861,12.7399292907031,Viet Nam,East Asia & Pacific,Upper middle income,Hanoi,105.825,21.0069,False
VNM,2006,6.97795481056711,807.756645117054,17.2545617186662,Viet Nam,East Asia & Pacific,Upper middle income,Hanoi,105.825,21.0069,False
VNM,2007,7.12950448605439,925.640338348717,20.7554447679753,Viet Nam,East Asia & Pacific,Upper middle income,Hanoi,105.825,21.0069,False
VNM,2008,5.66177120891362,1163.83195772873,23.92,Viet Nam,East Asia & Pacific,Upper middle income,Hanoi,105.825,21.0069,False
VNM,2009,5.39789754014181,1226.16976051536,26.55,Viet Nam,East Asia & Pacific,Upper middle income,Hanoi,105.825,21.0069,False
VNM,2010,6.42324482239482,1683.16182443979,30.65,Viet Nam,East Asia & Pacific,Upper middle income,Hanoi,105.825,21.0069,False
VNM,2011,6.41316889681683,1950.92504174913,35.07,Viet Nam,East Asia & Pacific,Upper middle income,Hanoi,105.825,21.0069,False
VNM,2012,5.5045447041189,2185.11767654291,36.79999924,Viet Nam,East Asia & Pacific,Upper middle income,Hanoi,105.825,21.0069,False
VNM,2013,5.55351081026072,2359.51736472828,38.5,Viet Nam,East Asia & Pacific,Upper middle income,Hanoi,105.825,21.0069,False
VNM,2014,6.42224312118567,2546.38464459903,41.0,Viet Nam,East Asia & Pacific,Upper middle income,Hanoi,105.825,21.0069,False
VNM,2015,6.98715430598611,2577.56885340113,45.0,Viet Nam,East Asia & Pacific,Upper middle income,Hanoi,105.825,21.0069,False
VNM,2016,6.69000892660424,2735.0604380416,53.0,Viet Nam,East Asia & Pacific,Upper middle income,Hanoi,105.825,21.0069,False
VNM,2017,6.94019037359206,2956.10992127753,58.1400000036297,Viet Nam,East Asia & Pacific,Upper middle income,Hanoi,105.825,21.0069,False
VNM,2018,7.46500685572751,3222.31003125366,69.8479286837965,Viet Nam,East Asia & Pacific,Upper middle income,Hanoi,105.825,21.0069,False
VNM,2019,7.35926270105006,3440.90025375434,68.6615802057338,Viet Nam,East Asia & Pacific,Upper middle income,Hanoi,105.825,21.0069,False
VNM,2020,2.86541320912272,3534.03953482647,70.30000012,Viet Nam,East Asia & Pacific,Upper middle income,Hanoi,105.825,21.0069,False
VNM,2021,2.55372852648131,3704.1935590038,74.20999985,Viet Nam,East Asia & Pacific,Upper middle income,Hanoi,105.825,21.0069,False
VNM,2022,8.53750041218142,4147.69777213621,78.58999918,Viet Nam,East Asia & Pacific,Upper middle income,Hanoi,105.825,21.0069,False
VNM,2023,4.97865959483225,4322.82572261566,78.08,Viet Nam,East Asia & Pacific,Upper middle income,Hanoi,105.825,21.0069,False
VNM,2024,7.03955197123018,4716.6599379632,84.15,Viet Nam,East Asia & Pacific,Upper middle income,Hanoi,105.825,21.0069,False
VUT,2000,5.92480905652918,1460.23817692229,2.10833689115184,Vanuatu,East Asia & Pacific,Lower middle income,Port-Vila,168.321,-17.7404,False
VUT,2001,-3.39758248938266,1350.18338238522,2.83057223877678,Vanuatu,East Asia & Pacific,Lower middle income,Port-Vila,168.321,-17.7404,False
VUT,2002,-5.19831875936025,1340.71537528287,3.51003871071264,Vanuatu,East Asia & Pacific,Lower middle income,Port-Vila,168.321,-17.7404,False
VUT,2003,4.28833511695457,1566.51396790858,3.90329584542948,Vanuatu,East Asia & Pacific,Lower middle income,Port-Vila,168.321,-17.7404,False
VUT,2004,3.98739280216959,1774.31867585894,4.74660261917533,Vanuatu,East Asia & Pacific,Lower middle income,Port-Vila,168.321,-17.7404,False
VUT,2005,5.30532647259227,1873.99142640619,5.082300186,Vanuatu,East Asia & Pacific,Lower middle income,Port-Vila,168.321,-17.7404,False
VUT,2006,8.46069747205426,2034.79289624351,5.850599766,Vanuatu,East Asia & Pacific,Lower middle income,Port-Vila,168.321,-17.7404,False
VUT,2007,2.87589228775376,2333.70506748914,6.800000191,Vanuatu,East Asia & Pacific,Lower middle income,Port-Vila,168.321,-17.7404,False
VUT,2008,5.60099182147225,2603.60883136724,7.26911992337492,Vanuatu,East Asia & Pacific,Lower middle income,Port-Vila,168.321,-17.7404,False
VUT,2009,3.03730354099639,2546.38324565986,7.5,Vanuatu,East Asia & Pacific,Lower middle income,Port-Vila,168.321,-17.7404,False
VUT,2010,1.25886720329254,2815.18828985779,8.0,Vanuatu,East Asia & Pacific,Lower middle income,Port-Vila,168.321,-17.7404,False
VUT,2011,3.13980290023437,3163.1861645138,9.199999809,Vanuatu,East Asia & Pacific,Lower middle income,Port-Vila,168.321,-17.7404,False
VUT,2012,1.01004768692017,3004.78416664293,10.59799957,Vanuatu,East Asia & Pacific,Lower middle income,Port-Vila,168.321,-17.7404,False
VUT,2013,0.463390415135436,3392.56675091682,11.30000019,Vanuatu,East Asia & Pacific,Lower middle income,Port-Vila,168.321,-17.7404,False
VUT,2014,3.10512947273315,3378.36411965135,18.79999924,Vanuatu,East Asia & Pacific,Lower middle income,Port-Vila,168.321,-17.7404,False
VUT,2015,3.50101268962098,3214.41948587141,22.35140038,Vanuatu,East Asia & Pacific,Lower middle income,Port-Vila,168.321,-17.7404,False
VUT,2016,3.61980830670927,3339.83436471043,,Vanuatu,East Asia & Pacific,Lower middle income,Port-Vila,168.321,-17.7404,False
VUT,2017,4.22332192519966,3585.31798081216,,Vanuatu,East Asia & Pacific,Lower middle income,Port-Vila,168.321,-17.7404,False
VUT,2018,2.51532789491979,3626.18862522473,,Vanuatu,East Asia & Pacific,Lower middle income,Port-Vila,168.321,-17.7404,False
VUT,2019,3.27677257380314,3635.62344878185,,Vanuatu,East Asia & Pacific,Lower middle income,Port-Vila,168.321,-17.7404,False
VUT,2020,-5.72530282073851,3404.30359167624,,Vanuatu,East Asia & Pacific,Lower middle income,Port-Vila,168.321,-17.7404,False
VUT,2021,-1.16332488626091,3576.13770954363,,Vanuatu,East Asia & Pacific,Lower middle income,Port-Vila,168.321,-17.7404,False
VUT,2022,5.59195729750803,3679.53524327491,,Vanuatu,East Asia & Pacific,Lower middle income,Port-Vila,168.321,-17.7404,False
VUT,2023,5.82973013269719,3708.18942411253,,Vanuatu,East Asia & Pacific,Lower middle income,Port-Vila,168.321,-17.7404,False
VUT,2024,3.76564827114278,3959.87703462363,,Vanuatu,East Asia & Pacific,Lower middle income,Port-Vila,168.321,-17.7404,False
WSM,2000,5.09304469244418,1424.75240002471,0.566392532680849,Samoa,East Asia & Pacific,Upper middle income,Apia,-171.752,-13.8314,False
WSM,2001,7.39012906172989,1453.87021324606,1.68990283058724,Samoa,East Asia & Pacific,Upper middle income,Apia,-171.752,-13.8314,False
WSM,2002,5.65195919890348,1527.55790455937,2.24483267578443,Samoa,East Asia & Pacific,Upper middle income,Apia,-171.752,-13.8314,False
WSM,2003,5.21262892634149,1798.12429714048,2.79963044878076,Samoa,East Asia & Pacific,Upper middle income,Apia,-171.752,-13.8314,False
WSM,2004,3.0872602379675,2189.26042607992,3.07552941044897,Samoa,East Asia & Pacific,Upper middle income,Apia,-171.752,-13.8314,False
WSM,2005,6.63920361300734,2550.04221437511,3.35259211246829,Samoa,East Asia & Pacific,Upper middle income,Apia,-171.752,-13.8314,False
WSM,2006,2.13212714677351,2663.29135939532,4.46917387320954,Samoa,East Asia & Pacific,Upper middle income,Apia,-171.752,-13.8314,False
WSM,2007,0.485982550017255,3038.61904093377,4.75,Samoa,East Asia & Pacific,Upper middle income,Apia,-171.752,-13.8314,False
WSM,2008,3.55610467395,3373.60639884263,5.031599998,Samoa,East Asia & Pacific,Upper middle income,Apia,-171.752,-13.8314,False
WSM,2009,-0.541677601834593,3279.18269477295,6.0,Samoa,East Asia & Pacific,Upper middle income,Apia,-171.752,-13.8314,False
WSM,2010,6.1247199226125,3524.2479246203,7.0,Samoa,East Asia & Pacific,Upper middle income,Apia,-171.752,-13.8314,False
WSM,2011,3.84907794660396,3821.50678264479,11.0,Samoa,East Asia & Pacific,Upper middle income,Apia,-171.752,-13.8314,False
WSM,2012,-3.73213020890266,3934.60320799981,12.92249966,Samoa,East Asia & Pacific,Upper middle income,Apia,-171.752,-13.8314,False
WSM,2013,0.107293276488932,4023.5254013825,15.30000019,Samoa,East Asia & Pacific,Upper middle income,Apia,-171.752,-13.8314,False
WSM,2014,0.659923768782861,3982.68080202084,21.20000076,Samoa,East Asia & Pacific,Upper middle income,Apia,-171.752,-13.8314,False
WSM,2015,3.8503618166494,4084.36083819933,,Samoa,East Asia & Pacific,Upper middle income,Apia,-171.752,-13.8314,False
WSM,2016,7.9838628784713,4147.07097674888,,Samoa,East Asia & Pacific,Upper middle income,Apia,-171.752,-13.8314,False
WSM,2017,1.40628239971301,4307.59381964907,,Samoa,East Asia & Pacific,Upper middle income,Apia,-171.752,-13.8314,False
WSM,2018,-0.609647103380141,4231.81409469194,,Samoa,East Asia & Pacific,Upper middle income,Apia,-171.752,-13.8314,False
WSM,2019,4.45185891688691,4351.94234943706,,Samoa,East Asia & Pacific,Upper middle income,Apia,-171.752,-13.8314,False
WSM,2020,-3.10864485863991,4099.59660548583,,Samoa,East Asia & Pacific,Upper middle income,Apia,-171.752,-13.8314,False
WSM,2021,-5.04350589708287,4021.55934894283,,Samoa,East Asia & Pacific,Upper middle income,Apia,-171.752,-13.8314,False
WSM,2022,2.26705310780669,4132.44717734444,,Samoa,East Asia & Pacific,Upper middle income,Apia,-171.752,-13.8314,False
WSM,2023,15.233606465518,4822.74084650019,,Samoa,East Asia & Pacific,Upper middle income,Apia,-171.752,-13.8314,False
WSM,2024,4.7483863916535,5392.87761915762,,Samoa,East Asia & Pacific,Upper middle income,Apia,-171.752,-13.8314,False
XKX,2008,,2889.14677086951,,Kosovo,Europe & Central Asia,Upper middle income,Pristina,20.926,42.565,True
XKX,2009,5.03485413839893,2805.94692985371,,Kosovo,Europe & Central Asia,Upper middle income,Pristina,20.926,42.565,True
XKX,2010,4.93995095961395,2987.54523493128,,Kosovo,Europe & Central Asia,Upper middle income,Pristina,20.926,42.565,True
XKX,2011,6.31981022896761,3538.94809762524,,Kosovo,Europe & Central Asia,Upper middle income,Pristina,20.926,42.565,True
XKX,2012,1.71219595890548,3410.65497983011,,Kosovo,Europe & Central Asia,Upper middle income,Pristina,20.926,42.565,True
XKX,2013,5.34079911900278,3704.55812411167,,Kosovo,Europe & Central Asia,Upper middle income,Pristina,20.926,42.565,True
XKX,2014,3.34880478431623,3902.49322261901,,Kosovo,Europe & Central Asia,Upper middle income,Pristina,20.926,42.565,True
XKX,2015,5.91623128345211,3520.62685324451,,Kosovo,Europe & Central Asia,Upper middle income,Pristina,20.926,42.565,True
XKX,2016,5.57177504731632,3759.44777525332,,Kosovo,Europe & Central Asia,Upper middle income,Pristina,20.926,42.565,True
XKX,2017,4.82565565298054,4009.32022064732,83.8935968102791,Kosovo,Europe & Central Asia,Upper middle income,Pristina,20.926,42.565,True
XKX,2018,3.40663227056285,4384.18796440547,89.4430319734879,Kosovo,Europe & Central Asia,Upper middle income,Pristina,20.926,42.565,True
XKX,2019,4.75680057007834,4415.6992744623,,Kosovo,Europe & Central Asia,Upper middle income,Pristina,20.926,42.565,True
XKX,2020,-5.34027547826166,4320.58382547288,,Kosovo,Europe & Central Asia,Upper middle income,Pristina,20.926,42.565,True
XKX,2021,10.7456560819583,5269.69946181439,,Kosovo,Europe & Central Asia,Upper middle income,Pristina,20.926,42.565,True
XKX,2022,4.27849895827543,5298.1473871027,,Kosovo,Europe & Central Asia,Upper middle income,Pristina,20.926,42.565,True
XKX,2023,4.06762701436438,6220.33213919344,,Kosovo,Europe & Central Asia,Upper middle income,Pristina,20.926,42.565,True
XKX,2024,4.5730971681166,7026.6988128325,,Kosovo,Europe & Central Asia,Upper middle income,Pristina,20.926,42.565,True
YEM,2000,6.1819155928913,493.235182634814,0.0825003865143108,"Yemen, Rep.","Middle East, North Africa, Afghanistan & Pakistan",Low income,Sana'a,44.2075,15.352,True
YEM,2001,3.80364587188127,487.141257946318,0.0908024587169292,"Yemen, Rep.","Middle East, North Africa, Afghanistan & Pakistan",Low income,Sana'a,44.2075,15.352,True
YEM,2002,3.9352315052778,513.241486570603,0.518796032123435,"Yemen, Rep.","Middle East, North Africa, Afghanistan & Pakistan",Low income,Sana'a,44.2075,15.352,True
YEM,2003,3.74739818489111,548.905883049973,0.604734100431821,"Yemen, Rep.","Middle East, North Africa, Afghanistan & Pakistan",Low income,Sana'a,44.2075,15.352,True
YEM,2004,3.972696401183,627.632023395762,0.881222988679516,"Yemen, Rep.","Middle East, North Africa, Afghanistan & Pakistan",Low income,Sana'a,44.2075,15.352,True
YEM,2005,5.59174807563268,734.159908450927,1.048599958,"Yemen, Rep.","Middle East, North Africa, Afghanistan & Pakistan",Low income,Sana'a,44.2075,15.352,True
YEM,2006,3.17040935922364,809.713127624703,1.24782404904485,"Yemen, Rep.","Middle East, North Africa, Afghanistan & Pakistan",Low income,Sana'a,44.2075,15.352,True
YEM,2007,3.33842795605096,890.305768114988,5.01,"Yemen, Rep.","Middle East, North Africa, Afghanistan & Pakistan",Low income,Sana'a,44.2075,15.352,True
YEM,2008,3.64756947012633,1071.63583282105,6.89,"Yemen, Rep.","Middle East, North Africa, Afghanistan & Pakistan",Low income,Sana'a,44.2075,15.352,True
YEM,2009,3.86622951587742,969.243509864478,9.96,"Yemen, Rep.","Middle East, North Africa, Afghanistan & Pakistan",Low income,Sana'a,44.2075,15.352,True
YEM,2010,7.70128607527964,1155.20305261418,12.35,"Yemen, Rep.","Middle East, North Africa, Afghanistan & Pakistan",Low income,Sana'a,44.2075,15.352,True
YEM,2011,-12.7148969035133,1186.47500581215,14.90499973,"Yemen, Rep.","Middle East, North Africa, Afghanistan & Pakistan",Low income,Sana'a,44.2075,15.352,True
YEM,2012,2.39299021364694,1245.05068272078,17.44650078,"Yemen, Rep.","Middle East, North Africa, Afghanistan & Pakistan",Low income,Sana'a,44.2075,15.352,True
YEM,2013,4.82351908493912,1378.75002954928,20.0,"Yemen, Rep.","Middle East, North Africa, Afghanistan & Pakistan",Low income,Sana'a,44.2075,15.352,True
YEM,2014,-0.188690241954504,1430.16420964026,22.54999924,"Yemen, Rep.","Middle East, North Africa, Afghanistan & Pakistan",Low income,Sana'a,44.2075,15.352,True
YEM,2015,-27.9945462502541,1362.1738120601,24.08539963,"Yemen, Rep.","Middle East, North Africa, Afghanistan & Pakistan",Low income,Sana'a,44.2075,15.352,True
YEM,2016,-9.37512379736752,975.359417003225,24.57920074,"Yemen, Rep.","Middle East, North Africa, Afghanistan & Pakistan",Low income,Sana'a,44.2075,15.352,True
YEM,2017,-5.07179568062152,811.165970405745,,"Yemen, Rep.","Middle East, North Africa, Afghanistan & Pakistan",Low income,Sana'a,44.2075,15.352,True
YEM,2018,0.752447592962554,633.887202451545,,"Yemen, Rep.","Middle East, North Africa, Afghanistan & Pakistan",Low income,Sana'a,44.2075,15.352,True
YEM,2019,,,17.49099922,"Yemen, Rep.","Middle East, North Africa, Afghanistan & Pakistan",Low income,Sana'a,44.2075,15.352,True
ZAF,2000,4.20000000067826,3217.84693448467,5.34855973203537,South Africa,Sub-Saharan Africa ,Upper middle income,Pretoria,28.1871,-25.746,False
ZAF,2001,2.70000000019104,2847.15191945908,6.34661931839768,South Africa,Sub-Saharan Africa ,Upper middle income,Pretoria,28.1871,-25.746,False
ZAF,2002,3.70037440406668,2688.23676032806,6.71032243705404,South Africa,Sub-Saharan Africa ,Upper middle income,Pretoria,28.1871,-25.746,False
ZAF,2003,2.94907546754213,4062.21755993786,7.00769172611251,South Africa,Sub-Saharan Africa ,Upper middle income,Pretoria,28.1871,-25.746,False
ZAF,2004,4.55455990721774,5221.46333731721,8.4251186825406,South Africa,Sub-Saharan Africa ,Upper middle income,Pretoria,28.1871,-25.746,False
ZAF,2005,5.27705197295467,5836.87663325127,7.48854252992921,South Africa,Sub-Saharan Africa ,Upper middle income,Pretoria,28.1871,-25.746,False
ZAF,2006,5.60380645895889,6077.38293388876,7.60713967477381,South Africa,Sub-Saharan Africa ,Upper middle income,Pretoria,28.1871,-25.746,False
ZAF,2007,5.36047405394162,6591.85535960564,8.06537517355504,South Africa,Sub-Saharan Africa ,Upper middle income,Pretoria,28.1871,-25.746,False
ZAF,2008,3.1910438863288,6184.75474328399,8.43,South Africa,Sub-Saharan Africa ,Upper middle income,Pretoria,28.1871,-25.746,False
ZAF,2009,-1.53808913525583,6374.70560042992,10.0,South Africa,Sub-Saharan Africa ,Upper middle income,Pretoria,28.1871,-25.746,False
ZAF,2010,3.03973288127956,7973.47195771517,24.0,South Africa,Sub-Saharan Africa ,Upper middle income,Pretoria,28.1871,-25.746,False
ZAF,2011,3.16855627858818,8646.05571071635,33.97,South Africa,Sub-Saharan Africa ,Upper middle income,Pretoria,28.1871,-25.746,False
ZAF,2012,2.39623238465745,8076.97678479741,41.0,South Africa,Sub-Saharan Africa ,Upper middle income,Pretoria,28.1871,-25.746,False
ZAF,2013,2.48546800826588,7331.65467384919,46.5,South Africa,Sub-Saharan Africa ,Upper middle income,Pretoria,28.1871,-25.746,False
ZAF,2014,1.41382645223793,6856.73137092522,49.0,South Africa,Sub-Saharan Africa ,Upper middle income,Pretoria,28.1871,-25.746,False
ZAF,2015,1.32186223678229,6112.27382485974,51.91910172,South Africa,Sub-Saharan Africa ,Upper middle income,Pretoria,28.1871,-25.746,False
ZAF,2016,0.664552307858116,5651.20585165749,54.0,South Africa,Sub-Saharan Africa ,Upper middle income,Pretoria,28.1871,-25.746,False
ZAF,2017,1.15794695181735,6618.33508255701,56.16740036,South Africa,Sub-Saharan Africa ,Upper middle income,Pretoria,28.1871,-25.746,False
ZAF,2018,1.55678384721676,6914.1780318076,62.40000153,South Africa,Sub-Saharan Africa ,Upper middle income,Pretoria,28.1871,-25.746,False
ZAF,2019,0.25993557687633,6533.71121032856,69.69689941,South Africa,Sub-Saharan Africa ,Upper middle income,Pretoria,28.1871,-25.746,False
ZAF,2020,-6.1689177146757,5580.60383075189,72.1128006,South Africa,Sub-Saharan Africa ,Upper middle income,Pretoria,28.1871,-25.746,False
ZAF,2021,4.85864865060148,6828.75624590017,74.96859741,South Africa,Sub-Saharan Africa ,Upper middle income,Pretoria,28.1871,-25.746,False
ZAF,2022,2.05813661692193,6534.24867783397,78.29319763,South Africa,Sub-Saharan Africa ,Upper middle income,Pretoria,28.1871,-25.746,False
ZAF,2023,0.80610455095804,6034.27208964673,78.33670044,South Africa,Sub-Saharan Africa ,Upper middle income,Pretoria,28.1871,-25.746,False
ZAF,2024,0.534843531905139,6267.186814093,78.35759735,South Africa,Sub-Saharan Africa ,Upper middle income,Pretoria,28.1871,-25.746,False
ZMB,2000,3.89732294341896,359.429500988221,0.191071642503428,Zambia,Sub-Saharan Africa ,Lower middle income,Lusaka,28.2937,-15.3982,False
ZMB,2001,5.31686827418419,396.548952993504,0.233129556342332,Zambia,Sub-Saharan Africa ,Lower middle income,Lusaka,28.2937,-15.3982,False
ZMB,2002,4.50601428032604,393.864625518616,0.477750906947484,Zambia,Sub-Saharan Africa ,Lower middle income,Lusaka,28.2937,-15.3982,False
ZMB,2003,6.94497398221223,446.290104839041,0.980483039426114,Zambia,Sub-Saharan Africa ,Lower middle income,Lusaka,28.2937,-15.3982,False
ZMB,2004,7.03239511515218,548.685974566277,1.1,Zambia,Sub-Saharan Africa ,Lower middle income,Lusaka,28.2937,-15.3982,False
ZMB,2005,7.23559900655543,710.982068171696,1.299999952,Zambia,Sub-Saharan Africa ,Lower middle income,Lusaka,28.2937,-15.3982,False
ZMB,2006,7.90369444480079,1051.71714895686,1.600000024,Zambia,Sub-Saharan Africa ,Lower middle income,Lusaka,28.2937,-15.3982,False
ZMB,2007,8.35243624447406,1118.73162626953,1.899999976,Zambia,Sub-Saharan Africa ,Lower middle income,Lusaka,28.2937,-15.3982,False
ZMB,2008,7.77389581542363,1375.50211006997,2.200000048,Zambia,Sub-Saharan Africa ,Lower middle income,Lusaka,28.2937,-15.3982,False
ZMB,2009,9.2203484058663,1136.24168316848,2.5,Zambia,Sub-Saharan Africa ,Lower middle income,Lusaka,28.2937,-15.3982,False
ZMB,2010,10.2982233241213,1451.10616017155,3.0,Zambia,Sub-Saharan Africa ,Lower middle income,Lusaka,28.2937,-15.3982,False
ZMB,2011,5.56925219263019,1624.86817763443,3.5,Zambia,Sub-Saharan Africa ,Lower middle income,Lusaka,28.2937,-15.3982,False
ZMB,2012,7.59738104901994,1710.05061343728,4.099999905,Zambia,Sub-Saharan Africa ,Lower middle income,Lusaka,28.2937,-15.3982,False
ZMB,2013,5.05753695047252,1820.71854827391,4.8,Zambia,Sub-Saharan Africa ,Lower middle income,Lusaka,28.2937,-15.3982,False
ZMB,2014,4.69328316376705,1707.48573136694,6.5,Zambia,Sub-Saharan Africa ,Lower middle income,Lusaka,28.2937,-15.3982,False
ZMB,2015,2.92037511217961,1295.87788680068,8.8,Zambia,Sub-Saharan Africa ,Lower middle income,Lusaka,28.2937,-15.3982,False
ZMB,2016,3.75510031678988,1239.08527877713,10.30000019,Zambia,Sub-Saharan Africa ,Lower middle income,Lusaka,28.2937,-15.3982,False
ZMB,2017,3.52586277149926,1483.46577328065,12.19999981,Zambia,Sub-Saharan Africa ,Lower middle income,Lusaka,28.2937,-15.3982,False
ZMB,2018,4.03449389667165,1463.89997855593,14.2999970950012,Zambia,Sub-Saharan Africa ,Lower middle income,Lusaka,28.2937,-15.3982,False
ZMB,2019,1.44130602603785,1258.98619844462,14.47189999,Zambia,Sub-Saharan Africa ,Lower middle income,Lusaka,28.2937,-15.3982,False
ZMB,2020,-2.78505506545167,951.644316655957,14.64579964,Zambia,Sub-Saharan Africa ,Lower middle income,Lusaka,28.2937,-15.3982,False
ZMB,2021,6.23492204726448,1127.16077872857,14.82190037,Zambia,Sub-Saharan Africa ,Lower middle income,Lusaka,28.2937,-15.3982,False
ZMB,2022,5.21122360356247,1447.12310138035,15.0,Zambia,Sub-Saharan Africa ,Lower middle income,Lusaka,28.2937,-15.3982,False
ZMB,2023,5.36794285493059,1330.72780576709,16.45070076,Zambia,Sub-Saharan Africa ,Lower middle income,Lusaka,28.2937,-15.3982,False
ZMB,2024,3.82004825518591,1187.10943350064,17.10099983,Zambia,Sub-Saharan Africa ,Lower middle income,Lusaka,28.2937,-15.3982,False
ZWE,2000,-3.05911780575599,562.833757496076,0.401433535211582,Zimbabwe,Sub-Saharan Africa ,Lower middle income,Harare,31.0672,-17.8312,True
ZWE,2001,1.43951727721958,566.388746448872,0.799846045633137,Zimbabwe,Sub-Saharan Africa ,Lower middle income,Harare,31.0672,-17.8312,True
ZWE,2002,-8.89401285792752,524.936478570323,1.1,Zimbabwe,Sub-Saharan Africa ,Lower middle income,Harare,31.0672,-17.8312,True
ZWE,2003,-16.9950733355763,468.471932927213,1.8,Zimbabwe,Sub-Saharan Africa ,Lower middle income,Harare,31.0672,-17.8312,True
ZWE,2004,-5.80753964196205,469.719298949304,2.1,Zimbabwe,Sub-Saharan Africa ,Lower middle income,Harare,31.0672,-17.8312,True
ZWE,2005,-5.71112541241364,461.271387547912,2.400000095,Zimbabwe,Sub-Saharan Africa ,Lower middle income,Harare,31.0672,-17.8312,True
ZWE,2006,-3.46140290336963,431.034994414964,2.400000095,Zimbabwe,Sub-Saharan Africa ,Lower middle income,Harare,31.0672,-17.8312,True
ZWE,2007,-3.653250914872,413.521244592925,3.0,Zimbabwe,Sub-Saharan Africa ,Lower middle income,Harare,31.0672,-17.8312,True
ZWE,2008,-17.6689987958491,340.917447588572,3.5,Zimbabwe,Sub-Saharan Africa ,Lower middle income,Harare,31.0672,-17.8312,True
ZWE,2009,13.2720546167979,735.821693871697,4.0,Zimbabwe,Sub-Saharan Africa ,Lower middle income,Harare,31.0672,-17.8312,True
ZWE,2010,19.6754077019323,902.010759067388,6.400000095,Zimbabwe,Sub-Saharan Africa ,Lower middle income,Harare,31.0672,-17.8312,True
ZWE,2011,14.1939156801139,1037.77565157218,8.399999619,Zimbabwe,Sub-Saharan Africa ,Lower middle income,Harare,31.0672,-17.8312,True
ZWE,2012,16.6654290410337,1239.22709745709,12.0,Zimbabwe,Sub-Saharan Africa ,Lower middle income,Harare,31.0672,-17.8312,True
ZWE,2013,1.98948554025198,1362.99498323368,15.5,Zimbabwe,Sub-Saharan Africa ,Lower middle income,Harare,31.0672,-17.8312,True
ZWE,2014,2.37698561663417,1372.91526173161,16.3647399572904,Zimbabwe,Sub-Saharan Africa ,Lower middle income,Harare,31.0672,-17.8312,True
ZWE,2015,1.77985356392176,1387.12632595026,22.74279976,Zimbabwe,Sub-Saharan Africa ,Lower middle income,Harare,31.0672,-17.8312,True
ZWE,2016,0.75579405855224,1408.13945253431,23.12000084,Zimbabwe,Sub-Saharan Africa ,Lower middle income,Harare,31.0672,-17.8312,True
ZWE,2017,4.73441117758482,3445.44941020134,24.39999962,Zimbabwe,Sub-Saharan Africa ,Lower middle income,Harare,31.0672,-17.8312,True
ZWE,2018,5.00992154297603,2270.89531874302,25.0,Zimbabwe,Sub-Saharan Africa ,Lower middle income,Harare,31.0672,-17.8312,True
ZWE,2019,-6.33244976028571,2184.52155388801,26.5883007,Zimbabwe,Sub-Saharan Africa ,Lower middle income,Harare,31.0672,-17.8312,True
ZWE,2020,-7.81695060188729,2059.63704025274,29.29856532,Zimbabwe,Sub-Saharan Africa ,Lower middle income,Harare,31.0672,-17.8312,True
ZWE,2021,8.46801676808001,2613.6167414057,32.5923996,Zimbabwe,Sub-Saharan Africa ,Lower middle income,Harare,31.0672,-17.8312,True
ZWE,2022,6.13926327570213,2536.40197087505,36.25650024,Zimbabwe,Sub-Saharan Africa ,Lower middle income,Harare,31.0672,-17.8312,True
ZWE,2023,5.3508687909833,2195.22502010174,38.67480087,Zimbabwe,Sub-Saharan Africa ,Lower middle income,Harare,31.0672,-17.8312,True
ZWE,2024,1.67649454921512,2496.15514995576,41.64279938,Zimbabwe,Sub-Saharan Africa ,Lower middle income,Harare,31.0672,-17.8312,True
